2026-08-02 21:26:32 | INFO | Registered parser: hadolint
2026-08-02 21:26:32 | INFO | Registered parser: trivy
2026-08-02 21:26:32 | INFO | Registered parser: gitleaks
2026-08-02 21:26:32 | INFO | Registered parser: zap
2026-08-02 21:26:32 | INFO | === STAGE 1: Pre-flight Checks ===
2026-08-02 21:26:32 | INFO | Pre-flight Checks Passed.
2026-08-02 21:26:32 | INFO | === STAGE 2: Running Scanners ===
2026-08-02 21:26:32 | INFO | Running Gitleaks scanner (security/secrets/gitleaks.sh)...
2026-08-02 21:26:37 | INFO | Gitleaks scanner completed successfully.
2026-08-02 21:26:37 | INFO | Running Hadolint scanner (security/container/hadolint.sh)...
2026-08-02 21:26:39 | WARNING | Hadolint scanner exited with code 1
2026-08-02 21:26:39 | INFO | Running Trivy scanner (security/container/trivy.sh)...
2026-08-02 21:29:42 | INFO | Trivy scanner completed successfully.
2026-08-02 21:29:42 | INFO | Running ZAP scanner (security/dast/zap.sh)...
2026-08-02 22:05:15 | WARNING | ZAP scanner exited with code 3
2026-08-02 22:05:15 | INFO | === STAGE 3: Running Parsers ===
2026-08-02 22:05:15 | INFO | ======================================================================
2026-08-02 22:05:15 | INFO | Running all registered parsers...
2026-08-02 22:05:15 | INFO | ======================================================================
2026-08-02 22:05:15 | INFO | Starting gitleaks
2026-08-02 22:05:15 | INFO | [Gitleaks] Preparing parser...
2026-08-02 22:05:15 | INFO | ======================================================================
2026-08-02 22:05:15 | INFO | Starting Gitleaks Parser
2026-08-02 22:05:15 | INFO | ======================================================================
2026-08-02 22:05:15 | INFO | [Gitleaks] Loading report(s)...
2026-08-02 22:05:15 | INFO | Reading report: gitleaks_20260802_212633.json
2026-08-02 22:05:15 | INFO | Successfully loaded gitleaks_20260802_212633.json
2026-08-02 22:05:15 | INFO | [Gitleaks] Processing gitleaks_20260802_212633.json...
2026-08-02 22:05:15 | INFO | [Gitleaks] Validating report...
2026-08-02 22:05:15 | INFO | [Gitleaks] Generating metadata...
2026-08-02 22:05:15 | INFO | Loaded 8 rules for gitleaks.
2026-08-02 22:05:15 | INFO | Parsed 2 Gitleaks findings.
2026-08-02 22:05:15 | INFO | [Gitleaks] Calculating statistics...
2026-08-02 22:05:15 | INFO | [Gitleaks] Building normalized report...
2026-08-02 22:05:15 | INFO | [Gitleaks] Saving report...
2026-08-02 22:05:15 | INFO | Writing report: gitleaks_20260802_220515_normalized.json
2026-08-02 22:05:15 | INFO | Report written successfully: gitleaks_20260802_220515_normalized.json
2026-08-02 22:05:15 | INFO | [Gitleaks] Report saved successfully.
2026-08-02 22:05:15 | INFO | [Gitleaks] Calculating statistics...
2026-08-02 22:05:15 | INFO | ======================================================================
2026-08-02 22:05:15 | INFO | Gitleaks Scan Summary
2026-08-02 22:05:15 | INFO | ----------------------------------------------------------------------
2026-08-02 22:05:15 | INFO | Status         : FAIL
2026-08-02 22:05:15 | INFO | Total          : 2
2026-08-02 22:05:15 | INFO | Critical       : 2
2026-08-02 22:05:15 | INFO | High           : 0
2026-08-02 22:05:15 | INFO | Medium         : 0
2026-08-02 22:05:15 | INFO | Low            : 0
2026-08-02 22:05:15 | INFO | Info           : 0
2026-08-02 22:05:15 | INFO | Unknown        : 0
2026-08-02 22:05:15 | INFO | Fixable        : 0
2026-08-02 22:05:15 | INFO | Exploitable    : 0
2026-08-02 22:05:15 | INFO | Compliance     : 0.0%
2026-08-02 22:05:15 | INFO | Duration       : 0.03 sec
2026-08-02 22:05:15 | INFO | ======================================================================
2026-08-02 22:05:15 | INFO | Gitleaks Parser Completed
2026-08-02 22:05:15 | INFO | ======================================================================
2026-08-02 22:05:15 | INFO | [Gitleaks] Parser completed successfully.
2026-08-02 22:05:15 | INFO | gitleaks completed successfully.
2026-08-02 22:05:15 | INFO | Starting hadolint
2026-08-02 22:05:15 | INFO | [Hadolint] Preparing parser...
2026-08-02 22:05:15 | INFO | ======================================================================
2026-08-02 22:05:15 | INFO | Starting Hadolint Parser
2026-08-02 22:05:15 | INFO | ======================================================================
2026-08-02 22:05:15 | INFO | [Hadolint] Loading report(s)...
2026-08-02 22:05:15 | INFO | Reading report: backend_20260802_212637.json
2026-08-02 22:05:15 | INFO | Successfully loaded backend_20260802_212637.json
2026-08-02 22:05:15 | INFO | Reading report: frontend_20260802_212637.json
2026-08-02 22:05:15 | INFO | Successfully loaded frontend_20260802_212637.json
2026-08-02 22:05:15 | INFO | [Hadolint] Processing backend_20260802_212637.json...
2026-08-02 22:05:15 | INFO | [Hadolint] Validating report...
2026-08-02 22:05:15 | INFO | [Hadolint] Generating metadata...
2026-08-02 22:05:15 | WARNING | Hadolint report is empty.
2026-08-02 22:05:15 | INFO | [Hadolint] Calculating statistics...
2026-08-02 22:05:15 | INFO | [Hadolint] Building normalized report...
2026-08-02 22:05:15 | INFO | [Hadolint] Saving report...
2026-08-02 22:05:15 | INFO | Writing report: hadolint_backend_20260802_220515_normalized.json
2026-08-02 22:05:15 | INFO | Report written successfully: hadolint_backend_20260802_220515_normalized.json
2026-08-02 22:05:15 | INFO | [Hadolint] Report saved successfully.
2026-08-02 22:05:15 | INFO | [Hadolint] Processing frontend_20260802_212637.json...
2026-08-02 22:05:15 | INFO | [Hadolint] Validating report...
2026-08-02 22:05:15 | INFO | [Hadolint] Generating metadata...
2026-08-02 22:05:15 | INFO | Loaded 66 rules for hadolint.
2026-08-02 22:05:15 | INFO | Parsed 1 Hadolint findings.
2026-08-02 22:05:15 | INFO | [Hadolint] Calculating statistics...
2026-08-02 22:05:15 | INFO | [Hadolint] Building normalized report...
2026-08-02 22:05:15 | INFO | [Hadolint] Saving report...
2026-08-02 22:05:15 | INFO | Writing report: hadolint_frontend_20260802_220515_normalized.json
2026-08-02 22:05:15 | INFO | Report written successfully: hadolint_frontend_20260802_220515_normalized.json
2026-08-02 22:05:15 | INFO | [Hadolint] Report saved successfully.
2026-08-02 22:05:15 | INFO | [Hadolint] Calculating statistics...
2026-08-02 22:05:15 | INFO | ======================================================================
2026-08-02 22:05:15 | INFO | Hadolint Scan Summary
2026-08-02 22:05:15 | INFO | ----------------------------------------------------------------------
2026-08-02 22:05:15 | INFO | Status         : PASS
2026-08-02 22:05:15 | INFO | Total          : 1
2026-08-02 22:05:15 | INFO | Critical       : 0
2026-08-02 22:05:15 | INFO | High           : 0
2026-08-02 22:05:15 | INFO | Medium         : 0
2026-08-02 22:05:15 | INFO | Low            : 0
2026-08-02 22:05:15 | INFO | Info           : 1
2026-08-02 22:05:15 | INFO | Unknown        : 0
2026-08-02 22:05:15 | INFO | Fixable        : 0
2026-08-02 22:05:15 | INFO | Exploitable    : 0
2026-08-02 22:05:15 | INFO | Compliance     : 100.0%
2026-08-02 22:05:15 | INFO | Duration       : 0.03 sec
2026-08-02 22:05:15 | INFO | ======================================================================
2026-08-02 22:05:15 | INFO | Hadolint Parser Completed
2026-08-02 22:05:15 | INFO | ======================================================================
2026-08-02 22:05:15 | INFO | [Hadolint] Parser completed successfully.
2026-08-02 22:05:15 | INFO | hadolint completed successfully.
2026-08-02 22:05:15 | INFO | Starting trivy
2026-08-02 22:05:15 | INFO | [Trivy] Preparing parser...
2026-08-02 22:05:15 | INFO | ======================================================================
2026-08-02 22:05:15 | INFO | Starting Trivy Parser
2026-08-02 22:05:15 | INFO | ======================================================================
2026-08-02 22:05:15 | INFO | [Trivy] Loading report(s)...
2026-08-02 22:05:15 | INFO | Reading report: backend_20260802_212639.json
2026-08-02 22:05:16 | INFO | Successfully loaded backend_20260802_212639.json
2026-08-02 22:05:16 | INFO | Reading report: frontend_20260802_212639.json
2026-08-02 22:05:16 | INFO | Successfully loaded frontend_20260802_212639.json
2026-08-02 22:05:16 | INFO | [Trivy] Processing backend_20260802_212639.json...
2026-08-02 22:05:16 | INFO | [Trivy] Validating report...
2026-08-02 22:05:16 | INFO | [Trivy] Generating metadata...
2026-08-02 22:05:16 | INFO | Loaded 2 rules for trivy.
2026-08-02 22:05:16 | INFO | Parsed 62 Trivy findings.
2026-08-02 22:05:16 | INFO | [Trivy] Calculating statistics...
2026-08-02 22:05:16 | INFO | [Trivy] Building normalized report...
2026-08-02 22:05:16 | INFO | [Trivy] Saving report...
2026-08-02 22:05:16 | INFO | Writing report: trivy_backend_20260802_220516_normalized.json
2026-08-02 22:05:16 | INFO | Report written successfully: trivy_backend_20260802_220516_normalized.json
2026-08-02 22:05:16 | INFO | [Trivy] Report saved successfully.
2026-08-02 22:05:16 | INFO | [Trivy] Processing frontend_20260802_212639.json...
2026-08-02 22:05:16 | INFO | [Trivy] Validating report...
2026-08-02 22:05:16 | INFO | [Trivy] Generating metadata...
2026-08-02 22:05:16 | INFO | Parsed 0 Trivy findings.
2026-08-02 22:05:16 | INFO | [Trivy] Calculating statistics...
2026-08-02 22:05:16 | INFO | [Trivy] Building normalized report...
2026-08-02 22:05:16 | INFO | [Trivy] Saving report...
2026-08-02 22:05:16 | INFO | Writing report: trivy_frontend_20260802_220516_normalized.json
2026-08-02 22:05:16 | INFO | Report written successfully: trivy_frontend_20260802_220516_normalized.json
2026-08-02 22:05:16 | INFO | [Trivy] Report saved successfully.
2026-08-02 22:05:16 | INFO | [Trivy] Calculating statistics...
2026-08-02 22:05:16 | INFO | ======================================================================
2026-08-02 22:05:16 | INFO | Trivy Scan Summary
2026-08-02 22:05:16 | INFO | ----------------------------------------------------------------------
2026-08-02 22:05:16 | INFO | Status         : PASS
2026-08-02 22:05:16 | INFO | Total          : 62
2026-08-02 22:05:16 | INFO | Critical       : 1
2026-08-02 22:05:16 | INFO | High           : 23
2026-08-02 22:05:16 | INFO | Medium         : 16
2026-08-02 22:05:16 | INFO | Low            : 22
2026-08-02 22:05:16 | INFO | Info           : 0
2026-08-02 22:05:16 | INFO | Unknown        : 0
2026-08-02 22:05:16 | INFO | Fixable        : 62
2026-08-02 22:05:16 | INFO | Exploitable    : 23
2026-08-02 22:05:16 | INFO | Compliance     : 35.48%
2026-08-02 22:05:16 | INFO | Duration       : 0.06 sec
2026-08-02 22:05:16 | INFO | ======================================================================
2026-08-02 22:05:16 | INFO | Trivy Parser Completed
2026-08-02 22:05:16 | INFO | ======================================================================
2026-08-02 22:05:16 | INFO | [Trivy] Parser completed successfully.
2026-08-02 22:05:16 | INFO | trivy completed successfully.
2026-08-02 22:05:16 | INFO | Starting zap
2026-08-02 22:05:16 | INFO | ======================================================================
2026-08-02 22:05:16 | INFO | Starting zap Parser
2026-08-02 22:05:16 | INFO | ======================================================================
2026-08-02 22:05:16 | INFO | [zap] Loading report(s)...
2026-08-02 22:05:16 | ERROR | [zap] Parser failed.
Traceback (most recent call last):
  File "/home/jaggu/Projects/DevSecOps/security/core/base_parser.py", line 559, in run
    self.execute()
  File "/home/jaggu/Projects/DevSecOps/security/core/base_parser.py", line 500, in execute
    self.load_report()
  File "/home/jaggu/Projects/DevSecOps/security/core/base_parser.py", line 177, in load_report
    self.raw_reports = self.reader.latest_raw_reports()
  File "/home/jaggu/Projects/DevSecOps/security/core/report_reader.py", line 150, in latest_raw_reports
    raise ReportNotFoundError(
security.core.exceptions.ReportNotFoundError: No raw reports found in compliance/reports/zap
2026-08-02 22:05:16 | ERROR | zap failed.
Traceback (most recent call last):
  File "/home/jaggu/Projects/DevSecOps/security/core/base_parser.py", line 559, in run
    self.execute()
  File "/home/jaggu/Projects/DevSecOps/security/core/base_parser.py", line 500, in execute
    self.load_report()
  File "/home/jaggu/Projects/DevSecOps/security/core/base_parser.py", line 177, in load_report
    self.raw_reports = self.reader.latest_raw_reports()
  File "/home/jaggu/Projects/DevSecOps/security/core/report_reader.py", line 150, in latest_raw_reports
    raise ReportNotFoundError(
security.core.exceptions.ReportNotFoundError: No raw reports found in compliance/reports/zap

The above exception was the direct cause of the following exception:

Traceback (most recent call last):
  File "/home/jaggu/Projects/DevSecOps/security/core/parser_registry.py", line 145, in run_all
    parser.run()
  File "/home/jaggu/Projects/DevSecOps/security/core/base_parser.py", line 565, in run
    self.handle_exception(ex)
  File "/home/jaggu/Projects/DevSecOps/security/core/base_parser.py", line 466, in handle_exception
    raise ParserError(
security.core.exceptions.ParserError: zap parser failed: No raw reports found in compliance/reports/zap
2026-08-02 22:07:14 | INFO | Registered parser: zap
2026-08-02 22:07:14 | INFO | ======================================================================
2026-08-02 22:07:14 | INFO | Starting zap Parser
2026-08-02 22:07:14 | INFO | ======================================================================
2026-08-02 22:07:14 | INFO | [zap] Loading report(s)...
2026-08-02 22:07:14 | INFO | [zap] Calculating statistics...
2026-08-02 22:07:14 | INFO | ======================================================================
2026-08-02 22:07:14 | INFO | zap Scan Summary
2026-08-02 22:07:14 | INFO | ----------------------------------------------------------------------
2026-08-02 22:07:14 | ERROR | [zap] Parser failed.
Traceback (most recent call last):
  File "/home/jaggu/Projects/DevSecOps/security/core/base_parser.py", line 559, in run
    self.execute()
  File "/home/jaggu/Projects/DevSecOps/security/core/base_parser.py", line 539, in execute
    self.log_summary()
  File "/home/jaggu/Projects/DevSecOps/security/core/base_parser.py", line 391, in log_summary
    ("Status", self.report.status),
AttributeError: 'NoneType' object has no attribute 'status'
2026-08-02 22:09:21 | INFO | Registered parser: zap
2026-08-02 22:09:21 | INFO | ======================================================================
2026-08-02 22:09:21 | INFO | Starting zap Parser
2026-08-02 22:09:21 | INFO | ======================================================================
2026-08-02 22:09:21 | INFO | [zap] Loading report(s)...
2026-08-02 22:09:21 | ERROR | [zap] Parser failed.
Traceback (most recent call last):
  File "/home/jaggu/Projects/DevSecOps/security/parsers/zap_parser.py", line 38, in load_report
    super().load_report()
  File "/home/jaggu/Projects/DevSecOps/security/core/base_parser.py", line 177, in load_report
    self.raw_reports = self.reader.latest_raw_reports()
  File "/home/jaggu/Projects/DevSecOps/security/core/report_reader.py", line 150, in latest_raw_reports
    raise ReportNotFoundError(
security.core.exceptions.ReportNotFoundError: No raw reports found in compliance/reports/zap

During handling of the above exception, another exception occurred:

Traceback (most recent call last):
  File "/home/jaggu/Projects/DevSecOps/security/core/base_parser.py", line 559, in run
    self.execute()
  File "/home/jaggu/Projects/DevSecOps/security/core/base_parser.py", line 500, in execute
    self.load_report()
  File "/home/jaggu/Projects/DevSecOps/security/parsers/zap_parser.py", line 40, in load_report
    logger.warning(f"ZAP report load warning: {ex}. Using fallback report.")
NameError: name 'logger' is not defined
2026-08-02 22:09:56 | INFO | Registered parser: zap
2026-08-02 22:09:56 | INFO | ======================================================================
2026-08-02 22:09:56 | INFO | Starting zap Parser
2026-08-02 22:09:56 | INFO | ======================================================================
2026-08-02 22:09:56 | INFO | [zap] Loading report(s)...
2026-08-02 22:09:56 | WARNING | ZAP report load warning: No raw reports found in compliance/reports/zap. Using fallback report.
2026-08-02 22:09:56 | INFO | [zap] Processing @version...
2026-08-02 22:09:56 | INFO | [zap] Validating report...
2026-08-02 22:09:56 | ERROR | [zap] Parser failed.
Traceback (most recent call last):
  File "/home/jaggu/Projects/DevSecOps/security/core/base_parser.py", line 559, in run
    self.execute()
  File "/home/jaggu/Projects/DevSecOps/security/core/base_parser.py", line 516, in execute
    self.validate()
  File "/home/jaggu/Projects/DevSecOps/security/core/base_parser.py", line 195, in validate
    validate_report(
  File "/home/jaggu/Projects/DevSecOps/security/common/validator.py", line 247, in validate_report
    raise ValidationError(
security.core.exceptions.ValidationError: Unsupported report format.
2026-08-02 22:11:06 | INFO | Registered parser: zap
2026-08-02 22:11:06 | INFO | ======================================================================
2026-08-02 22:11:06 | INFO | Starting zap Parser
2026-08-02 22:11:06 | INFO | ======================================================================
2026-08-02 22:11:06 | INFO | [zap] Loading report(s)...
2026-08-02 22:11:06 | WARNING | ZAP report load warning: No raw reports found in compliance/reports/zap. Using fallback report.
2026-08-02 22:11:06 | INFO | [zap] Processing @version...
2026-08-02 22:11:06 | INFO | [zap] Generating metadata...
2026-08-02 22:11:06 | INFO | [zap] Calculating statistics...
2026-08-02 22:11:06 | INFO | [zap] Building normalized report...
2026-08-02 22:11:06 | INFO | [zap] Saving report...
2026-08-02 22:11:06 | INFO | Writing report: zap_20260802_221106_normalized.json
2026-08-02 22:11:06 | INFO | Report written successfully: zap_20260802_221106_normalized.json
2026-08-02 22:11:06 | INFO | [zap] Report saved successfully.
2026-08-02 22:11:06 | INFO | [zap] Calculating statistics...
2026-08-02 22:11:06 | INFO | ======================================================================
2026-08-02 22:11:06 | INFO | zap Scan Summary
2026-08-02 22:11:06 | INFO | ----------------------------------------------------------------------
2026-08-02 22:11:06 | INFO | Status         : PASS
2026-08-02 22:11:06 | INFO | Total          : 0
2026-08-02 22:11:06 | INFO | Critical       : 0
2026-08-02 22:11:06 | INFO | High           : 0
2026-08-02 22:11:06 | INFO | Medium         : 0
2026-08-02 22:11:06 | INFO | Low            : 0
2026-08-02 22:11:06 | INFO | Info           : 0
2026-08-02 22:11:06 | INFO | Unknown        : 0
2026-08-02 22:11:06 | INFO | Fixable        : 0
2026-08-02 22:11:06 | INFO | Exploitable    : 0
2026-08-02 22:11:06 | INFO | Compliance     : 100.0%
2026-08-02 22:11:06 | INFO | Duration       : 0.02 sec
2026-08-02 22:11:06 | INFO | ======================================================================
2026-08-02 22:11:06 | INFO | zap Parser Completed
2026-08-02 22:11:06 | INFO | ======================================================================
2026-08-02 22:11:22 | INFO | Registered parser: hadolint
2026-08-02 22:11:22 | INFO | Registered parser: trivy
2026-08-02 22:11:22 | INFO | Registered parser: gitleaks
2026-08-02 22:11:22 | INFO | Registered parser: zap
2026-08-02 22:11:22 | INFO | === STAGE 1: Pre-flight Checks ===
2026-08-02 22:11:22 | INFO | Pre-flight Checks Passed.
2026-08-02 22:11:22 | INFO | === STAGE 2: Running Scanners ===
2026-08-02 22:11:22 | INFO | Running Gitleaks scanner (security/secrets/gitleaks.sh)...
2026-08-02 22:11:25 | INFO | Gitleaks scanner completed successfully.
2026-08-02 22:11:25 | INFO | Running Hadolint scanner (security/container/hadolint.sh)...
2026-08-02 22:11:27 | WARNING | Hadolint scanner exited with code 1
2026-08-02 22:11:27 | INFO | Running Trivy scanner (security/container/trivy.sh)...
2026-08-02 22:14:07 | INFO | Trivy scanner completed successfully.
2026-08-02 22:14:07 | INFO | Running ZAP scanner (security/dast/zap.sh)...
2026-08-02 22:14:08 | INFO | ZAP scanner completed successfully.
2026-08-02 22:14:08 | INFO | === STAGE 3: Running Parsers ===
2026-08-02 22:14:08 | INFO | ======================================================================
2026-08-02 22:14:08 | INFO | Running all registered parsers...
2026-08-02 22:14:08 | INFO | ======================================================================
2026-08-02 22:14:08 | INFO | Starting gitleaks
2026-08-02 22:14:08 | INFO | [Gitleaks] Preparing parser...
2026-08-02 22:14:08 | INFO | ======================================================================
2026-08-02 22:14:08 | INFO | Starting Gitleaks Parser
2026-08-02 22:14:08 | INFO | ======================================================================
2026-08-02 22:14:08 | INFO | [Gitleaks] Loading report(s)...
2026-08-02 22:14:08 | INFO | Reading report: gitleaks_20260802_221122.json
2026-08-02 22:14:08 | INFO | Successfully loaded gitleaks_20260802_221122.json
2026-08-02 22:14:08 | INFO | [Gitleaks] Processing gitleaks_20260802_221122.json...
2026-08-02 22:14:08 | INFO | [Gitleaks] Validating report...
2026-08-02 22:14:08 | INFO | [Gitleaks] Generating metadata...
2026-08-02 22:14:08 | INFO | Loaded 8 rules for gitleaks.
2026-08-02 22:14:08 | INFO | Parsed 2 Gitleaks findings.
2026-08-02 22:14:08 | INFO | [Gitleaks] Calculating statistics...
2026-08-02 22:14:08 | INFO | [Gitleaks] Building normalized report...
2026-08-02 22:14:08 | INFO | [Gitleaks] Saving report...
2026-08-02 22:14:08 | INFO | Writing report: gitleaks_20260802_221408_normalized.json
2026-08-02 22:14:08 | INFO | Report written successfully: gitleaks_20260802_221408_normalized.json
2026-08-02 22:14:08 | INFO | [Gitleaks] Report saved successfully.
2026-08-02 22:14:08 | INFO | [Gitleaks] Calculating statistics...
2026-08-02 22:14:08 | INFO | ======================================================================
2026-08-02 22:14:08 | INFO | Gitleaks Scan Summary
2026-08-02 22:14:08 | INFO | ----------------------------------------------------------------------
2026-08-02 22:14:08 | INFO | Status         : FAIL
2026-08-02 22:14:08 | INFO | Total          : 2
2026-08-02 22:14:08 | INFO | Critical       : 2
2026-08-02 22:14:08 | INFO | High           : 0
2026-08-02 22:14:08 | INFO | Medium         : 0
2026-08-02 22:14:08 | INFO | Low            : 0
2026-08-02 22:14:08 | INFO | Info           : 0
2026-08-02 22:14:08 | INFO | Unknown        : 0
2026-08-02 22:14:08 | INFO | Fixable        : 0
2026-08-02 22:14:08 | INFO | Exploitable    : 0
2026-08-02 22:14:08 | INFO | Compliance     : 0.0%
2026-08-02 22:14:08 | INFO | Duration       : 0.02 sec
2026-08-02 22:14:08 | INFO | ======================================================================
2026-08-02 22:14:08 | INFO | Gitleaks Parser Completed
2026-08-02 22:14:08 | INFO | ======================================================================
2026-08-02 22:14:08 | INFO | [Gitleaks] Parser completed successfully.
2026-08-02 22:14:08 | INFO | gitleaks completed successfully.
2026-08-02 22:14:08 | INFO | Starting hadolint
2026-08-02 22:14:08 | INFO | [Hadolint] Preparing parser...
2026-08-02 22:14:08 | INFO | ======================================================================
2026-08-02 22:14:08 | INFO | Starting Hadolint Parser
2026-08-02 22:14:08 | INFO | ======================================================================
2026-08-02 22:14:08 | INFO | [Hadolint] Loading report(s)...
2026-08-02 22:14:08 | INFO | Reading report: backend_20260802_221125.json
2026-08-02 22:14:08 | INFO | Successfully loaded backend_20260802_221125.json
2026-08-02 22:14:08 | INFO | Reading report: frontend_20260802_221125.json
2026-08-02 22:14:08 | INFO | Successfully loaded frontend_20260802_221125.json
2026-08-02 22:14:08 | INFO | [Hadolint] Processing backend_20260802_221125.json...
2026-08-02 22:14:08 | INFO | [Hadolint] Validating report...
2026-08-02 22:14:08 | INFO | [Hadolint] Generating metadata...
2026-08-02 22:14:08 | WARNING | Hadolint report is empty.
2026-08-02 22:14:08 | INFO | [Hadolint] Calculating statistics...
2026-08-02 22:14:08 | INFO | [Hadolint] Building normalized report...
2026-08-02 22:14:08 | INFO | [Hadolint] Saving report...
2026-08-02 22:14:08 | INFO | Writing report: hadolint_backend_20260802_221408_normalized.json
2026-08-02 22:14:08 | INFO | Report written successfully: hadolint_backend_20260802_221408_normalized.json
2026-08-02 22:14:08 | INFO | [Hadolint] Report saved successfully.
2026-08-02 22:14:08 | INFO | [Hadolint] Processing frontend_20260802_221125.json...
2026-08-02 22:14:08 | INFO | [Hadolint] Validating report...
2026-08-02 22:14:08 | INFO | [Hadolint] Generating metadata...
2026-08-02 22:14:08 | INFO | Loaded 66 rules for hadolint.
2026-08-02 22:14:08 | INFO | Parsed 1 Hadolint findings.
2026-08-02 22:14:08 | INFO | [Hadolint] Calculating statistics...
2026-08-02 22:14:08 | INFO | [Hadolint] Building normalized report...
2026-08-02 22:14:08 | INFO | [Hadolint] Saving report...
2026-08-02 22:14:08 | INFO | Writing report: hadolint_frontend_20260802_221408_normalized.json
2026-08-02 22:14:08 | INFO | Report written successfully: hadolint_frontend_20260802_221408_normalized.json
2026-08-02 22:14:08 | INFO | [Hadolint] Report saved successfully.
2026-08-02 22:14:08 | INFO | [Hadolint] Calculating statistics...
2026-08-02 22:14:08 | INFO | ======================================================================
2026-08-02 22:14:08 | INFO | Hadolint Scan Summary
2026-08-02 22:14:08 | INFO | ----------------------------------------------------------------------
2026-08-02 22:14:08 | INFO | Status         : PASS
2026-08-02 22:14:08 | INFO | Total          : 1
2026-08-02 22:14:08 | INFO | Critical       : 0
2026-08-02 22:14:08 | INFO | High           : 0
2026-08-02 22:14:08 | INFO | Medium         : 0
2026-08-02 22:14:08 | INFO | Low            : 0
2026-08-02 22:14:08 | INFO | Info           : 1
2026-08-02 22:14:08 | INFO | Unknown        : 0
2026-08-02 22:14:08 | INFO | Fixable        : 0
2026-08-02 22:14:08 | INFO | Exploitable    : 0
2026-08-02 22:14:08 | INFO | Compliance     : 100.0%
2026-08-02 22:14:08 | INFO | Duration       : 0.04 sec
2026-08-02 22:14:08 | INFO | ======================================================================
2026-08-02 22:14:08 | INFO | Hadolint Parser Completed
2026-08-02 22:14:08 | INFO | ======================================================================
2026-08-02 22:14:08 | INFO | [Hadolint] Parser completed successfully.
2026-08-02 22:14:08 | INFO | hadolint completed successfully.
2026-08-02 22:14:08 | INFO | Starting trivy
2026-08-02 22:14:08 | INFO | [Trivy] Preparing parser...
2026-08-02 22:14:08 | INFO | ======================================================================
2026-08-02 22:14:08 | INFO | Starting Trivy Parser
2026-08-02 22:14:08 | INFO | ======================================================================
2026-08-02 22:14:08 | INFO | [Trivy] Loading report(s)...
2026-08-02 22:14:08 | INFO | Reading report: frontend_20260802_221128.json
2026-08-02 22:14:08 | INFO | Successfully loaded frontend_20260802_221128.json
2026-08-02 22:14:08 | INFO | Reading report: backend_20260802_221128.json
2026-08-02 22:14:08 | INFO | Successfully loaded backend_20260802_221128.json
2026-08-02 22:14:08 | INFO | [Trivy] Processing frontend_20260802_221128.json...
2026-08-02 22:14:08 | INFO | [Trivy] Validating report...
2026-08-02 22:14:08 | INFO | [Trivy] Generating metadata...
2026-08-02 22:14:08 | INFO | Parsed 0 Trivy findings.
2026-08-02 22:14:08 | INFO | [Trivy] Calculating statistics...
2026-08-02 22:14:08 | INFO | [Trivy] Building normalized report...
2026-08-02 22:14:08 | INFO | [Trivy] Saving report...
2026-08-02 22:14:08 | INFO | Writing report: trivy_frontend_20260802_221408_normalized.json
2026-08-02 22:14:08 | INFO | Report written successfully: trivy_frontend_20260802_221408_normalized.json
2026-08-02 22:14:08 | INFO | [Trivy] Report saved successfully.
2026-08-02 22:14:08 | INFO | [Trivy] Processing backend_20260802_221128.json...
2026-08-02 22:14:08 | INFO | [Trivy] Validating report...
2026-08-02 22:14:08 | INFO | [Trivy] Generating metadata...
2026-08-02 22:14:08 | INFO | Loaded 2 rules for trivy.
2026-08-02 22:14:08 | INFO | Parsed 62 Trivy findings.
2026-08-02 22:14:08 | INFO | [Trivy] Calculating statistics...
2026-08-02 22:14:08 | INFO | [Trivy] Building normalized report...
2026-08-02 22:14:08 | INFO | [Trivy] Saving report...
2026-08-02 22:14:08 | INFO | Writing report: trivy_backend_20260802_221408_normalized.json
2026-08-02 22:14:08 | INFO | Report written successfully: trivy_backend_20260802_221408_normalized.json
2026-08-02 22:14:08 | INFO | [Trivy] Report saved successfully.
2026-08-02 22:14:08 | INFO | [Trivy] Calculating statistics...
2026-08-02 22:14:08 | INFO | ======================================================================
2026-08-02 22:14:08 | INFO | Trivy Scan Summary
2026-08-02 22:14:08 | INFO | ----------------------------------------------------------------------
2026-08-02 22:14:08 | INFO | Status         : FAIL
2026-08-02 22:14:08 | INFO | Total          : 62
2026-08-02 22:14:08 | INFO | Critical       : 1
2026-08-02 22:14:08 | INFO | High           : 23
2026-08-02 22:14:08 | INFO | Medium         : 16
2026-08-02 22:14:08 | INFO | Low            : 22
2026-08-02 22:14:08 | INFO | Info           : 0
2026-08-02 22:14:08 | INFO | Unknown        : 0
2026-08-02 22:14:08 | INFO | Fixable        : 62
2026-08-02 22:14:08 | INFO | Exploitable    : 23
2026-08-02 22:14:08 | INFO | Compliance     : 35.48%
2026-08-02 22:14:08 | INFO | Duration       : 0.05 sec
2026-08-02 22:14:08 | INFO | ======================================================================
2026-08-02 22:14:08 | INFO | Trivy Parser Completed
2026-08-02 22:14:08 | INFO | ======================================================================
2026-08-02 22:14:08 | INFO | [Trivy] Parser completed successfully.
2026-08-02 22:14:08 | INFO | trivy completed successfully.
2026-08-02 22:14:08 | INFO | Starting zap
2026-08-02 22:14:08 | INFO | ======================================================================
2026-08-02 22:14:08 | INFO | Starting zap Parser
2026-08-02 22:14:08 | INFO | ======================================================================
2026-08-02 22:14:08 | INFO | [zap] Loading report(s)...
2026-08-02 22:14:08 | INFO | Reading report: zap_20260802_221408.json
2026-08-02 22:14:08 | INFO | Successfully loaded zap_20260802_221408.json
2026-08-02 22:14:08 | INFO | [zap] Processing zap_20260802_221408.json...
2026-08-02 22:14:08 | INFO | [zap] Generating metadata...
2026-08-02 22:14:08 | INFO | [zap] Calculating statistics...
2026-08-02 22:14:08 | INFO | [zap] Building normalized report...
2026-08-02 22:14:08 | INFO | [zap] Saving report...
2026-08-02 22:14:08 | INFO | Writing report: zap_20260802_221408_normalized.json
2026-08-02 22:14:08 | INFO | Report written successfully: zap_20260802_221408_normalized.json
2026-08-02 22:14:08 | INFO | [zap] Report saved successfully.
2026-08-02 22:14:08 | INFO | [zap] Calculating statistics...
2026-08-02 22:14:08 | INFO | ======================================================================
2026-08-02 22:14:08 | INFO | zap Scan Summary
2026-08-02 22:14:08 | INFO | ----------------------------------------------------------------------
2026-08-02 22:14:08 | INFO | Status         : PASS
2026-08-02 22:14:08 | INFO | Total          : 0
2026-08-02 22:14:08 | INFO | Critical       : 0
2026-08-02 22:14:08 | INFO | High           : 0
2026-08-02 22:14:08 | INFO | Medium         : 0
2026-08-02 22:14:08 | INFO | Low            : 0
2026-08-02 22:14:08 | INFO | Info           : 0
2026-08-02 22:14:08 | INFO | Unknown        : 0
2026-08-02 22:14:08 | INFO | Fixable        : 0
2026-08-02 22:14:08 | INFO | Exploitable    : 0
2026-08-02 22:14:08 | INFO | Compliance     : 100.0%
2026-08-02 22:14:08 | INFO | Duration       : 0.02 sec
2026-08-02 22:14:08 | INFO | ======================================================================
2026-08-02 22:14:08 | INFO | zap Parser Completed
2026-08-02 22:14:08 | INFO | ======================================================================
2026-08-02 22:14:08 | INFO | zap completed successfully.
2026-08-02 22:14:08 | INFO | ======================================================================
2026-08-02 22:14:08 | INFO | All parsers completed successfully.
2026-08-02 22:14:08 | INFO | ======================================================================
2026-08-02 22:14:08 | INFO | === STAGE 4: Aggregating Results ===
2026-08-02 22:14:08 | INFO | Starting master report aggregation with Risk Engine...
2026-08-02 22:14:08 | INFO | Risk Engine Computed: Total Risk Score=151, Level=CRITICAL, Score=0.0%
2026-08-02 22:14:08 | INFO | Master report saved at: compliance/master_reports/master_report.json
2026-08-02 22:14:08 | INFO | Processing Advanced Compliance Layer mappings...
2026-08-02 22:14:08 | INFO | Saved advanced compliance matrix with Overall Compliance Score: 77.8% to compliance/reports/compliance/compliance_matrix.json
2026-08-02 22:14:08 | INFO | Generated Executive HTML Report at compliance/reports/executive_reports/security_report.html
2026-08-02 22:14:08 | INFO | Generated Executive PDF Report at compliance/reports/executive_reports/security_report.pdf
2026-08-02 22:14:08 | INFO | === STAGE 5: Security Gate Evaluation ===
2026-08-02 22:14:08 | INFO | Evaluating Security Gate policy from policy.yaml...
2026-08-02 22:14:08 | INFO | Database Ingestion Successful (Scan ID: SCAN-20260802164408)
2026-08-04 01:12:25 | INFO | Registered parser: hadolint
2026-08-04 01:12:25 | INFO | Registered parser: trivy
2026-08-04 01:12:25 | INFO | Registered parser: gitleaks
2026-08-04 01:12:25 | INFO | Registered parser: zap
2026-08-04 01:12:25 | INFO | === STAGE 1: Pre-flight Checks ===
2026-08-04 01:12:28 | INFO | Pre-flight Checks Passed.
2026-08-04 01:12:28 | INFO | === STAGE 2: Running Scanners ===
2026-08-04 01:12:28 | INFO | Running Gitleaks scanner (security/secrets/gitleaks.sh)...
2026-08-04 01:12:37 | INFO | Gitleaks scanner completed successfully.
2026-08-04 01:12:37 | INFO | Running Hadolint scanner (security/container/hadolint.sh)...
2026-08-04 01:12:41 | WARNING | Hadolint scanner exited with code 1
2026-08-04 01:12:41 | INFO | === STAGE 3: Running Parsers ===
2026-08-04 01:12:41 | INFO | Running parser for tool: gitleaks
2026-08-04 01:12:41 | INFO | Running parser: gitleaks
2026-08-04 01:12:41 | INFO | [Gitleaks] Preparing parser...
2026-08-04 01:12:41 | INFO | ======================================================================
2026-08-04 01:12:41 | INFO | Starting Gitleaks Parser
2026-08-04 01:12:41 | INFO | ======================================================================
2026-08-04 01:12:41 | INFO | [Gitleaks] Loading report(s)...
2026-08-04 01:12:41 | INFO | Reading report: gitleaks_20260804_011229.json
2026-08-04 01:12:41 | INFO | Successfully loaded gitleaks_20260804_011229.json
2026-08-04 01:12:41 | INFO | [Gitleaks] Processing gitleaks_20260804_011229.json...
2026-08-04 01:12:41 | INFO | [Gitleaks] Validating report...
2026-08-04 01:12:41 | INFO | [Gitleaks] Generating metadata...
2026-08-04 01:12:41 | INFO | Loaded 8 rules for gitleaks.
2026-08-04 01:12:41 | INFO | Parsed 2 Gitleaks findings.
2026-08-04 01:12:41 | INFO | [Gitleaks] Calculating statistics...
2026-08-04 01:12:41 | INFO | [Gitleaks] Building normalized report...
2026-08-04 01:12:41 | INFO | [Gitleaks] Saving report...
2026-08-04 01:12:41 | INFO | Writing report: gitleaks_20260804_011241_normalized.json
2026-08-04 01:12:41 | INFO | Report written successfully: gitleaks_20260804_011241_normalized.json
2026-08-04 01:12:41 | INFO | [Gitleaks] Report saved successfully.
2026-08-04 01:12:41 | INFO | [Gitleaks] Calculating statistics...
2026-08-04 01:12:41 | INFO | ======================================================================
2026-08-04 01:12:41 | INFO | Gitleaks Scan Summary
2026-08-04 01:12:41 | INFO | ----------------------------------------------------------------------
2026-08-04 01:12:41 | INFO | Status         : FAIL
2026-08-04 01:12:41 | INFO | Total          : 2
2026-08-04 01:12:41 | INFO | Critical       : 2
2026-08-04 01:12:41 | INFO | High           : 0
2026-08-04 01:12:41 | INFO | Medium         : 0
2026-08-04 01:12:41 | INFO | Low            : 0
2026-08-04 01:12:41 | INFO | Info           : 0
2026-08-04 01:12:41 | INFO | Unknown        : 0
2026-08-04 01:12:41 | INFO | Fixable        : 0
2026-08-04 01:12:41 | INFO | Exploitable    : 0
2026-08-04 01:12:41 | INFO | Compliance     : 0.0%
2026-08-04 01:12:41 | INFO | Duration       : 0.04 sec
2026-08-04 01:12:41 | INFO | ======================================================================
2026-08-04 01:12:41 | INFO | Gitleaks Parser Completed
2026-08-04 01:12:41 | INFO | ======================================================================
2026-08-04 01:12:41 | INFO | [Gitleaks] Parser completed successfully.
2026-08-04 01:12:41 | INFO | Running parser for tool: hadolint
2026-08-04 01:12:41 | INFO | Running parser: hadolint
2026-08-04 01:12:41 | INFO | [Hadolint] Preparing parser...
2026-08-04 01:12:41 | INFO | ======================================================================
2026-08-04 01:12:41 | INFO | Starting Hadolint Parser
2026-08-04 01:12:41 | INFO | ======================================================================
2026-08-04 01:12:41 | INFO | [Hadolint] Loading report(s)...
2026-08-04 01:12:41 | INFO | Reading report: frontend_20260804_011237.json
2026-08-04 01:12:41 | INFO | Successfully loaded frontend_20260804_011237.json
2026-08-04 01:12:41 | INFO | Reading report: backend_20260804_011237.json
2026-08-04 01:12:41 | INFO | Successfully loaded backend_20260804_011237.json
2026-08-04 01:12:41 | INFO | [Hadolint] Processing frontend_20260804_011237.json...
2026-08-04 01:12:41 | INFO | [Hadolint] Validating report...
2026-08-04 01:12:41 | INFO | [Hadolint] Generating metadata...
2026-08-04 01:12:41 | INFO | Loaded 66 rules for hadolint.
2026-08-04 01:12:41 | INFO | Parsed 1 Hadolint findings.
2026-08-04 01:12:41 | INFO | [Hadolint] Calculating statistics...
2026-08-04 01:12:41 | INFO | [Hadolint] Building normalized report...
2026-08-04 01:12:41 | INFO | [Hadolint] Saving report...
2026-08-04 01:12:41 | INFO | Writing report: hadolint_frontend_20260804_011241_normalized.json
2026-08-04 01:12:41 | INFO | Report written successfully: hadolint_frontend_20260804_011241_normalized.json
2026-08-04 01:12:41 | INFO | [Hadolint] Report saved successfully.
2026-08-04 01:12:41 | INFO | [Hadolint] Processing backend_20260804_011237.json...
2026-08-04 01:12:41 | INFO | [Hadolint] Validating report...
2026-08-04 01:12:41 | INFO | [Hadolint] Generating metadata...
2026-08-04 01:12:41 | WARNING | Hadolint report is empty.
2026-08-04 01:12:41 | INFO | [Hadolint] Calculating statistics...
2026-08-04 01:12:41 | INFO | [Hadolint] Building normalized report...
2026-08-04 01:12:41 | INFO | [Hadolint] Saving report...
2026-08-04 01:12:41 | INFO | Writing report: hadolint_backend_20260804_011241_normalized.json
2026-08-04 01:12:41 | INFO | Report written successfully: hadolint_backend_20260804_011241_normalized.json
2026-08-04 01:12:41 | INFO | [Hadolint] Report saved successfully.
2026-08-04 01:12:41 | INFO | [Hadolint] Calculating statistics...
2026-08-04 01:12:41 | INFO | ======================================================================
2026-08-04 01:12:41 | INFO | Hadolint Scan Summary
2026-08-04 01:12:41 | INFO | ----------------------------------------------------------------------
2026-08-04 01:12:41 | INFO | Status         : PASS
2026-08-04 01:12:41 | INFO | Total          : 1
2026-08-04 01:12:41 | INFO | Critical       : 0
2026-08-04 01:12:41 | INFO | High           : 0
2026-08-04 01:12:41 | INFO | Medium         : 0
2026-08-04 01:12:41 | INFO | Low            : 0
2026-08-04 01:12:41 | INFO | Info           : 1
2026-08-04 01:12:41 | INFO | Unknown        : 0
2026-08-04 01:12:41 | INFO | Fixable        : 0
2026-08-04 01:12:41 | INFO | Exploitable    : 0
2026-08-04 01:12:41 | INFO | Compliance     : 100.0%
2026-08-04 01:12:41 | INFO | Duration       : 0.04 sec
2026-08-04 01:12:41 | INFO | ======================================================================
2026-08-04 01:12:41 | INFO | Hadolint Parser Completed
2026-08-04 01:12:41 | INFO | ======================================================================
2026-08-04 01:12:41 | INFO | [Hadolint] Parser completed successfully.
2026-08-04 01:20:12 | INFO | Registered parser: hadolint
2026-08-04 01:20:12 | INFO | Registered parser: trivy
2026-08-04 01:20:12 | INFO | Registered parser: gitleaks
2026-08-04 01:20:12 | INFO | Registered parser: zap
2026-08-04 01:20:12 | INFO | === STAGE 2: Running Scanners ===
2026-08-04 01:20:12 | INFO | Running Trivy scanner (security/container/trivy.sh)...
2026-08-04 01:23:20 | WARNING | Trivy scanner exited with code 1
2026-08-04 01:23:20 | INFO | === STAGE 3: Running Parsers ===
2026-08-04 01:23:20 | INFO | Running parser for tool: trivy
2026-08-04 01:23:20 | INFO | Running parser: trivy
2026-08-04 01:23:20 | INFO | [Trivy] Preparing parser...
2026-08-04 01:23:20 | INFO | ======================================================================
2026-08-04 01:23:20 | INFO | Starting Trivy Parser
2026-08-04 01:23:20 | INFO | ======================================================================
2026-08-04 01:23:20 | INFO | [Trivy] Loading report(s)...
2026-08-04 01:23:20 | ERROR | [Trivy] Parser failed.
Traceback (most recent call last):
  File "/home/jaggu/Projects/DevSecOps/security/core/base_parser.py", line 559, in run
    self.execute()
  File "/home/jaggu/Projects/DevSecOps/security/core/base_parser.py", line 500, in execute
    self.load_report()
  File "/home/jaggu/Projects/DevSecOps/security/core/base_parser.py", line 177, in load_report
    self.raw_reports = self.reader.latest_raw_reports()
  File "/home/jaggu/Projects/DevSecOps/security/core/report_reader.py", line 150, in latest_raw_reports
    raise ReportNotFoundError(
security.core.exceptions.ReportNotFoundError: No raw reports found in compliance/reports/trivy
2026-08-04 01:23:20 | WARNING | Parser for trivy failed or not registered: Trivy parser failed: No raw reports found in compliance/reports/trivy
2026-08-04 01:29:02 | INFO | Registered parser: hadolint
2026-08-04 01:29:02 | INFO | Registered parser: trivy
2026-08-04 01:29:02 | INFO | Registered parser: gitleaks
2026-08-04 01:29:02 | INFO | Registered parser: zap
2026-08-04 01:29:02 | INFO | === STAGE 2: Running Scanners ===
2026-08-04 01:29:02 | INFO | Running Trivy scanner (security/container/trivy.sh)...
2026-08-04 01:35:16 | INFO | Trivy scanner completed successfully.
2026-08-04 01:35:16 | INFO | === STAGE 3: Running Parsers ===
2026-08-04 01:35:16 | INFO | Running parser for tool: trivy
2026-08-04 01:35:16 | INFO | Running parser: trivy
2026-08-04 01:35:16 | WARNING | Parser for trivy failed or not registered: BaseParser.__init__() missing 1 required positional argument: 'output_directory'
2026-08-04 01:43:45 | INFO | Registered parser: trivy
2026-08-04 01:43:45 | INFO | ======================================================================
2026-08-04 01:43:45 | INFO | Starting Trivy Parser
2026-08-04 01:43:45 | INFO | ======================================================================
2026-08-04 01:44:07 | INFO | Registered parser: trivy
2026-08-04 01:44:07 | INFO | ======================================================================
2026-08-04 01:44:07 | INFO | Starting Trivy Parser
2026-08-04 01:44:07 | INFO | ======================================================================
2026-08-04 01:44:07 | INFO | [Trivy] Preparing parser...
2026-08-04 01:44:07 | INFO | ======================================================================
2026-08-04 01:44:07 | INFO | Starting Trivy Parser
2026-08-04 01:44:07 | INFO | ======================================================================
2026-08-04 01:44:07 | INFO | [Trivy] Loading report(s)...
2026-08-04 01:44:07 | INFO | Reading report: frontend_20260804_012902.json
2026-08-04 01:44:07 | INFO | Successfully loaded frontend_20260804_012902.json
2026-08-04 01:44:07 | INFO | Reading report: backend_20260804_012902.json
2026-08-04 01:44:07 | INFO | Successfully loaded backend_20260804_012902.json
2026-08-04 01:44:07 | INFO | [Trivy] Processing frontend_20260804_012902.json...
2026-08-04 01:44:07 | INFO | [Trivy] Generating metadata...
2026-08-04 01:44:07 | INFO | Parsed 0 Trivy findings.
2026-08-04 01:44:07 | INFO | [Trivy] Calculating statistics...
2026-08-04 01:44:07 | INFO | [Trivy] Building normalized report...
2026-08-04 01:44:07 | INFO | [Trivy] Saving report...
2026-08-04 01:44:07 | INFO | Writing report: trivy_frontend_20260804_014407_normalized.json
2026-08-04 01:44:07 | INFO | Report written successfully: trivy_frontend_20260804_014407_normalized.json
2026-08-04 01:44:07 | INFO | [Trivy] Report saved successfully.
2026-08-04 01:44:07 | INFO | [Trivy] Processing backend_20260804_012902.json...
2026-08-04 01:44:07 | INFO | [Trivy] Generating metadata...
2026-08-04 01:44:07 | INFO | Parsed 0 Trivy findings.
2026-08-04 01:44:07 | INFO | [Trivy] Calculating statistics...
2026-08-04 01:44:07 | INFO | [Trivy] Building normalized report...
2026-08-04 01:44:07 | INFO | [Trivy] Saving report...
2026-08-04 01:44:07 | INFO | Writing report: trivy_backend_20260804_014407_normalized.json
2026-08-04 01:44:07 | INFO | Report written successfully: trivy_backend_20260804_014407_normalized.json
2026-08-04 01:44:07 | INFO | [Trivy] Report saved successfully.
2026-08-04 01:44:07 | INFO | [Trivy] Calculating statistics...
2026-08-04 01:44:07 | INFO | ======================================================================
2026-08-04 01:44:07 | INFO | Trivy Scan Summary
2026-08-04 01:44:07 | INFO | ----------------------------------------------------------------------
2026-08-04 01:44:07 | INFO | Status         : PASS
2026-08-04 01:44:07 | INFO | Total          : 0
2026-08-04 01:44:07 | INFO | Critical       : 0
2026-08-04 01:44:07 | INFO | High           : 0
2026-08-04 01:44:07 | INFO | Medium         : 0
2026-08-04 01:44:07 | INFO | Low            : 0
2026-08-04 01:44:07 | INFO | Info           : 0
2026-08-04 01:44:07 | INFO | Unknown        : 0
2026-08-04 01:44:07 | INFO | Fixable        : 0
2026-08-04 01:44:07 | INFO | Exploitable    : 0
2026-08-04 01:44:07 | INFO | Compliance     : 100.0%
2026-08-04 01:44:07 | INFO | Duration       : 0.06 sec
2026-08-04 01:44:07 | INFO | ======================================================================
2026-08-04 01:44:07 | INFO | Trivy Parser Completed
2026-08-04 01:44:07 | INFO | ======================================================================
2026-08-04 01:44:07 | INFO | [Trivy] Parser completed successfully.
2026-08-04 01:44:07 | INFO | ======================================================================
2026-08-04 01:44:07 | INFO | Trivy Parser Finished
2026-08-04 01:44:07 | INFO | ======================================================================
2026-08-04 01:44:29 | INFO | Registered parser: hadolint
2026-08-04 01:44:29 | INFO | Registered parser: trivy
2026-08-04 01:44:29 | INFO | Registered parser: gitleaks
2026-08-04 01:44:29 | INFO | Registered parser: zap
2026-08-04 01:44:29 | INFO | === STAGE 2: Running Scanners ===
2026-08-04 01:44:29 | INFO | Running Trivy scanner (security/container/trivy.sh)...
2026-08-04 01:50:44 | INFO | Trivy scanner completed successfully.
2026-08-04 01:50:44 | INFO | === STAGE 3: Running Parsers ===
2026-08-04 01:50:44 | INFO | Running parser for tool: trivy
2026-08-04 01:50:44 | INFO | Running parser: trivy
2026-08-04 01:50:44 | INFO | [Trivy] Preparing parser...
2026-08-04 01:50:44 | INFO | ======================================================================
2026-08-04 01:50:44 | INFO | Starting Trivy Parser
2026-08-04 01:50:44 | INFO | ======================================================================
2026-08-04 01:50:44 | INFO | [Trivy] Loading report(s)...
2026-08-04 01:50:44 | INFO | Reading report: backend_20260804_014430.json
2026-08-04 01:50:44 | INFO | Successfully loaded backend_20260804_014430.json
2026-08-04 01:50:44 | INFO | Reading report: frontend_20260804_014430.json
2026-08-04 01:50:44 | INFO | Successfully loaded frontend_20260804_014430.json
2026-08-04 01:50:44 | INFO | [Trivy] Processing backend_20260804_014430.json...
2026-08-04 01:50:44 | INFO | [Trivy] Generating metadata...
2026-08-04 01:50:44 | INFO | Parsed 0 Trivy findings.
2026-08-04 01:50:44 | INFO | [Trivy] Calculating statistics...
2026-08-04 01:50:44 | INFO | [Trivy] Building normalized report...
2026-08-04 01:50:44 | INFO | [Trivy] Saving report...
2026-08-04 01:50:44 | INFO | Writing report: trivy_backend_20260804_015044_normalized.json
2026-08-04 01:50:44 | INFO | Report written successfully: trivy_backend_20260804_015044_normalized.json
2026-08-04 01:50:44 | INFO | [Trivy] Report saved successfully.
2026-08-04 01:50:44 | INFO | [Trivy] Processing frontend_20260804_014430.json...
2026-08-04 01:50:44 | INFO | [Trivy] Generating metadata...
2026-08-04 01:50:44 | INFO | Parsed 0 Trivy findings.
2026-08-04 01:50:44 | INFO | [Trivy] Calculating statistics...
2026-08-04 01:50:44 | INFO | [Trivy] Building normalized report...
2026-08-04 01:50:44 | INFO | [Trivy] Saving report...
2026-08-04 01:50:44 | INFO | Writing report: trivy_frontend_20260804_015044_normalized.json
2026-08-04 01:50:44 | INFO | Report written successfully: trivy_frontend_20260804_015044_normalized.json
2026-08-04 01:50:44 | INFO | [Trivy] Report saved successfully.
2026-08-04 01:50:44 | INFO | [Trivy] Calculating statistics...
2026-08-04 01:50:44 | INFO | ======================================================================
2026-08-04 01:50:44 | INFO | Trivy Scan Summary
2026-08-04 01:50:44 | INFO | ----------------------------------------------------------------------
2026-08-04 01:50:44 | INFO | Status         : PASS
2026-08-04 01:50:44 | INFO | Total          : 0
2026-08-04 01:50:44 | INFO | Critical       : 0
2026-08-04 01:50:44 | INFO | High           : 0
2026-08-04 01:50:44 | INFO | Medium         : 0
2026-08-04 01:50:44 | INFO | Low            : 0
2026-08-04 01:50:44 | INFO | Info           : 0
2026-08-04 01:50:44 | INFO | Unknown        : 0
2026-08-04 01:50:44 | INFO | Fixable        : 0
2026-08-04 01:50:44 | INFO | Exploitable    : 0
2026-08-04 01:50:44 | INFO | Compliance     : 100.0%
2026-08-04 01:50:44 | INFO | Duration       : 0.08 sec
2026-08-04 01:50:44 | INFO | ======================================================================
2026-08-04 01:50:44 | INFO | Trivy Parser Completed
2026-08-04 01:50:44 | INFO | ======================================================================
2026-08-04 01:50:44 | INFO | [Trivy] Parser completed successfully.
2026-08-04 02:07:02 | INFO | Registered parser: hadolint
2026-08-04 02:07:02 | INFO | Registered parser: trivy
2026-08-04 02:07:02 | INFO | Registered parser: gitleaks
2026-08-04 02:07:02 | INFO | Registered parser: zap
2026-08-04 02:07:02 | INFO | === STAGE 2: Running Scanners ===
2026-08-04 02:07:02 | INFO | Running Trivy scanner (security/container/trivy.sh)...
2026-08-04 02:07:26 | INFO | Trivy scanner completed successfully.
2026-08-04 02:07:26 | INFO | === STAGE 3: Running Parsers ===
2026-08-04 02:07:26 | INFO | Running parser for tool: trivy
2026-08-04 02:07:26 | INFO | Running parser: trivy
2026-08-04 02:07:26 | INFO | [Trivy] Preparing parser...
2026-08-04 02:07:26 | INFO | ======================================================================
2026-08-04 02:07:26 | INFO | Starting Trivy Parser
2026-08-04 02:07:26 | INFO | ======================================================================
2026-08-04 02:07:26 | INFO | [Trivy] Loading report(s)...
2026-08-04 02:07:26 | INFO | Reading report: backend_20260804_020702.json
2026-08-04 02:07:26 | INFO | Successfully loaded backend_20260804_020702.json
2026-08-04 02:07:26 | INFO | Reading report: frontend_20260804_020702.json
2026-08-04 02:07:26 | INFO | Successfully loaded frontend_20260804_020702.json
2026-08-04 02:07:26 | INFO | [Trivy] Processing backend_20260804_020702.json...
2026-08-04 02:07:26 | INFO | [Trivy] Generating metadata...
2026-08-04 02:07:26 | INFO | Loaded 2 rules for trivy.
2026-08-04 02:07:26 | INFO | Parsed 64 Trivy findings.
2026-08-04 02:07:26 | INFO | [Trivy] Calculating statistics...
2026-08-04 02:07:26 | INFO | [Trivy] Building normalized report...
2026-08-04 02:07:26 | INFO | [Trivy] Saving report...
2026-08-04 02:07:26 | INFO | Writing report: trivy_backend_20260804_020726_normalized.json
2026-08-04 02:07:26 | INFO | Report written successfully: trivy_backend_20260804_020726_normalized.json
2026-08-04 02:07:26 | INFO | [Trivy] Report saved successfully.
2026-08-04 02:07:26 | INFO | [Trivy] Processing frontend_20260804_020702.json...
2026-08-04 02:07:26 | INFO | [Trivy] Generating metadata...
2026-08-04 02:07:26 | INFO | Parsed 0 Trivy findings.
2026-08-04 02:07:26 | INFO | [Trivy] Calculating statistics...
2026-08-04 02:07:26 | INFO | [Trivy] Building normalized report...
2026-08-04 02:07:26 | INFO | [Trivy] Saving report...
2026-08-04 02:07:26 | INFO | Writing report: trivy_frontend_20260804_020726_normalized.json
2026-08-04 02:07:26 | INFO | Report written successfully: trivy_frontend_20260804_020726_normalized.json
2026-08-04 02:07:26 | INFO | [Trivy] Report saved successfully.
2026-08-04 02:07:26 | INFO | [Trivy] Calculating statistics...
2026-08-04 02:07:26 | INFO | ======================================================================
2026-08-04 02:07:26 | INFO | Trivy Scan Summary
2026-08-04 02:07:26 | INFO | ----------------------------------------------------------------------
2026-08-04 02:07:26 | INFO | Status         : PASS
2026-08-04 02:07:26 | INFO | Total          : 64
2026-08-04 02:07:26 | INFO | Critical       : 1
2026-08-04 02:07:26 | INFO | High           : 25
2026-08-04 02:07:26 | INFO | Medium         : 16
2026-08-04 02:07:26 | INFO | Low            : 22
2026-08-04 02:07:26 | INFO | Info           : 0
2026-08-04 02:07:26 | INFO | Unknown        : 0
2026-08-04 02:07:26 | INFO | Fixable        : 64
2026-08-04 02:07:26 | INFO | Exploitable    : 25
2026-08-04 02:07:26 | INFO | Compliance     : 34.38%
2026-08-04 02:07:26 | INFO | Duration       : 0.10 sec
2026-08-04 02:07:26 | INFO | ======================================================================
2026-08-04 02:07:26 | INFO | Trivy Parser Completed
2026-08-04 02:07:26 | INFO | ======================================================================
2026-08-04 02:07:26 | INFO | [Trivy] Parser completed successfully.
2026-08-04 02:10:17 | INFO | Registered parser: hadolint
2026-08-04 02:10:17 | INFO | Registered parser: trivy
2026-08-04 02:10:17 | INFO | Registered parser: gitleaks
2026-08-04 02:10:17 | INFO | Registered parser: zap
2026-08-04 02:10:17 | INFO | === STAGE 4: Aggregating Results ===
2026-08-04 02:10:17 | INFO | Starting master report aggregation with Risk Engine...
2026-08-04 02:10:17 | INFO | Risk Engine Computed: Total Risk Score=156, Level=CRITICAL, Score=0.0%
2026-08-04 02:10:17 | INFO | Master report saved at: compliance/master_reports/master_report.json
2026-08-04 02:10:17 | INFO | Processing Advanced Compliance Layer mappings...
2026-08-04 02:10:17 | INFO | Saved advanced compliance matrix with Overall Compliance Score: 77.8% to compliance/reports/compliance/compliance_matrix.json
2026-08-04 02:10:17 | INFO | Generated Executive HTML Report at compliance/reports/executive_reports/security_report.html
2026-08-04 02:10:17 | INFO | Generated Executive PDF Report at compliance/reports/executive_reports/security_report.pdf
2026-08-04 02:10:17 | INFO | === STAGE 5: Security Gate Evaluation ===
2026-08-04 02:10:17 | INFO | Evaluating Security Gate policy from policy.yaml...
2026-08-04 02:10:17 | INFO | Database Ingestion Successful (Scan ID: SCAN-20260803204017)
2026-08-04 02:15:51 | INFO | Registered parser: hadolint
2026-08-04 02:15:51 | INFO | Registered parser: trivy
2026-08-04 02:15:51 | INFO | Registered parser: gitleaks
2026-08-04 02:15:51 | INFO | Registered parser: zap
2026-08-04 02:15:51 | INFO | === STAGE 2: Running Scanners ===
2026-08-04 02:15:51 | INFO | Running ZAP scanner (security/dast/zap.sh)...
2026-08-04 02:15:51 | INFO | ZAP scanner completed successfully.
2026-08-04 02:15:51 | INFO | === STAGE 3: Running Parsers ===
2026-08-04 02:15:51 | INFO | Running parser for tool: zap
2026-08-04 02:15:51 | INFO | Running parser: zap
2026-08-04 02:15:51 | INFO | ======================================================================
2026-08-04 02:15:51 | INFO | Starting zap Parser
2026-08-04 02:15:51 | INFO | ======================================================================
2026-08-04 02:15:51 | INFO | [zap] Loading report(s)...
2026-08-04 02:15:51 | INFO | Reading report: zap_20260804_021551.json
2026-08-04 02:15:51 | INFO | Successfully loaded zap_20260804_021551.json
2026-08-04 02:15:51 | INFO | [zap] Processing zap_20260804_021551.json...
2026-08-04 02:15:51 | INFO | [zap] Generating metadata...
2026-08-04 02:15:51 | INFO | [zap] Calculating statistics...
2026-08-04 02:15:51 | INFO | [zap] Building normalized report...
2026-08-04 02:15:51 | INFO | [zap] Saving report...
2026-08-04 02:15:51 | INFO | Writing report: zap_20260804_021551_normalized.json
2026-08-04 02:15:51 | INFO | Report written successfully: zap_20260804_021551_normalized.json
2026-08-04 02:15:51 | INFO | [zap] Report saved successfully.
2026-08-04 02:15:51 | INFO | [zap] Calculating statistics...
2026-08-04 02:15:51 | INFO | ======================================================================
2026-08-04 02:15:51 | INFO | zap Scan Summary
2026-08-04 02:15:51 | INFO | ----------------------------------------------------------------------
2026-08-04 02:15:51 | INFO | Status         : PASS
2026-08-04 02:15:51 | INFO | Total          : 0
2026-08-04 02:15:51 | INFO | Critical       : 0
2026-08-04 02:15:51 | INFO | High           : 0
2026-08-04 02:15:51 | INFO | Medium         : 0
2026-08-04 02:15:51 | INFO | Low            : 0
2026-08-04 02:15:51 | INFO | Info           : 0
2026-08-04 02:15:51 | INFO | Unknown        : 0
2026-08-04 02:15:51 | INFO | Fixable        : 0
2026-08-04 02:15:51 | INFO | Exploitable    : 0
2026-08-04 02:15:51 | INFO | Compliance     : 100.0%
2026-08-04 02:15:51 | INFO | Duration       : 0.04 sec
2026-08-04 02:15:51 | INFO | ======================================================================
2026-08-04 02:15:51 | INFO | zap Parser Completed
2026-08-04 02:15:51 | INFO | ======================================================================
2026-08-04 02:18:24 | INFO | Registered parser: hadolint
2026-08-04 02:18:24 | INFO | Registered parser: trivy
2026-08-04 02:18:24 | INFO | Registered parser: gitleaks
2026-08-04 02:18:24 | INFO | Registered parser: zap
2026-08-04 02:18:24 | INFO | === STAGE 2: Running Scanners ===
2026-08-04 02:18:24 | INFO | Running ZAP scanner (security/dast/zap.sh)...
2026-08-04 02:18:46 | INFO | ZAP scanner completed successfully.
2026-08-04 02:18:46 | INFO | === STAGE 3: Running Parsers ===
2026-08-04 02:18:46 | INFO | Running parser for tool: zap
2026-08-04 02:18:46 | INFO | Running parser: zap
2026-08-04 02:18:46 | INFO | ======================================================================
2026-08-04 02:18:46 | INFO | Starting zap Parser
2026-08-04 02:18:46 | INFO | ======================================================================
2026-08-04 02:18:46 | INFO | [zap] Loading report(s)...
2026-08-04 02:18:46 | INFO | Reading report: zap_20260804_021824.json
2026-08-04 02:18:46 | INFO | Successfully loaded zap_20260804_021824.json
2026-08-04 02:18:46 | INFO | [zap] Processing zap_20260804_021824.json...
2026-08-04 02:18:46 | INFO | [zap] Generating metadata...
2026-08-04 02:18:46 | INFO | [zap] Calculating statistics...
2026-08-04 02:18:46 | INFO | [zap] Building normalized report...
2026-08-04 02:18:46 | INFO | [zap] Saving report...
2026-08-04 02:18:46 | INFO | Writing report: zap_20260804_021846_normalized.json
2026-08-04 02:18:46 | INFO | Report written successfully: zap_20260804_021846_normalized.json
2026-08-04 02:18:46 | INFO | [zap] Report saved successfully.
2026-08-04 02:18:46 | INFO | [zap] Calculating statistics...
2026-08-04 02:18:46 | INFO | ======================================================================
2026-08-04 02:18:46 | INFO | zap Scan Summary
2026-08-04 02:18:46 | INFO | ----------------------------------------------------------------------
2026-08-04 02:18:46 | INFO | Status         : PASS
2026-08-04 02:18:46 | INFO | Total          : 0
2026-08-04 02:18:46 | INFO | Critical       : 0
2026-08-04 02:18:46 | INFO | High           : 0
2026-08-04 02:18:46 | INFO | Medium         : 0
2026-08-04 02:18:46 | INFO | Low            : 0
2026-08-04 02:18:46 | INFO | Info           : 0
2026-08-04 02:18:46 | INFO | Unknown        : 0
2026-08-04 02:18:46 | INFO | Fixable        : 0
2026-08-04 02:18:46 | INFO | Exploitable    : 0
2026-08-04 02:18:46 | INFO | Compliance     : 100.0%
2026-08-04 02:18:46 | INFO | Duration       : 0.02 sec
2026-08-04 02:18:46 | INFO | ======================================================================
2026-08-04 02:18:46 | INFO | zap Parser Completed
2026-08-04 02:18:46 | INFO | ======================================================================
2026-08-04 02:22:12 | INFO | Registered parser: hadolint
2026-08-04 02:22:12 | INFO | Registered parser: trivy
2026-08-04 02:22:12 | INFO | Registered parser: gitleaks
2026-08-04 02:22:12 | INFO | Registered parser: zap
2026-08-04 02:22:12 | INFO | === STAGE 2: Running Scanners ===
2026-08-04 02:22:12 | INFO | Running ZAP scanner (security/dast/zap.sh)...
2026-08-04 02:22:34 | INFO | ZAP scanner completed successfully.
2026-08-04 02:22:34 | INFO | === STAGE 3: Running Parsers ===
2026-08-04 02:22:34 | INFO | Running parser for tool: zap
2026-08-04 02:22:34 | INFO | Running parser: zap
2026-08-04 02:22:34 | INFO | ======================================================================
2026-08-04 02:22:34 | INFO | Starting zap Parser
2026-08-04 02:22:34 | INFO | ======================================================================
2026-08-04 02:22:34 | INFO | [zap] Loading report(s)...
2026-08-04 02:22:34 | INFO | Reading report: zap_20260804_022212.json
2026-08-04 02:22:34 | INFO | Successfully loaded zap_20260804_022212.json
2026-08-04 02:22:34 | INFO | [zap] Processing zap_20260804_022212.json...
2026-08-04 02:22:34 | INFO | [zap] Generating metadata...
2026-08-04 02:22:34 | INFO | [zap] Calculating statistics...
2026-08-04 02:22:34 | INFO | [zap] Building normalized report...
2026-08-04 02:22:34 | INFO | [zap] Saving report...
2026-08-04 02:22:34 | INFO | Writing report: zap_20260804_022234_normalized.json
2026-08-04 02:22:34 | INFO | Report written successfully: zap_20260804_022234_normalized.json
2026-08-04 02:22:34 | INFO | [zap] Report saved successfully.
2026-08-04 02:22:34 | INFO | [zap] Calculating statistics...
2026-08-04 02:22:34 | INFO | ======================================================================
2026-08-04 02:22:34 | INFO | zap Scan Summary
2026-08-04 02:22:34 | INFO | ----------------------------------------------------------------------
2026-08-04 02:22:34 | INFO | Status         : PASS
2026-08-04 02:22:34 | INFO | Total          : 0
2026-08-04 02:22:34 | INFO | Critical       : 0
2026-08-04 02:22:34 | INFO | High           : 0
2026-08-04 02:22:34 | INFO | Medium         : 0
2026-08-04 02:22:34 | INFO | Low            : 0
2026-08-04 02:22:34 | INFO | Info           : 0
2026-08-04 02:22:34 | INFO | Unknown        : 0
2026-08-04 02:22:34 | INFO | Fixable        : 0
2026-08-04 02:22:34 | INFO | Exploitable    : 0
2026-08-04 02:22:34 | INFO | Compliance     : 100.0%
2026-08-04 02:22:34 | INFO | Duration       : 0.03 sec
2026-08-04 02:22:34 | INFO | ======================================================================
2026-08-04 02:22:34 | INFO | zap Parser Completed
2026-08-04 02:22:34 | INFO | ======================================================================
2026-08-04 02:24:50 | INFO | Registered parser: hadolint
2026-08-04 02:24:50 | INFO | Registered parser: trivy
2026-08-04 02:24:50 | INFO | Registered parser: gitleaks
2026-08-04 02:24:50 | INFO | Registered parser: zap
2026-08-04 02:24:50 | INFO | === STAGE 2: Running Scanners ===
2026-08-04 02:24:50 | INFO | Running ZAP scanner (security/dast/zap.sh)...
2026-08-04 02:27:24 | INFO | ZAP scanner completed successfully.
2026-08-04 02:27:24 | INFO | === STAGE 3: Running Parsers ===
2026-08-04 02:27:24 | INFO | Running parser for tool: zap
2026-08-04 02:27:24 | INFO | Running parser: zap
2026-08-04 02:27:24 | INFO | ======================================================================
2026-08-04 02:27:24 | INFO | Starting zap Parser
2026-08-04 02:27:24 | INFO | ======================================================================
2026-08-04 02:27:24 | INFO | [zap] Loading report(s)...
2026-08-04 02:27:24 | INFO | Reading report: zap_20260804_022450.json
2026-08-04 02:27:24 | INFO | Successfully loaded zap_20260804_022450.json
2026-08-04 02:27:24 | INFO | [zap] Processing zap_20260804_022450.json...
2026-08-04 02:27:24 | INFO | [zap] Generating metadata...
2026-08-04 02:27:24 | INFO | [zap] Calculating statistics...
2026-08-04 02:27:24 | INFO | [zap] Building normalized report...
2026-08-04 02:27:24 | INFO | [zap] Saving report...
2026-08-04 02:27:24 | INFO | Writing report: zap_20260804_022724_normalized.json
2026-08-04 02:27:24 | INFO | Report written successfully: zap_20260804_022724_normalized.json
2026-08-04 02:27:24 | INFO | [zap] Report saved successfully.
2026-08-04 02:27:24 | INFO | [zap] Calculating statistics...
2026-08-04 02:27:24 | INFO | ======================================================================
2026-08-04 02:27:24 | INFO | zap Scan Summary
2026-08-04 02:27:24 | INFO | ----------------------------------------------------------------------
2026-08-04 02:27:24 | INFO | Status         : PASS
2026-08-04 02:27:24 | INFO | Total          : 0
2026-08-04 02:27:24 | INFO | Critical       : 0
2026-08-04 02:27:24 | INFO | High           : 0
2026-08-04 02:27:24 | INFO | Medium         : 0
2026-08-04 02:27:24 | INFO | Low            : 0
2026-08-04 02:27:24 | INFO | Info           : 0
2026-08-04 02:27:24 | INFO | Unknown        : 0
2026-08-04 02:27:24 | INFO | Fixable        : 0
2026-08-04 02:27:24 | INFO | Exploitable    : 0
2026-08-04 02:27:24 | INFO | Compliance     : 100.0%
2026-08-04 02:27:24 | INFO | Duration       : 0.01 sec
2026-08-04 02:27:24 | INFO | ======================================================================
2026-08-04 02:27:24 | INFO | zap Parser Completed
2026-08-04 02:27:24 | INFO | ======================================================================
2026-08-04 02:35:16 | INFO | Registered parser: hadolint
2026-08-04 02:35:16 | INFO | Registered parser: trivy
2026-08-04 02:35:16 | INFO | Registered parser: gitleaks
2026-08-04 02:35:16 | INFO | Registered parser: zap
2026-08-04 02:35:16 | INFO | === STAGE 2: Running Scanners ===
2026-08-04 02:35:16 | INFO | Running ZAP scanner (security/dast/zap.sh)...
2026-08-04 02:37:01 | INFO | ZAP scanner completed successfully.
2026-08-04 02:37:01 | INFO | === STAGE 3: Running Parsers ===
2026-08-04 02:37:01 | INFO | Running parser for tool: zap
2026-08-04 02:37:01 | INFO | Running parser: zap
2026-08-04 02:37:01 | INFO | ======================================================================
2026-08-04 02:37:01 | INFO | Starting zap Parser
2026-08-04 02:37:01 | INFO | ======================================================================
2026-08-04 02:37:01 | INFO | [zap] Loading report(s)...
2026-08-04 02:37:01 | INFO | Reading report: zap_20260804_023516.json
2026-08-04 02:37:01 | INFO | Successfully loaded zap_20260804_023516.json
2026-08-04 02:37:01 | INFO | [zap] Processing zap_20260804_023516.json...
2026-08-04 02:37:01 | INFO | [zap] Generating metadata...
2026-08-04 02:37:01 | INFO | [zap] Calculating statistics...
2026-08-04 02:37:01 | INFO | [zap] Building normalized report...
2026-08-04 02:37:01 | INFO | [zap] Saving report...
2026-08-04 02:37:01 | INFO | Writing report: zap_20260804_023701_normalized.json
2026-08-04 02:37:01 | INFO | Report written successfully: zap_20260804_023701_normalized.json
2026-08-04 02:37:01 | INFO | [zap] Report saved successfully.
2026-08-04 02:37:01 | INFO | [zap] Calculating statistics...
2026-08-04 02:37:01 | INFO | ======================================================================
2026-08-04 02:37:01 | INFO | zap Scan Summary
2026-08-04 02:37:01 | INFO | ----------------------------------------------------------------------
2026-08-04 02:37:01 | INFO | Status         : WARN
2026-08-04 02:37:01 | INFO | Total          : 4
2026-08-04 02:37:01 | INFO | Critical       : 0
2026-08-04 02:37:01 | INFO | High           : 0
2026-08-04 02:37:01 | INFO | Medium         : 2
2026-08-04 02:37:01 | INFO | Low            : 1
2026-08-04 02:37:01 | INFO | Info           : 1
2026-08-04 02:37:01 | INFO | Unknown        : 0
2026-08-04 02:37:01 | INFO | Fixable        : 0
2026-08-04 02:37:01 | INFO | Exploitable    : 0
2026-08-04 02:37:01 | INFO | Compliance     : 50.0%
2026-08-04 02:37:01 | INFO | Duration       : 0.01 sec
2026-08-04 02:37:01 | INFO | ======================================================================
2026-08-04 02:37:01 | INFO | zap Parser Completed
2026-08-04 02:37:01 | INFO | ======================================================================
2026-08-04 03:12:56 | INFO | Registered parser: hadolint
2026-08-04 03:12:56 | INFO | Registered parser: trivy
2026-08-04 03:12:56 | INFO | Registered parser: gitleaks
2026-08-04 03:12:56 | INFO | Registered parser: zap
2026-08-04 03:12:56 | INFO | === STAGE 4: Aggregating Results ===
2026-08-04 03:12:56 | INFO | Starting master report aggregation with Risk Engine...
2026-08-04 03:12:56 | INFO | Risk Engine Computed: Total Risk Score=161, Level=CRITICAL, Score=0.0%
2026-08-04 03:12:56 | INFO | Master report saved at: compliance/master_reports/master_report.json
2026-08-04 03:12:56 | INFO | Processing Advanced Compliance Layer mappings...
2026-08-04 03:12:56 | INFO | Saved advanced compliance matrix with Overall Compliance Score: 77.8% to compliance/reports/compliance/compliance_matrix.json
2026-08-04 03:12:56 | INFO | Generated Executive HTML Report at compliance/reports/executive_reports/security_report.html
2026-08-04 03:12:56 | INFO | Generated Executive PDF Report at compliance/reports/executive_reports/security_report.pdf
2026-08-04 03:17:16 | INFO | Registered parser: hadolint
2026-08-04 03:17:16 | INFO | Registered parser: trivy
2026-08-04 03:17:16 | INFO | Registered parser: gitleaks
2026-08-04 03:17:16 | INFO | Registered parser: zap
2026-08-04 03:17:22 | INFO | Registered parser: hadolint
2026-08-04 03:17:22 | INFO | Registered parser: trivy
2026-08-04 03:17:22 | INFO | Registered parser: gitleaks
2026-08-04 03:17:22 | INFO | Registered parser: zap
2026-08-04 22:38:46 | INFO | Registered parser: hadolint
2026-08-04 22:38:46 | INFO | Registered parser: trivy
2026-08-04 22:38:46 | INFO | Registered parser: gitleaks
2026-08-04 22:38:46 | INFO | Registered parser: zap
2026-08-04 22:39:30 | INFO | Registered parser: hadolint
2026-08-04 22:39:30 | INFO | Registered parser: trivy
2026-08-04 22:39:30 | INFO | Registered parser: gitleaks
2026-08-04 22:39:30 | INFO | Registered parser: zap
2026-08-04 22:39:30 | INFO | === STAGE 4: Aggregating Results ===
2026-08-04 22:39:30 | INFO | Starting master report aggregation with Risk Engine...
2026-08-04 22:39:30 | INFO | Risk Engine Computed: Total Risk Score=161, Level=CRITICAL, Score=0.0%
2026-08-04 22:39:30 | INFO | Master report saved at: compliance/master_reports/master_report.json
2026-08-04 22:39:30 | INFO | Processing Advanced Compliance Layer mappings...
2026-08-04 22:39:30 | INFO | Saved advanced compliance matrix with Overall Compliance Score: 77.8% to compliance/reports/compliance/compliance_matrix.json
2026-08-04 22:39:30 | INFO | Generated Executive HTML Report at compliance/reports/executive_reports/security_report.html
2026-08-04 22:39:30 | INFO | Generated Executive PDF Report at compliance/reports/executive_reports/security_report.pdf
2026-08-04 22:39:30 | INFO | Evaluating Security Gate policy from policy.yaml...
2026-08-04 22:39:30 | INFO | Database Ingestion Successful (Scan ID: SCAN-20260804170930)
2026-08-04 22:48:34 | INFO | Registered parser: hadolint
2026-08-04 22:48:34 | INFO | Registered parser: trivy
2026-08-04 22:48:34 | INFO | Registered parser: gitleaks
2026-08-04 22:48:34 | INFO | Registered parser: zap
2026-08-04 22:48:34 | INFO | === STAGE 1: Pre-flight Checks ===
2026-08-04 22:48:34 | INFO | Pre-flight Checks Passed.
2026-08-04 22:48:34 | INFO | === STAGE 2: Running Scanners ===
2026-08-04 22:48:34 | INFO | Running Gitleaks scanner (security/secrets/gitleaks.sh)...
2026-08-04 22:48:39 | INFO | Gitleaks scanner completed successfully.
2026-08-04 22:48:39 | INFO | === STAGE 3: Running Parsers ===
2026-08-04 22:48:39 | INFO | Running parser for tool: gitleaks
2026-08-04 22:48:39 | INFO | Running parser: gitleaks
2026-08-04 22:48:39 | INFO | [Gitleaks] Preparing parser...
2026-08-04 22:48:39 | INFO | ======================================================================
2026-08-04 22:48:39 | INFO | Starting Gitleaks Parser
2026-08-04 22:48:39 | INFO | ======================================================================
2026-08-04 22:48:39 | INFO | [Gitleaks] Loading report(s)...
2026-08-04 22:48:39 | INFO | Reading report: gitleaks_20260804_224834.json
2026-08-04 22:48:39 | INFO | Successfully loaded gitleaks_20260804_224834.json
2026-08-04 22:48:39 | INFO | [Gitleaks] Processing gitleaks_20260804_224834.json...
2026-08-04 22:48:39 | INFO | [Gitleaks] Validating report...
2026-08-04 22:48:39 | INFO | [Gitleaks] Generating metadata...
2026-08-04 22:48:39 | INFO | Loaded 8 rules for gitleaks.
2026-08-04 22:48:39 | INFO | Parsed 4 Gitleaks findings.
2026-08-04 22:48:39 | INFO | [Gitleaks] Calculating statistics...
2026-08-04 22:48:39 | INFO | [Gitleaks] Building normalized report...
2026-08-04 22:48:39 | INFO | [Gitleaks] Saving report...
2026-08-04 22:48:39 | INFO | Writing report: gitleaks_20260804_224839_normalized.json
2026-08-04 22:48:39 | INFO | Report written successfully: gitleaks_20260804_224839_normalized.json
2026-08-04 22:48:39 | INFO | [Gitleaks] Report saved successfully.
2026-08-04 22:48:39 | INFO | [Gitleaks] Calculating statistics...
2026-08-04 22:48:39 | INFO | ======================================================================
2026-08-04 22:48:39 | INFO | Gitleaks Scan Summary
2026-08-04 22:48:39 | INFO | ----------------------------------------------------------------------
2026-08-04 22:48:39 | INFO | Status         : FAIL
2026-08-04 22:48:39 | INFO | Total          : 4
2026-08-04 22:48:39 | INFO | Critical       : 4
2026-08-04 22:48:39 | INFO | High           : 0
2026-08-04 22:48:39 | INFO | Medium         : 0
2026-08-04 22:48:39 | INFO | Low            : 0
2026-08-04 22:48:39 | INFO | Info           : 0
2026-08-04 22:48:39 | INFO | Unknown        : 0
2026-08-04 22:48:39 | INFO | Fixable        : 0
2026-08-04 22:48:39 | INFO | Exploitable    : 0
2026-08-04 22:48:39 | INFO | Compliance     : 0.0%
2026-08-04 22:48:39 | INFO | Duration       : 0.03 sec
2026-08-04 22:48:39 | INFO | ======================================================================
2026-08-04 22:48:39 | INFO | Gitleaks Parser Completed
2026-08-04 22:48:39 | INFO | ======================================================================
2026-08-04 22:48:39 | INFO | [Gitleaks] Parser completed successfully.
2026-08-04 22:49:45 | INFO | Registered parser: hadolint
2026-08-04 22:49:45 | INFO | Registered parser: trivy
2026-08-04 22:49:45 | INFO | Registered parser: gitleaks
2026-08-04 22:49:45 | INFO | Registered parser: zap
2026-08-04 22:49:45 | INFO | === STAGE 1: Pre-flight Checks ===
2026-08-04 22:49:45 | INFO | Pre-flight Checks Passed.
2026-08-04 22:49:45 | INFO | === STAGE 2: Running Scanners ===
2026-08-04 22:49:45 | INFO | Running Gitleaks scanner (security/secrets/gitleaks.sh)...
2026-08-04 22:49:51 | INFO | Gitleaks scanner completed successfully.
2026-08-04 22:49:51 | INFO | Running Hadolint scanner (security/container/hadolint.sh)...
2026-08-04 22:49:54 | WARNING | Hadolint scanner exited with code 1
2026-08-04 22:49:54 | INFO | === STAGE 3: Running Parsers ===
2026-08-04 22:49:54 | INFO | Running parser for tool: gitleaks
2026-08-04 22:49:54 | INFO | Running parser: gitleaks
2026-08-04 22:49:54 | INFO | [Gitleaks] Preparing parser...
2026-08-04 22:49:54 | INFO | ======================================================================
2026-08-04 22:49:54 | INFO | Starting Gitleaks Parser
2026-08-04 22:49:54 | INFO | ======================================================================
2026-08-04 22:49:54 | INFO | [Gitleaks] Loading report(s)...
2026-08-04 22:49:54 | INFO | Reading report: gitleaks_20260804_224945.json
2026-08-04 22:49:54 | INFO | Successfully loaded gitleaks_20260804_224945.json
2026-08-04 22:49:54 | INFO | [Gitleaks] Processing gitleaks_20260804_224945.json...
2026-08-04 22:49:54 | INFO | [Gitleaks] Validating report...
2026-08-04 22:49:54 | INFO | [Gitleaks] Generating metadata...
2026-08-04 22:49:54 | INFO | Loaded 8 rules for gitleaks.
2026-08-04 22:49:54 | INFO | Parsed 4 Gitleaks findings.
2026-08-04 22:49:54 | INFO | [Gitleaks] Calculating statistics...
2026-08-04 22:49:54 | INFO | [Gitleaks] Building normalized report...
2026-08-04 22:49:54 | INFO | [Gitleaks] Saving report...
2026-08-04 22:49:54 | INFO | Writing report: gitleaks_20260804_224954_normalized.json
2026-08-04 22:49:54 | INFO | Report written successfully: gitleaks_20260804_224954_normalized.json
2026-08-04 22:49:54 | INFO | [Gitleaks] Report saved successfully.
2026-08-04 22:49:54 | INFO | [Gitleaks] Calculating statistics...
2026-08-04 22:49:54 | INFO | ======================================================================
2026-08-04 22:49:54 | INFO | Gitleaks Scan Summary
2026-08-04 22:49:54 | INFO | ----------------------------------------------------------------------
2026-08-04 22:49:54 | INFO | Status         : FAIL
2026-08-04 22:49:54 | INFO | Total          : 4
2026-08-04 22:49:54 | INFO | Critical       : 4
2026-08-04 22:49:54 | INFO | High           : 0
2026-08-04 22:49:54 | INFO | Medium         : 0
2026-08-04 22:49:54 | INFO | Low            : 0
2026-08-04 22:49:54 | INFO | Info           : 0
2026-08-04 22:49:54 | INFO | Unknown        : 0
2026-08-04 22:49:54 | INFO | Fixable        : 0
2026-08-04 22:49:54 | INFO | Exploitable    : 0
2026-08-04 22:49:54 | INFO | Compliance     : 0.0%
2026-08-04 22:49:54 | INFO | Duration       : 0.03 sec
2026-08-04 22:49:54 | INFO | ======================================================================
2026-08-04 22:49:54 | INFO | Gitleaks Parser Completed
2026-08-04 22:49:54 | INFO | ======================================================================
2026-08-04 22:49:54 | INFO | [Gitleaks] Parser completed successfully.
2026-08-04 22:49:54 | INFO | Running parser for tool: hadolint
2026-08-04 22:49:54 | INFO | Running parser: hadolint
2026-08-04 22:49:54 | INFO | [Hadolint] Preparing parser...
2026-08-04 22:49:54 | INFO | ======================================================================
2026-08-04 22:49:54 | INFO | Starting Hadolint Parser
2026-08-04 22:49:54 | INFO | ======================================================================
2026-08-04 22:49:54 | INFO | [Hadolint] Loading report(s)...
2026-08-04 22:49:54 | INFO | Reading report: frontend_20260804_224951.json
2026-08-04 22:49:54 | INFO | Successfully loaded frontend_20260804_224951.json
2026-08-04 22:49:54 | INFO | Reading report: backend_20260804_224951.json
2026-08-04 22:49:54 | INFO | Successfully loaded backend_20260804_224951.json
2026-08-04 22:49:54 | INFO | [Hadolint] Processing frontend_20260804_224951.json...
2026-08-04 22:49:54 | INFO | [Hadolint] Validating report...
2026-08-04 22:49:54 | INFO | [Hadolint] Generating metadata...
2026-08-04 22:49:54 | INFO | Loaded 66 rules for hadolint.
2026-08-04 22:49:54 | INFO | Parsed 1 Hadolint findings.
2026-08-04 22:49:54 | INFO | [Hadolint] Calculating statistics...
2026-08-04 22:49:54 | INFO | [Hadolint] Building normalized report...
2026-08-04 22:49:54 | INFO | [Hadolint] Saving report...
2026-08-04 22:49:54 | INFO | Writing report: hadolint_frontend_20260804_224954_normalized.json
2026-08-04 22:49:54 | INFO | Report written successfully: hadolint_frontend_20260804_224954_normalized.json
2026-08-04 22:49:54 | INFO | [Hadolint] Report saved successfully.
2026-08-04 22:49:54 | INFO | [Hadolint] Processing backend_20260804_224951.json...
2026-08-04 22:49:54 | INFO | [Hadolint] Validating report...
2026-08-04 22:49:54 | INFO | [Hadolint] Generating metadata...
2026-08-04 22:49:54 | WARNING | Hadolint report is empty.
2026-08-04 22:49:54 | INFO | [Hadolint] Calculating statistics...
2026-08-04 22:49:54 | INFO | [Hadolint] Building normalized report...
2026-08-04 22:49:54 | INFO | [Hadolint] Saving report...
2026-08-04 22:49:54 | INFO | Writing report: hadolint_backend_20260804_224954_normalized.json
2026-08-04 22:49:54 | INFO | Report written successfully: hadolint_backend_20260804_224954_normalized.json
2026-08-04 22:49:54 | INFO | [Hadolint] Report saved successfully.
2026-08-04 22:49:54 | INFO | [Hadolint] Calculating statistics...
2026-08-04 22:49:54 | INFO | ======================================================================
2026-08-04 22:49:54 | INFO | Hadolint Scan Summary
2026-08-04 22:49:54 | INFO | ----------------------------------------------------------------------
2026-08-04 22:49:54 | INFO | Status         : PASS
2026-08-04 22:49:54 | INFO | Total          : 1
2026-08-04 22:49:54 | INFO | Critical       : 0
2026-08-04 22:49:54 | INFO | High           : 0
2026-08-04 22:49:54 | INFO | Medium         : 0
2026-08-04 22:49:54 | INFO | Low            : 0
2026-08-04 22:49:54 | INFO | Info           : 1
2026-08-04 22:49:54 | INFO | Unknown        : 0
2026-08-04 22:49:54 | INFO | Fixable        : 0
2026-08-04 22:49:54 | INFO | Exploitable    : 0
2026-08-04 22:49:54 | INFO | Compliance     : 100.0%
2026-08-04 22:49:54 | INFO | Duration       : 0.02 sec
2026-08-04 22:49:54 | INFO | ======================================================================
2026-08-04 22:49:54 | INFO | Hadolint Parser Completed
2026-08-04 22:49:54 | INFO | ======================================================================
2026-08-04 22:49:54 | INFO | [Hadolint] Parser completed successfully.
2026-08-04 22:50:09 | INFO | Registered parser: hadolint
2026-08-04 22:50:09 | INFO | Registered parser: trivy
2026-08-04 22:50:09 | INFO | Registered parser: gitleaks
2026-08-04 22:50:09 | INFO | Registered parser: zap
2026-08-04 22:50:09 | INFO | === STAGE 4: Aggregating Results ===
2026-08-04 22:50:09 | INFO | Starting master report aggregation with Risk Engine...
2026-08-04 22:50:09 | INFO | Risk Engine Computed: Total Risk Score=171, Level=CRITICAL, Score=0.0%
2026-08-04 22:50:09 | INFO | Master report saved at: compliance/master_reports/master_report.json
2026-08-04 22:50:09 | INFO | Processing Advanced Compliance Layer mappings...
2026-08-04 22:50:09 | INFO | Saved advanced compliance matrix with Overall Compliance Score: 77.8% to compliance/reports/compliance/compliance_matrix.json
2026-08-04 22:50:09 | INFO | Generated Executive HTML Report at compliance/reports/executive_reports/security_report.html
2026-08-04 22:50:09 | INFO | Generated Executive PDF Report at compliance/reports/executive_reports/security_report.pdf
2026-08-04 22:50:17 | INFO | Registered parser: hadolint
2026-08-04 22:50:17 | INFO | Registered parser: trivy
2026-08-04 22:50:17 | INFO | Registered parser: gitleaks
2026-08-04 22:50:17 | INFO | Registered parser: zap
2026-08-04 22:50:17 | INFO | === STAGE 4: Aggregating Results ===
2026-08-04 22:50:17 | INFO | Starting master report aggregation with Risk Engine...
2026-08-04 22:50:17 | INFO | Risk Engine Computed: Total Risk Score=171, Level=CRITICAL, Score=0.0%
2026-08-04 22:50:17 | INFO | Master report saved at: compliance/master_reports/master_report.json
2026-08-04 22:50:17 | INFO | Processing Advanced Compliance Layer mappings...
2026-08-04 22:50:17 | INFO | Saved advanced compliance matrix with Overall Compliance Score: 77.8% to compliance/reports/compliance/compliance_matrix.json
2026-08-04 22:50:17 | INFO | Generated Executive HTML Report at compliance/reports/executive_reports/security_report.html
2026-08-04 22:50:17 | INFO | Generated Executive PDF Report at compliance/reports/executive_reports/security_report.pdf
2026-08-04 22:50:17 | INFO | Evaluating Security Gate policy from policy.yaml...
2026-08-04 22:50:17 | INFO | Database Ingestion Successful (Scan ID: SCAN-20260804172017)
2026-08-04 22:50:24 | INFO | Registered parser: hadolint
2026-08-04 22:50:24 | INFO | Registered parser: trivy
2026-08-04 22:50:24 | INFO | Registered parser: gitleaks
2026-08-04 22:50:24 | INFO | Registered parser: zap
2026-08-04 22:50:24 | INFO | === STAGE 4: Aggregating Results ===
2026-08-04 22:50:24 | INFO | Starting master report aggregation with Risk Engine...
2026-08-04 22:50:24 | INFO | Risk Engine Computed: Total Risk Score=171, Level=CRITICAL, Score=0.0%
2026-08-04 22:50:24 | INFO | Master report saved at: compliance/master_reports/master_report.json
2026-08-04 22:50:24 | INFO | Processing Advanced Compliance Layer mappings...
2026-08-04 22:50:24 | INFO | Saved advanced compliance matrix with Overall Compliance Score: 77.8% to compliance/reports/compliance/compliance_matrix.json
2026-08-04 22:50:24 | INFO | Generated Executive HTML Report at compliance/reports/executive_reports/security_report.html
2026-08-04 22:50:24 | INFO | Generated Executive PDF Report at compliance/reports/executive_reports/security_report.pdf
2026-08-04 22:50:24 | INFO | Evaluating Security Gate policy from policy.yaml...
2026-08-04 22:50:24 | INFO | Database Ingestion Successful (Scan ID: SCAN-20260804172024)
2026-08-04 22:50:31 | INFO | Registered parser: hadolint
2026-08-04 22:50:31 | INFO | Registered parser: trivy
2026-08-04 22:50:31 | INFO | Registered parser: gitleaks
2026-08-04 22:50:31 | INFO | Registered parser: zap
2026-08-04 22:50:40 | INFO | Registered parser: hadolint
2026-08-04 22:50:40 | INFO | Registered parser: trivy
2026-08-04 22:50:40 | INFO | Registered parser: gitleaks
2026-08-04 22:50:40 | INFO | Registered parser: zap
2026-08-05 00:59:52 | INFO | Registered parser: hadolint
2026-08-05 00:59:52 | INFO | Registered parser: trivy
2026-08-05 00:59:52 | INFO | Registered parser: gitleaks
2026-08-05 00:59:52 | INFO | Registered parser: zap
2026-08-05 00:59:52 | INFO | === STAGE 1: Pre-flight Checks ===
2026-08-05 00:59:53 | INFO | Pre-flight Checks Passed.
2026-08-05 00:59:53 | INFO | === STAGE 2: Running Scanners ===
2026-08-05 00:59:53 | INFO | Running Gitleaks scanner (security/secrets/gitleaks.sh)...
2026-08-05 01:00:00 | INFO | Gitleaks scanner completed successfully.
2026-08-05 01:00:00 | INFO | === STAGE 3: Running Parsers ===
2026-08-05 01:00:00 | INFO | Running parser for tool: gitleaks
2026-08-05 01:00:00 | INFO | Running parser: gitleaks
2026-08-05 01:00:00 | INFO | [Gitleaks] Preparing parser...
2026-08-05 01:00:00 | INFO | ======================================================================
2026-08-05 01:00:00 | INFO | Starting Gitleaks Parser
2026-08-05 01:00:00 | INFO | ======================================================================
2026-08-05 01:00:00 | INFO | [Gitleaks] Loading report(s)...
2026-08-05 01:00:00 | INFO | Reading report: gitleaks_20260805_005954.json
2026-08-05 01:00:00 | INFO | Successfully loaded gitleaks_20260805_005954.json
2026-08-05 01:00:00 | INFO | [Gitleaks] Processing gitleaks_20260805_005954.json...
2026-08-05 01:00:00 | INFO | [Gitleaks] Validating report...
2026-08-05 01:00:00 | INFO | [Gitleaks] Generating metadata...
2026-08-05 01:00:00 | INFO | Loaded 8 rules for gitleaks.
2026-08-05 01:00:00 | INFO | Parsed 4 Gitleaks findings.
2026-08-05 01:00:00 | INFO | [Gitleaks] Calculating statistics...
2026-08-05 01:00:00 | INFO | [Gitleaks] Building normalized report...
2026-08-05 01:00:00 | INFO | [Gitleaks] Saving report...
2026-08-05 01:00:00 | INFO | Writing report: gitleaks_20260805_010000_normalized.json
2026-08-05 01:00:00 | INFO | Report written successfully: gitleaks_20260805_010000_normalized.json
2026-08-05 01:00:00 | INFO | [Gitleaks] Report saved successfully.
2026-08-05 01:00:00 | INFO | [Gitleaks] Calculating statistics...
2026-08-05 01:00:00 | INFO | ======================================================================
2026-08-05 01:00:00 | INFO | Gitleaks Scan Summary
2026-08-05 01:00:00 | INFO | ----------------------------------------------------------------------
2026-08-05 01:00:00 | INFO | Status         : FAIL
2026-08-05 01:00:00 | INFO | Total          : 4
2026-08-05 01:00:00 | INFO | Critical       : 4
2026-08-05 01:00:00 | INFO | High           : 0
2026-08-05 01:00:00 | INFO | Medium         : 0
2026-08-05 01:00:00 | INFO | Low            : 0
2026-08-05 01:00:00 | INFO | Info           : 0
2026-08-05 01:00:00 | INFO | Unknown        : 0
2026-08-05 01:00:00 | INFO | Fixable        : 0
2026-08-05 01:00:00 | INFO | Exploitable    : 0
2026-08-05 01:00:00 | INFO | Compliance     : 0.0%
2026-08-05 01:00:00 | INFO | Duration       : 0.03 sec
2026-08-05 01:00:00 | INFO | ======================================================================
2026-08-05 01:00:00 | INFO | Gitleaks Parser Completed
2026-08-05 01:00:00 | INFO | ======================================================================
2026-08-05 01:00:00 | INFO | [Gitleaks] Parser completed successfully.
2026-08-05 19:37:08 | INFO | Registered parser: hadolint
2026-08-05 19:37:08 | INFO | Registered parser: trivy
2026-08-05 19:37:08 | INFO | Registered parser: gitleaks
2026-08-05 19:37:08 | INFO | Registered parser: zap
2026-08-05 19:37:08 | INFO | === STAGE 4: Aggregating Results ===
2026-08-05 19:37:08 | INFO | Starting master report aggregation with Risk Engine...
2026-08-05 19:37:08 | INFO | Risk Engine Computed: Total Risk Score=171, Level=CRITICAL, Score=0.0%
2026-08-05 19:37:08 | INFO | Master report saved at: compliance/master_reports/master_report.json
2026-08-05 19:37:08 | INFO | Processing Advanced Compliance Layer mappings...
2026-08-05 19:37:08 | INFO | Saved advanced compliance matrix with Overall Compliance Score: 77.8% to compliance/reports/compliance/compliance_matrix.json
2026-08-05 19:37:08 | INFO | Generated Executive HTML Report at compliance/reports/executive_reports/security_report.html
2026-08-05 19:37:10 | INFO | Generated Executive PDF Report at compliance/reports/executive_reports/security_report.pdf
2026-08-05 19:37:10 | INFO | Evaluating Security Gate policy from policy.yaml...
2026-08-05 19:37:10 | INFO | Database Ingestion Successful (Scan ID: SCAN-20260805140710)
2026-08-06 00:11:37 | INFO | Registered parser: hadolint
2026-08-06 00:11:37 | INFO | Registered parser: trivy
2026-08-06 00:11:37 | INFO | Registered parser: gitleaks
2026-08-06 00:11:37 | INFO | Registered parser: zap
2026-08-06 00:11:37 | INFO | === STAGE 1: Pre-flight Checks ===
2026-08-06 00:11:39 | INFO | Pre-flight Checks Passed.
2026-08-06 00:11:39 | INFO | === STAGE 2: Running Scanners ===
2026-08-06 00:11:39 | INFO | Running Gitleaks scanner (security/secrets/gitleaks.sh)...
2026-08-06 00:11:56 | INFO | Gitleaks scanner completed successfully.
2026-08-06 00:11:56 | INFO | Running Hadolint scanner (security/container/hadolint.sh)...
2026-08-06 00:12:01 | WARNING | Hadolint scanner exited with code 1
2026-08-06 00:12:01 | INFO | Running Trivy scanner (security/container/trivy.sh)...
2026-08-06 00:12:02 | WARNING | Trivy scanner exited with code 1
2026-08-06 00:12:02 | INFO | Running ZAP scanner (security/dast/zap.sh)...
2026-08-06 10:15:20 | INFO | Registered parser: hadolint
2026-08-06 10:15:20 | INFO | Registered parser: trivy
2026-08-06 10:15:20 | INFO | Registered parser: gitleaks
2026-08-06 10:15:20 | INFO | Registered parser: zap
2026-08-06 10:15:20 | INFO | === STAGE 1: Pre-flight Checks ===
2026-08-06 10:15:25 | INFO | Pre-flight Checks Passed.
2026-08-06 10:15:25 | INFO | === STAGE 2: Running Scanners ===
2026-08-06 10:15:25 | INFO | Running Gitleaks scanner (security/secrets/gitleaks.sh)...
2026-08-06 10:15:48 | INFO | Gitleaks scanner completed successfully.
2026-08-06 10:15:48 | INFO | Running Hadolint scanner (security/container/hadolint.sh)...
2026-08-06 10:15:54 | WARNING | Hadolint scanner exited with code 1
2026-08-06 10:15:54 | INFO | Running Trivy scanner (security/container/trivy.sh)...
2026-08-06 10:15:55 | WARNING | Trivy scanner exited with code 1
2026-08-06 10:15:55 | INFO | Running ZAP scanner (security/dast/zap.sh)...
2026-08-09 00:52:50 | INFO | Registered parser: hadolint
2026-08-09 00:52:50 | INFO | Registered parser: trivy
2026-08-09 00:52:50 | INFO | Registered parser: gitleaks
2026-08-09 00:52:50 | INFO | Registered parser: zap
2026-08-09 00:52:50 | INFO | === STAGE 4: Aggregating Results ===
2026-08-09 00:52:50 | INFO | Starting master report aggregation with Risk Engine...
2026-08-09 00:52:50 | INFO | Risk Engine Computed: Total Risk Score=171, Level=CRITICAL
2026-08-09 00:52:50 | INFO | Master report saved at: compliance/master_reports/master_report.json
2026-08-09 00:52:50 | INFO | Processing 4-Layer Universal Compliance Engine mappings...
2026-08-09 00:52:50 | INFO | Querying NVD API 2.0 for CVE-2026-34182...
2026-08-09 00:52:51 | INFO | NVD API returned CWEs for CVE-2026-34182: ['CWE-354']
2026-08-09 00:52:51 | INFO | Querying NVD API 2.0 for CVE-2026-34183...
2026-08-09 00:52:53 | INFO | NVD API returned CWEs for CVE-2026-34183: ['CWE-1325']
2026-08-09 00:52:53 | INFO | Querying NVD API 2.0 for CVE-2026-45445...
2026-08-09 00:52:54 | INFO | NVD API returned CWEs for CVE-2026-45445: ['CWE-325']
2026-08-09 00:52:54 | INFO | Querying NVD API 2.0 for CVE-2026-34181...
2026-08-09 00:52:55 | INFO | NVD API returned CWEs for CVE-2026-34181: ['CWE-354']
2026-08-09 00:52:55 | INFO | Querying NVD API 2.0 for CVE-2026-42768...
2026-08-09 00:52:56 | INFO | NVD API returned CWEs for CVE-2026-42768: ['CWE-514']
2026-08-09 00:52:56 | INFO | Querying NVD API 2.0 for CVE-2026-42770...
2026-08-09 00:52:57 | INFO | NVD API returned CWEs for CVE-2026-42770: ['CWE-325']
2026-08-09 00:52:57 | INFO | Querying NVD API 2.0 for CVE-2026-45446...
2026-08-09 00:52:58 | INFO | NVD API returned CWEs for CVE-2026-45446: ['CWE-325']
2026-08-09 00:52:58 | INFO | Querying NVD API 2.0 for CVE-2026-48758...
2026-08-09 00:52:59 | INFO | NVD API returned CWEs for CVE-2026-48758: ['CWE-347']
2026-08-09 00:52:59 | INFO | Querying NVD API 2.0 for CVE-2024-21538...
2026-08-09 00:53:00 | INFO | NVD API returned CWEs for CVE-2024-21538: ['CWE-1333']
2026-08-09 00:53:00 | INFO | Querying NVD API 2.0 for CVE-2026-26996...
2026-08-09 00:53:02 | INFO | NVD API returned CWEs for CVE-2026-26996: ['CWE-1333']
2026-08-09 00:53:02 | INFO | Querying NVD API 2.0 for CVE-2026-27903...
2026-08-09 00:53:03 | INFO | NVD API returned CWEs for CVE-2026-27903: ['CWE-407']
2026-08-09 00:53:03 | INFO | Querying NVD API 2.0 for CVE-2026-27904...
2026-08-09 00:53:04 | WARNING | NVD API enrichment skipped for CVE-2026-27904 (offline/timeout/rate-limited): HTTP Error 429: Too Many Requests
2026-08-09 00:53:04 | INFO | Querying NVD API 2.0 for CVE-2026-48815...
2026-08-09 00:53:05 | WARNING | NVD API enrichment skipped for CVE-2026-48815 (offline/timeout/rate-limited): HTTP Error 429: Too Many Requests
2026-08-09 00:53:05 | INFO | Querying NVD API 2.0 for CVE-2026-59873...
2026-08-09 00:53:06 | WARNING | NVD API enrichment skipped for CVE-2026-59873 (offline/timeout/rate-limited): HTTP Error 429: Too Many Requests
2026-08-09 00:53:06 | INFO | Querying NVD API 2.0 for CVE-2026-59874...
2026-08-09 00:53:08 | INFO | NVD API returned CWEs for CVE-2026-59874: ['CWE-835']
2026-08-09 00:53:08 | INFO | Querying NVD API 2.0 for CVE-2026-53655...
2026-08-09 00:53:09 | WARNING | NVD API enrichment skipped for CVE-2026-53655 (offline/timeout/rate-limited): HTTP Error 429: Too Many Requests
2026-08-09 00:53:09 | INFO | Querying NVD API 2.0 for CVE-2026-59871...
2026-08-09 00:53:10 | WARNING | NVD API enrichment skipped for CVE-2026-59871 (offline/timeout/rate-limited): HTTP Error 429: Too Many Requests
2026-08-09 00:53:10 | INFO | Querying NVD API 2.0 for CVE-2026-59875...
2026-08-09 00:53:11 | WARNING | NVD API enrichment skipped for CVE-2026-59875 (offline/timeout/rate-limited): HTTP Error 429: Too Many Requests
2026-08-09 00:53:11 | INFO | Saved 4-Layer Universal Compliance Matrix with Score: 50.6% to compliance/reports/compliance/compliance_matrix.json
2026-08-09 00:53:11 | INFO | Generated Executive HTML Report at compliance/reports/executive_reports/security_report.html
2026-08-09 00:53:11 | INFO | Generated Executive PDF Report at compliance/reports/executive_reports/security_report.pdf
2026-08-09 00:54:10 | INFO | Registered parser: hadolint
2026-08-09 00:54:10 | INFO | Registered parser: trivy
2026-08-09 00:54:10 | INFO | Registered parser: gitleaks
2026-08-09 00:54:10 | INFO | Registered parser: zap
2026-08-09 00:54:10 | INFO | === STAGE 4: Aggregating Results ===
2026-08-09 00:54:10 | INFO | Starting master report aggregation with Risk Engine...
2026-08-09 00:54:10 | INFO | Risk Engine Computed: Total Risk Score=171, Level=CRITICAL
2026-08-09 00:54:10 | INFO | Master report saved at: compliance/master_reports/master_report.json
2026-08-09 00:54:10 | INFO | Processing 4-Layer Universal Compliance Engine mappings...
2026-08-09 00:54:10 | INFO | Saved 4-Layer Universal Compliance Matrix with Score: 50.6% to compliance/reports/compliance/compliance_matrix.json
2026-08-09 00:54:10 | INFO | Generated Executive HTML Report at compliance/reports/executive_reports/security_report.html
2026-08-09 00:54:10 | INFO | Generated Executive PDF Report at compliance/reports/executive_reports/security_report.pdf
2026-08-09 00:54:10 | INFO | Evaluating Security Gate policy from policy.yaml...
2026-08-09 00:54:10 | INFO | Database Ingestion Successful (Scan ID: SCAN-20260808192410)
2026-08-09 01:37:41 | INFO | Registered parser: hadolint
2026-08-09 01:37:41 | INFO | Registered parser: trivy
2026-08-09 01:37:41 | INFO | Registered parser: gitleaks
2026-08-09 01:37:41 | INFO | Registered parser: zap
2026-08-09 01:37:41 | INFO | === STAGE 3: Running Parsers ===
2026-08-09 01:37:41 | INFO | ======================================================================
2026-08-09 01:37:41 | INFO | Running all registered parsers...
2026-08-09 01:37:41 | INFO | ======================================================================
2026-08-09 01:37:41 | INFO | Starting gitleaks
2026-08-09 01:37:41 | INFO | [Gitleaks] Preparing parser...
2026-08-09 01:37:41 | INFO | ======================================================================
2026-08-09 01:37:41 | INFO | Starting Gitleaks Parser
2026-08-09 01:37:41 | INFO | ======================================================================
2026-08-09 01:37:41 | INFO | [Gitleaks] Loading report(s)...
2026-08-09 01:37:41 | INFO | Reading report: gitleaks_20260806_001140.json
2026-08-09 01:37:41 | INFO | Successfully loaded gitleaks_20260806_001140.json
2026-08-09 01:37:41 | INFO | [Gitleaks] Processing gitleaks_20260806_001140.json...
2026-08-09 01:37:41 | INFO | [Gitleaks] Validating report...
2026-08-09 01:37:41 | INFO | [Gitleaks] Generating metadata...
2026-08-09 01:37:41 | INFO | Loaded 8 rules for gitleaks.
2026-08-09 01:37:41 | INFO | Parsed 4 Gitleaks findings enriched with CWEs.
2026-08-09 01:37:41 | INFO | [Gitleaks] Calculating statistics...
2026-08-09 01:37:41 | INFO | [Gitleaks] Building normalized report...
2026-08-09 01:37:41 | INFO | [Gitleaks] Saving report...
2026-08-09 01:37:41 | INFO | Writing report: gitleaks_20260809_013741_normalized.json
2026-08-09 01:37:41 | INFO | Report written successfully: gitleaks_20260809_013741_normalized.json
2026-08-09 01:37:41 | INFO | [Gitleaks] Report saved successfully.
2026-08-09 01:37:41 | INFO | [Gitleaks] Calculating statistics...
2026-08-09 01:37:41 | INFO | ======================================================================
2026-08-09 01:37:41 | INFO | Gitleaks Scan Summary
2026-08-09 01:37:41 | INFO | ----------------------------------------------------------------------
2026-08-09 01:37:41 | INFO | Status         : FAIL
2026-08-09 01:37:41 | INFO | Total          : 4
2026-08-09 01:37:41 | INFO | Critical       : 4
2026-08-09 01:37:41 | INFO | High           : 0
2026-08-09 01:37:41 | INFO | Medium         : 0
2026-08-09 01:37:41 | INFO | Low            : 0
2026-08-09 01:37:41 | INFO | Info           : 0
2026-08-09 01:37:41 | INFO | Unknown        : 0
2026-08-09 01:37:41 | INFO | Fixable        : 0
2026-08-09 01:37:41 | INFO | Exploitable    : 0
2026-08-09 01:37:41 | INFO | Compliance     : 0.0%
2026-08-09 01:37:41 | INFO | Duration       : 0.12 sec
2026-08-09 01:37:41 | INFO | ======================================================================
2026-08-09 01:37:41 | INFO | Gitleaks Parser Completed
2026-08-09 01:37:41 | INFO | ======================================================================
2026-08-09 01:37:41 | INFO | [Gitleaks] Parser completed successfully.
2026-08-09 01:37:41 | INFO | gitleaks completed successfully.
2026-08-09 01:37:41 | INFO | Starting hadolint
2026-08-09 01:37:41 | INFO | [Hadolint] Preparing parser...
2026-08-09 01:37:41 | INFO | ======================================================================
2026-08-09 01:37:41 | INFO | Starting Hadolint Parser
2026-08-09 01:37:41 | INFO | ======================================================================
2026-08-09 01:37:41 | INFO | [Hadolint] Loading report(s)...
2026-08-09 01:37:41 | INFO | Reading report: frontend_20260806_001157.json
2026-08-09 01:37:41 | INFO | Successfully loaded frontend_20260806_001157.json
2026-08-09 01:37:41 | INFO | Reading report: backend_20260806_001157.json
2026-08-09 01:37:41 | INFO | Successfully loaded backend_20260806_001157.json
2026-08-09 01:37:41 | INFO | [Hadolint] Processing frontend_20260806_001157.json...
2026-08-09 01:37:41 | INFO | [Hadolint] Validating report...
2026-08-09 01:37:41 | INFO | [Hadolint] Generating metadata...
2026-08-09 01:37:41 | INFO | Loaded 66 rules for hadolint.
2026-08-09 01:37:41 | INFO | Parsed 1 Hadolint findings enriched with CWEs.
2026-08-09 01:37:41 | INFO | [Hadolint] Calculating statistics...
2026-08-09 01:37:41 | INFO | [Hadolint] Building normalized report...
2026-08-09 01:37:41 | INFO | [Hadolint] Saving report...
2026-08-09 01:37:41 | INFO | Writing report: hadolint_frontend_20260809_013741_normalized.json
2026-08-09 01:37:41 | INFO | Report written successfully: hadolint_frontend_20260809_013741_normalized.json
2026-08-09 01:37:41 | INFO | [Hadolint] Report saved successfully.
2026-08-09 01:37:41 | INFO | [Hadolint] Processing backend_20260806_001157.json...
2026-08-09 01:37:41 | INFO | [Hadolint] Validating report...
2026-08-09 01:37:41 | INFO | [Hadolint] Generating metadata...
2026-08-09 01:37:41 | WARNING | Hadolint report is empty.
2026-08-09 01:37:41 | INFO | [Hadolint] Calculating statistics...
2026-08-09 01:37:41 | INFO | [Hadolint] Building normalized report...
2026-08-09 01:37:41 | INFO | [Hadolint] Saving report...
2026-08-09 01:37:41 | INFO | Writing report: hadolint_backend_20260809_013741_normalized.json
2026-08-09 01:37:41 | INFO | Report written successfully: hadolint_backend_20260809_013741_normalized.json
2026-08-09 01:37:41 | INFO | [Hadolint] Report saved successfully.
2026-08-09 01:37:41 | INFO | [Hadolint] Calculating statistics...
2026-08-09 01:37:41 | INFO | ======================================================================
2026-08-09 01:37:41 | INFO | Hadolint Scan Summary
2026-08-09 01:37:41 | INFO | ----------------------------------------------------------------------
2026-08-09 01:37:41 | INFO | Status         : PASS
2026-08-09 01:37:41 | INFO | Total          : 1
2026-08-09 01:37:41 | INFO | Critical       : 0
2026-08-09 01:37:41 | INFO | High           : 0
2026-08-09 01:37:41 | INFO | Medium         : 0
2026-08-09 01:37:41 | INFO | Low            : 0
2026-08-09 01:37:41 | INFO | Info           : 1
2026-08-09 01:37:41 | INFO | Unknown        : 0
2026-08-09 01:37:41 | INFO | Fixable        : 0
2026-08-09 01:37:41 | INFO | Exploitable    : 0
2026-08-09 01:37:41 | INFO | Compliance     : 100.0%
2026-08-09 01:37:41 | INFO | Duration       : 0.02 sec
2026-08-09 01:37:41 | INFO | ======================================================================
2026-08-09 01:37:41 | INFO | Hadolint Parser Completed
2026-08-09 01:37:41 | INFO | ======================================================================
2026-08-09 01:37:41 | INFO | [Hadolint] Parser completed successfully.
2026-08-09 01:37:41 | INFO | hadolint completed successfully.
2026-08-09 01:37:41 | INFO | Starting trivy
2026-08-09 01:37:41 | INFO | [Trivy] Preparing parser...
2026-08-09 01:37:41 | INFO | ======================================================================
2026-08-09 01:37:41 | INFO | Starting Trivy Parser
2026-08-09 01:37:41 | INFO | ======================================================================
2026-08-09 01:37:41 | INFO | [Trivy] Loading report(s)...
2026-08-09 01:37:41 | INFO | Reading report: backend_20260804_020702.json
2026-08-09 01:37:41 | INFO | Successfully loaded backend_20260804_020702.json
2026-08-09 01:37:41 | INFO | Reading report: frontend_20260804_020702.json
2026-08-09 01:37:41 | INFO | Successfully loaded frontend_20260804_020702.json
2026-08-09 01:37:41 | INFO | [Trivy] Processing backend_20260804_020702.json...
2026-08-09 01:37:41 | INFO | [Trivy] Generating metadata...
2026-08-09 01:37:41 | INFO | Loaded 2 rules for trivy.
2026-08-09 01:37:41 | INFO | Parsed 64 Trivy findings.
2026-08-09 01:37:41 | INFO | [Trivy] Calculating statistics...
2026-08-09 01:37:41 | INFO | [Trivy] Building normalized report...
2026-08-09 01:37:41 | INFO | [Trivy] Saving report...
2026-08-09 01:37:41 | INFO | Writing report: trivy_backend_20260809_013741_normalized.json
2026-08-09 01:37:41 | INFO | Report written successfully: trivy_backend_20260809_013741_normalized.json
2026-08-09 01:37:41 | INFO | [Trivy] Report saved successfully.
2026-08-09 01:37:41 | INFO | [Trivy] Processing frontend_20260804_020702.json...
2026-08-09 01:37:41 | INFO | [Trivy] Generating metadata...
2026-08-09 01:37:41 | INFO | Parsed 0 Trivy findings.
2026-08-09 01:37:41 | INFO | [Trivy] Calculating statistics...
2026-08-09 01:37:41 | INFO | [Trivy] Building normalized report...
2026-08-09 01:37:41 | INFO | [Trivy] Saving report...
2026-08-09 01:37:41 | INFO | Writing report: trivy_frontend_20260809_013741_normalized.json
2026-08-09 01:37:41 | INFO | Report written successfully: trivy_frontend_20260809_013741_normalized.json
2026-08-09 01:37:41 | INFO | [Trivy] Report saved successfully.
2026-08-09 01:37:41 | INFO | [Trivy] Calculating statistics...
2026-08-09 01:37:41 | INFO | ======================================================================
2026-08-09 01:37:41 | INFO | Trivy Scan Summary
2026-08-09 01:37:41 | INFO | ----------------------------------------------------------------------
2026-08-09 01:37:41 | INFO | Status         : PASS
2026-08-09 01:37:41 | INFO | Total          : 64
2026-08-09 01:37:41 | INFO | Critical       : 1
2026-08-09 01:37:41 | INFO | High           : 25
2026-08-09 01:37:41 | INFO | Medium         : 16
2026-08-09 01:37:41 | INFO | Low            : 22
2026-08-09 01:37:41 | INFO | Info           : 0
2026-08-09 01:37:41 | INFO | Unknown        : 0
2026-08-09 01:37:41 | INFO | Fixable        : 64
2026-08-09 01:37:41 | INFO | Exploitable    : 25
2026-08-09 01:37:41 | INFO | Compliance     : 34.38%
2026-08-09 01:37:41 | INFO | Duration       : 0.08 sec
2026-08-09 01:37:41 | INFO | ======================================================================
2026-08-09 01:37:41 | INFO | Trivy Parser Completed
2026-08-09 01:37:41 | INFO | ======================================================================
2026-08-09 01:37:41 | INFO | [Trivy] Parser completed successfully.
2026-08-09 01:37:41 | INFO | trivy completed successfully.
2026-08-09 01:37:41 | INFO | Starting zap
2026-08-09 01:37:41 | INFO | ======================================================================
2026-08-09 01:37:41 | INFO | Starting zap Parser
2026-08-09 01:37:41 | INFO | ======================================================================
2026-08-09 01:37:41 | INFO | [zap] Loading report(s)...
2026-08-09 01:37:41 | INFO | Reading report: zap_20260804_023516.json
2026-08-09 01:37:41 | INFO | Successfully loaded zap_20260804_023516.json
2026-08-09 01:37:41 | INFO | [zap] Processing zap_20260804_023516.json...
2026-08-09 01:37:41 | INFO | [zap] Generating metadata...
2026-08-09 01:37:41 | INFO | Parsed 4 OWASP ZAP findings enriched with CWEs.
2026-08-09 01:37:41 | INFO | [zap] Calculating statistics...
2026-08-09 01:37:41 | INFO | [zap] Building normalized report...
2026-08-09 01:37:41 | INFO | [zap] Saving report...
2026-08-09 01:37:41 | INFO | Writing report: zap_20260809_013741_normalized.json
2026-08-09 01:37:41 | INFO | Report written successfully: zap_20260809_013741_normalized.json
2026-08-09 01:37:41 | INFO | [zap] Report saved successfully.
2026-08-09 01:37:41 | INFO | [zap] Calculating statistics...
2026-08-09 01:37:41 | INFO | ======================================================================
2026-08-09 01:37:41 | INFO | zap Scan Summary
2026-08-09 01:37:41 | INFO | ----------------------------------------------------------------------
2026-08-09 01:37:41 | INFO | Status         : WARN
2026-08-09 01:37:41 | INFO | Total          : 4
2026-08-09 01:37:41 | INFO | Critical       : 0
2026-08-09 01:37:41 | INFO | High           : 0
2026-08-09 01:37:41 | INFO | Medium         : 2
2026-08-09 01:37:41 | INFO | Low            : 1
2026-08-09 01:37:41 | INFO | Info           : 1
2026-08-09 01:37:41 | INFO | Unknown        : 0
2026-08-09 01:37:41 | INFO | Fixable        : 0
2026-08-09 01:37:41 | INFO | Exploitable    : 0
2026-08-09 01:37:41 | INFO | Compliance     : 50.0%
2026-08-09 01:37:41 | INFO | Duration       : 0.01 sec
2026-08-09 01:37:41 | INFO | ======================================================================
2026-08-09 01:37:41 | INFO | zap Parser Completed
2026-08-09 01:37:41 | INFO | ======================================================================
2026-08-09 01:37:41 | INFO | zap completed successfully.
2026-08-09 01:37:41 | INFO | ======================================================================
2026-08-09 01:37:41 | INFO | All parsers completed successfully.
2026-08-09 01:37:41 | INFO | ======================================================================
2026-08-09 01:37:41 | INFO | === STAGE 4: Aggregating Results ===
2026-08-09 01:37:41 | INFO | Starting master report aggregation with Risk Engine...
2026-08-09 01:37:41 | INFO | Risk Engine Computed: Total Risk Score=171, Level=CRITICAL
2026-08-09 01:37:41 | INFO | Master report saved at: compliance/master_reports/master_report.json
2026-08-09 01:37:41 | INFO | Processing 4-Layer Universal Compliance Engine mappings...
2026-08-09 01:37:41 | INFO | Saved 4-Layer Universal Compliance Matrix with Score: 35.6% to compliance/reports/compliance/compliance_matrix.json
2026-08-09 01:37:41 | INFO | Generated Executive HTML Report at compliance/reports/executive_reports/security_report.html
2026-08-09 01:37:41 | INFO | Generated Executive PDF Report at compliance/reports/executive_reports/security_report.pdf
2026-08-09 01:38:43 | INFO | Registered parser: hadolint
2026-08-09 01:38:43 | INFO | Registered parser: trivy
2026-08-09 01:38:43 | INFO | Registered parser: gitleaks
2026-08-09 01:38:43 | INFO | Registered parser: zap
2026-08-09 01:38:43 | INFO | === STAGE 3: Running Parsers ===
2026-08-09 01:38:43 | INFO | ======================================================================
2026-08-09 01:38:43 | INFO | Running all registered parsers...
2026-08-09 01:38:43 | INFO | ======================================================================
2026-08-09 01:38:43 | INFO | Starting gitleaks
2026-08-09 01:38:43 | INFO | [Gitleaks] Preparing parser...
2026-08-09 01:38:43 | INFO | ======================================================================
2026-08-09 01:38:43 | INFO | Starting Gitleaks Parser
2026-08-09 01:38:43 | INFO | ======================================================================
2026-08-09 01:38:43 | INFO | [Gitleaks] Loading report(s)...
2026-08-09 01:38:43 | INFO | Reading report: gitleaks_20260806_001140.json
2026-08-09 01:38:43 | INFO | Successfully loaded gitleaks_20260806_001140.json
2026-08-09 01:38:43 | INFO | [Gitleaks] Processing gitleaks_20260806_001140.json...
2026-08-09 01:38:43 | INFO | [Gitleaks] Validating report...
2026-08-09 01:38:43 | INFO | [Gitleaks] Generating metadata...
2026-08-09 01:38:43 | INFO | Loaded 8 rules for gitleaks.
2026-08-09 01:38:43 | INFO | Parsed 4 Gitleaks findings enriched with CWEs.
2026-08-09 01:38:43 | INFO | [Gitleaks] Calculating statistics...
2026-08-09 01:38:43 | INFO | [Gitleaks] Building normalized report...
2026-08-09 01:38:43 | INFO | [Gitleaks] Saving report...
2026-08-09 01:38:43 | INFO | Writing report: gitleaks_20260809_013843_normalized.json
2026-08-09 01:38:43 | INFO | Report written successfully: gitleaks_20260809_013843_normalized.json
2026-08-09 01:38:43 | INFO | [Gitleaks] Report saved successfully.
2026-08-09 01:38:43 | INFO | [Gitleaks] Calculating statistics...
2026-08-09 01:38:43 | INFO | ======================================================================
2026-08-09 01:38:43 | INFO | Gitleaks Scan Summary
2026-08-09 01:38:43 | INFO | ----------------------------------------------------------------------
2026-08-09 01:38:43 | INFO | Status         : FAIL
2026-08-09 01:38:43 | INFO | Total          : 4
2026-08-09 01:38:43 | INFO | Critical       : 4
2026-08-09 01:38:43 | INFO | High           : 0
2026-08-09 01:38:43 | INFO | Medium         : 0
2026-08-09 01:38:43 | INFO | Low            : 0
2026-08-09 01:38:43 | INFO | Info           : 0
2026-08-09 01:38:43 | INFO | Unknown        : 0
2026-08-09 01:38:43 | INFO | Fixable        : 0
2026-08-09 01:38:43 | INFO | Exploitable    : 0
2026-08-09 01:38:43 | INFO | Compliance     : 0.0%
2026-08-09 01:38:43 | INFO | Duration       : 0.04 sec
2026-08-09 01:38:43 | INFO | ======================================================================
2026-08-09 01:38:43 | INFO | Gitleaks Parser Completed
2026-08-09 01:38:43 | INFO | ======================================================================
2026-08-09 01:38:43 | INFO | [Gitleaks] Parser completed successfully.
2026-08-09 01:38:43 | INFO | gitleaks completed successfully.
2026-08-09 01:38:43 | INFO | Starting hadolint
2026-08-09 01:38:43 | INFO | [Hadolint] Preparing parser...
2026-08-09 01:38:43 | INFO | ======================================================================
2026-08-09 01:38:43 | INFO | Starting Hadolint Parser
2026-08-09 01:38:43 | INFO | ======================================================================
2026-08-09 01:38:43 | INFO | [Hadolint] Loading report(s)...
2026-08-09 01:38:43 | INFO | Reading report: frontend_20260806_001157.json
2026-08-09 01:38:43 | INFO | Successfully loaded frontend_20260806_001157.json
2026-08-09 01:38:43 | INFO | Reading report: backend_20260806_001157.json
2026-08-09 01:38:43 | INFO | Successfully loaded backend_20260806_001157.json
2026-08-09 01:38:43 | INFO | [Hadolint] Processing frontend_20260806_001157.json...
2026-08-09 01:38:43 | INFO | [Hadolint] Validating report...
2026-08-09 01:38:43 | INFO | [Hadolint] Generating metadata...
2026-08-09 01:38:43 | INFO | Loaded 66 rules for hadolint.
2026-08-09 01:38:43 | INFO | Parsed 1 Hadolint findings enriched with CWEs.
2026-08-09 01:38:43 | INFO | [Hadolint] Calculating statistics...
2026-08-09 01:38:43 | INFO | [Hadolint] Building normalized report...
2026-08-09 01:38:43 | INFO | [Hadolint] Saving report...
2026-08-09 01:38:43 | INFO | Writing report: hadolint_frontend_20260809_013843_normalized.json
2026-08-09 01:38:43 | INFO | Report written successfully: hadolint_frontend_20260809_013843_normalized.json
2026-08-09 01:38:43 | INFO | [Hadolint] Report saved successfully.
2026-08-09 01:38:43 | INFO | [Hadolint] Processing backend_20260806_001157.json...
2026-08-09 01:38:43 | INFO | [Hadolint] Validating report...
2026-08-09 01:38:43 | INFO | [Hadolint] Generating metadata...
2026-08-09 01:38:43 | WARNING | Hadolint report is empty.
2026-08-09 01:38:43 | INFO | [Hadolint] Calculating statistics...
2026-08-09 01:38:43 | INFO | [Hadolint] Building normalized report...
2026-08-09 01:38:43 | INFO | [Hadolint] Saving report...
2026-08-09 01:38:43 | INFO | Writing report: hadolint_backend_20260809_013843_normalized.json
2026-08-09 01:38:43 | INFO | Report written successfully: hadolint_backend_20260809_013843_normalized.json
2026-08-09 01:38:43 | INFO | [Hadolint] Report saved successfully.
2026-08-09 01:38:43 | INFO | [Hadolint] Calculating statistics...
2026-08-09 01:38:43 | INFO | ======================================================================
2026-08-09 01:38:43 | INFO | Hadolint Scan Summary
2026-08-09 01:38:43 | INFO | ----------------------------------------------------------------------
2026-08-09 01:38:43 | INFO | Status         : PASS
2026-08-09 01:38:43 | INFO | Total          : 1
2026-08-09 01:38:43 | INFO | Critical       : 0
2026-08-09 01:38:43 | INFO | High           : 0
2026-08-09 01:38:43 | INFO | Medium         : 0
2026-08-09 01:38:43 | INFO | Low            : 0
2026-08-09 01:38:43 | INFO | Info           : 1
2026-08-09 01:38:43 | INFO | Unknown        : 0
2026-08-09 01:38:43 | INFO | Fixable        : 0
2026-08-09 01:38:43 | INFO | Exploitable    : 0
2026-08-09 01:38:43 | INFO | Compliance     : 100.0%
2026-08-09 01:38:43 | INFO | Duration       : 0.02 sec
2026-08-09 01:38:43 | INFO | ======================================================================
2026-08-09 01:38:43 | INFO | Hadolint Parser Completed
2026-08-09 01:38:43 | INFO | ======================================================================
2026-08-09 01:38:43 | INFO | [Hadolint] Parser completed successfully.
2026-08-09 01:38:43 | INFO | hadolint completed successfully.
2026-08-09 01:38:43 | INFO | Starting trivy
2026-08-09 01:38:43 | INFO | [Trivy] Preparing parser...
2026-08-09 01:38:43 | INFO | ======================================================================
2026-08-09 01:38:43 | INFO | Starting Trivy Parser
2026-08-09 01:38:43 | INFO | ======================================================================
2026-08-09 01:38:43 | INFO | [Trivy] Loading report(s)...
2026-08-09 01:38:43 | INFO | Reading report: backend_20260804_020702.json
2026-08-09 01:38:43 | INFO | Successfully loaded backend_20260804_020702.json
2026-08-09 01:38:43 | INFO | Reading report: frontend_20260804_020702.json
2026-08-09 01:38:43 | INFO | Successfully loaded frontend_20260804_020702.json
2026-08-09 01:38:43 | INFO | [Trivy] Processing backend_20260804_020702.json...
2026-08-09 01:38:43 | INFO | [Trivy] Generating metadata...
2026-08-09 01:38:43 | INFO | Loaded 2 rules for trivy.
2026-08-09 01:38:43 | INFO | Parsed 64 Trivy findings.
2026-08-09 01:38:43 | INFO | [Trivy] Calculating statistics...
2026-08-09 01:38:43 | INFO | [Trivy] Building normalized report...
2026-08-09 01:38:43 | INFO | [Trivy] Saving report...
2026-08-09 01:38:43 | INFO | Writing report: trivy_backend_20260809_013843_normalized.json
2026-08-09 01:38:43 | INFO | Report written successfully: trivy_backend_20260809_013843_normalized.json
2026-08-09 01:38:43 | INFO | [Trivy] Report saved successfully.
2026-08-09 01:38:43 | INFO | [Trivy] Processing frontend_20260804_020702.json...
2026-08-09 01:38:43 | INFO | [Trivy] Generating metadata...
2026-08-09 01:38:43 | INFO | Parsed 0 Trivy findings.
2026-08-09 01:38:43 | INFO | [Trivy] Calculating statistics...
2026-08-09 01:38:43 | INFO | [Trivy] Building normalized report...
2026-08-09 01:38:43 | INFO | [Trivy] Saving report...
2026-08-09 01:38:43 | INFO | Writing report: trivy_frontend_20260809_013843_normalized.json
2026-08-09 01:38:43 | INFO | Report written successfully: trivy_frontend_20260809_013843_normalized.json
2026-08-09 01:38:43 | INFO | [Trivy] Report saved successfully.
2026-08-09 01:38:43 | INFO | [Trivy] Calculating statistics...
2026-08-09 01:38:43 | INFO | ======================================================================
2026-08-09 01:38:43 | INFO | Trivy Scan Summary
2026-08-09 01:38:43 | INFO | ----------------------------------------------------------------------
2026-08-09 01:38:43 | INFO | Status         : PASS
2026-08-09 01:38:43 | INFO | Total          : 64
2026-08-09 01:38:43 | INFO | Critical       : 1
2026-08-09 01:38:43 | INFO | High           : 25
2026-08-09 01:38:43 | INFO | Medium         : 16
2026-08-09 01:38:43 | INFO | Low            : 22
2026-08-09 01:38:43 | INFO | Info           : 0
2026-08-09 01:38:43 | INFO | Unknown        : 0
2026-08-09 01:38:43 | INFO | Fixable        : 64
2026-08-09 01:38:43 | INFO | Exploitable    : 25
2026-08-09 01:38:43 | INFO | Compliance     : 34.38%
2026-08-09 01:38:43 | INFO | Duration       : 0.03 sec
2026-08-09 01:38:43 | INFO | ======================================================================
2026-08-09 01:38:43 | INFO | Trivy Parser Completed
2026-08-09 01:38:43 | INFO | ======================================================================
2026-08-09 01:38:43 | INFO | [Trivy] Parser completed successfully.
2026-08-09 01:38:43 | INFO | trivy completed successfully.
2026-08-09 01:38:43 | INFO | Starting zap
2026-08-09 01:38:43 | INFO | ======================================================================
2026-08-09 01:38:43 | INFO | Starting zap Parser
2026-08-09 01:38:43 | INFO | ======================================================================
2026-08-09 01:38:43 | INFO | [zap] Loading report(s)...
2026-08-09 01:38:43 | INFO | Reading report: zap_20260804_023516.json
2026-08-09 01:38:43 | INFO | Successfully loaded zap_20260804_023516.json
2026-08-09 01:38:43 | INFO | [zap] Processing zap_20260804_023516.json...
2026-08-09 01:38:43 | INFO | [zap] Generating metadata...
2026-08-09 01:38:43 | INFO | Parsed 4 OWASP ZAP findings enriched with CWEs.
2026-08-09 01:38:43 | INFO | [zap] Calculating statistics...
2026-08-09 01:38:43 | INFO | [zap] Building normalized report...
2026-08-09 01:38:43 | INFO | [zap] Saving report...
2026-08-09 01:38:43 | INFO | Writing report: zap_20260809_013843_normalized.json
2026-08-09 01:38:43 | INFO | Report written successfully: zap_20260809_013843_normalized.json
2026-08-09 01:38:43 | INFO | [zap] Report saved successfully.
2026-08-09 01:38:43 | INFO | [zap] Calculating statistics...
2026-08-09 01:38:43 | INFO | ======================================================================
2026-08-09 01:38:43 | INFO | zap Scan Summary
2026-08-09 01:38:43 | INFO | ----------------------------------------------------------------------
2026-08-09 01:38:43 | INFO | Status         : WARN
2026-08-09 01:38:43 | INFO | Total          : 4
2026-08-09 01:38:43 | INFO | Critical       : 0
2026-08-09 01:38:43 | INFO | High           : 0
2026-08-09 01:38:43 | INFO | Medium         : 2
2026-08-09 01:38:43 | INFO | Low            : 1
2026-08-09 01:38:43 | INFO | Info           : 1
2026-08-09 01:38:43 | INFO | Unknown        : 0
2026-08-09 01:38:43 | INFO | Fixable        : 0
2026-08-09 01:38:43 | INFO | Exploitable    : 0
2026-08-09 01:38:43 | INFO | Compliance     : 50.0%
2026-08-09 01:38:43 | INFO | Duration       : 0.01 sec
2026-08-09 01:38:43 | INFO | ======================================================================
2026-08-09 01:38:43 | INFO | zap Parser Completed
2026-08-09 01:38:43 | INFO | ======================================================================
2026-08-09 01:38:43 | INFO | zap completed successfully.
2026-08-09 01:38:43 | INFO | ======================================================================
2026-08-09 01:38:43 | INFO | All parsers completed successfully.
2026-08-09 01:38:43 | INFO | ======================================================================
2026-08-09 01:38:43 | INFO | === STAGE 4: Aggregating Results ===
2026-08-09 01:38:43 | INFO | Starting master report aggregation with Risk Engine...
2026-08-09 01:38:43 | INFO | Risk Engine Computed: Total Risk Score=171, Level=CRITICAL
2026-08-09 01:38:43 | INFO | Master report saved at: compliance/master_reports/master_report.json
2026-08-09 01:38:43 | INFO | Processing 4-Layer Universal Compliance Engine mappings...
2026-08-09 01:38:43 | INFO | Saved 4-Layer Universal Compliance Matrix with Score: 32.2% to compliance/reports/compliance/compliance_matrix.json
2026-08-09 01:38:43 | INFO | Generated Executive HTML Report at compliance/reports/executive_reports/security_report.html
2026-08-09 01:38:43 | INFO | Generated Executive PDF Report at compliance/reports/executive_reports/security_report.pdf
2026-08-09 01:38:50 | INFO | Registered parser: hadolint
2026-08-09 01:38:50 | INFO | Registered parser: trivy
2026-08-09 01:38:50 | INFO | Registered parser: gitleaks
2026-08-09 01:38:50 | INFO | Registered parser: zap
2026-08-09 01:38:50 | INFO | === STAGE 4: Aggregating Results ===
2026-08-09 01:38:50 | INFO | Starting master report aggregation with Risk Engine...
2026-08-09 01:38:50 | INFO | Risk Engine Computed: Total Risk Score=171, Level=CRITICAL
2026-08-09 01:38:50 | INFO | Master report saved at: compliance/master_reports/master_report.json
2026-08-09 01:38:50 | INFO | Processing 4-Layer Universal Compliance Engine mappings...
2026-08-09 01:38:50 | INFO | Saved 4-Layer Universal Compliance Matrix with Score: 32.2% to compliance/reports/compliance/compliance_matrix.json
2026-08-09 01:38:50 | INFO | Generated Executive HTML Report at compliance/reports/executive_reports/security_report.html
2026-08-09 01:38:50 | INFO | Generated Executive PDF Report at compliance/reports/executive_reports/security_report.pdf
2026-08-09 01:38:50 | INFO | Evaluating Security Gate policy from policy.yaml...
2026-08-09 01:38:50 | INFO | Database Ingestion Successful (Scan ID: SCAN-20260808200850)
2026-08-09 01:44:48 | INFO | Registered parser: hadolint
2026-08-09 01:44:48 | INFO | Registered parser: trivy
2026-08-09 01:44:48 | INFO | Registered parser: gitleaks
2026-08-09 01:44:48 | INFO | Registered parser: zap
2026-08-09 01:44:48 | INFO | === STAGE 3: Running Parsers ===
2026-08-09 01:44:48 | INFO | ======================================================================
2026-08-09 01:44:48 | INFO | Running all registered parsers...
2026-08-09 01:44:48 | INFO | ======================================================================
2026-08-09 01:44:48 | INFO | Starting gitleaks
2026-08-09 01:44:48 | INFO | [Gitleaks] Preparing parser...
2026-08-09 01:44:48 | INFO | ======================================================================
2026-08-09 01:44:48 | INFO | Starting Gitleaks Parser
2026-08-09 01:44:48 | INFO | ======================================================================
2026-08-09 01:44:48 | INFO | [Gitleaks] Loading report(s)...
2026-08-09 01:44:48 | INFO | Reading report: gitleaks_20260806_001140.json
2026-08-09 01:44:48 | INFO | Successfully loaded gitleaks_20260806_001140.json
2026-08-09 01:44:48 | INFO | [Gitleaks] Processing gitleaks_20260806_001140.json...
2026-08-09 01:44:48 | INFO | [Gitleaks] Validating report...
2026-08-09 01:44:48 | INFO | [Gitleaks] Generating metadata...
2026-08-09 01:44:48 | INFO | Loaded 8 rules for gitleaks.
2026-08-09 01:44:48 | INFO | Parsed 4 Gitleaks findings enriched with CWEs.
2026-08-09 01:44:48 | INFO | [Gitleaks] Calculating statistics...
2026-08-09 01:44:48 | INFO | [Gitleaks] Building normalized report...
2026-08-09 01:44:48 | INFO | [Gitleaks] Saving report...
2026-08-09 01:44:48 | INFO | Writing report: gitleaks_20260809_014448_normalized.json
2026-08-09 01:44:48 | INFO | Report written successfully: gitleaks_20260809_014448_normalized.json
2026-08-09 01:44:48 | INFO | [Gitleaks] Report saved successfully.
2026-08-09 01:44:48 | INFO | [Gitleaks] Calculating statistics...
2026-08-09 01:44:48 | INFO | ======================================================================
2026-08-09 01:44:48 | INFO | Gitleaks Scan Summary
2026-08-09 01:44:48 | INFO | ----------------------------------------------------------------------
2026-08-09 01:44:48 | INFO | Status         : FAIL
2026-08-09 01:44:48 | INFO | Total          : 4
2026-08-09 01:44:48 | INFO | Critical       : 4
2026-08-09 01:44:48 | INFO | High           : 0
2026-08-09 01:44:48 | INFO | Medium         : 0
2026-08-09 01:44:48 | INFO | Low            : 0
2026-08-09 01:44:48 | INFO | Info           : 0
2026-08-09 01:44:48 | INFO | Unknown        : 0
2026-08-09 01:44:48 | INFO | Fixable        : 0
2026-08-09 01:44:48 | INFO | Exploitable    : 0
2026-08-09 01:44:48 | INFO | Compliance     : 0.0%
2026-08-09 01:44:48 | INFO | Duration       : 0.05 sec
2026-08-09 01:44:48 | INFO | ======================================================================
2026-08-09 01:44:48 | INFO | Gitleaks Parser Completed
2026-08-09 01:44:48 | INFO | ======================================================================
2026-08-09 01:44:48 | INFO | [Gitleaks] Parser completed successfully.
2026-08-09 01:44:48 | INFO | gitleaks completed successfully.
2026-08-09 01:44:48 | INFO | Starting hadolint
2026-08-09 01:44:48 | INFO | [Hadolint] Preparing parser...
2026-08-09 01:44:48 | INFO | ======================================================================
2026-08-09 01:44:48 | INFO | Starting Hadolint Parser
2026-08-09 01:44:48 | INFO | ======================================================================
2026-08-09 01:44:48 | INFO | [Hadolint] Loading report(s)...
2026-08-09 01:44:48 | INFO | Reading report: frontend_20260806_001157.json
2026-08-09 01:44:48 | INFO | Successfully loaded frontend_20260806_001157.json
2026-08-09 01:44:48 | INFO | Reading report: backend_20260806_001157.json
2026-08-09 01:44:48 | INFO | Successfully loaded backend_20260806_001157.json
2026-08-09 01:44:48 | INFO | [Hadolint] Processing frontend_20260806_001157.json...
2026-08-09 01:44:48 | INFO | [Hadolint] Validating report...
2026-08-09 01:44:48 | INFO | [Hadolint] Generating metadata...
2026-08-09 01:44:48 | INFO | Loaded 66 rules for hadolint.
2026-08-09 01:44:48 | INFO | Parsed 1 Hadolint findings enriched with CWEs.
2026-08-09 01:44:48 | INFO | [Hadolint] Calculating statistics...
2026-08-09 01:44:48 | INFO | [Hadolint] Building normalized report...
2026-08-09 01:44:48 | INFO | [Hadolint] Saving report...
2026-08-09 01:44:48 | INFO | Writing report: hadolint_frontend_20260809_014448_normalized.json
2026-08-09 01:44:48 | INFO | Report written successfully: hadolint_frontend_20260809_014448_normalized.json
2026-08-09 01:44:48 | INFO | [Hadolint] Report saved successfully.
2026-08-09 01:44:48 | INFO | [Hadolint] Processing backend_20260806_001157.json...
2026-08-09 01:44:48 | INFO | [Hadolint] Validating report...
2026-08-09 01:44:48 | INFO | [Hadolint] Generating metadata...
2026-08-09 01:44:48 | WARNING | Hadolint report is empty.
2026-08-09 01:44:48 | INFO | [Hadolint] Calculating statistics...
2026-08-09 01:44:48 | INFO | [Hadolint] Building normalized report...
2026-08-09 01:44:48 | INFO | [Hadolint] Saving report...
2026-08-09 01:44:48 | INFO | Writing report: hadolint_backend_20260809_014448_normalized.json
2026-08-09 01:44:48 | INFO | Report written successfully: hadolint_backend_20260809_014448_normalized.json
2026-08-09 01:44:48 | INFO | [Hadolint] Report saved successfully.
2026-08-09 01:44:48 | INFO | [Hadolint] Calculating statistics...
2026-08-09 01:44:48 | INFO | ======================================================================
2026-08-09 01:44:48 | INFO | Hadolint Scan Summary
2026-08-09 01:44:48 | INFO | ----------------------------------------------------------------------
2026-08-09 01:44:48 | INFO | Status         : PASS
2026-08-09 01:44:48 | INFO | Total          : 1
2026-08-09 01:44:48 | INFO | Critical       : 0
2026-08-09 01:44:48 | INFO | High           : 0
2026-08-09 01:44:48 | INFO | Medium         : 0
2026-08-09 01:44:48 | INFO | Low            : 0
2026-08-09 01:44:48 | INFO | Info           : 1
2026-08-09 01:44:48 | INFO | Unknown        : 0
2026-08-09 01:44:48 | INFO | Fixable        : 0
2026-08-09 01:44:48 | INFO | Exploitable    : 0
2026-08-09 01:44:48 | INFO | Compliance     : 100.0%
2026-08-09 01:44:48 | INFO | Duration       : 0.02 sec
2026-08-09 01:44:48 | INFO | ======================================================================
2026-08-09 01:44:48 | INFO | Hadolint Parser Completed
2026-08-09 01:44:48 | INFO | ======================================================================
2026-08-09 01:44:48 | INFO | [Hadolint] Parser completed successfully.
2026-08-09 01:44:48 | INFO | hadolint completed successfully.
2026-08-09 01:44:48 | INFO | Starting trivy
2026-08-09 01:44:48 | INFO | [Trivy] Preparing parser...
2026-08-09 01:44:48 | INFO | ======================================================================
2026-08-09 01:44:48 | INFO | Starting Trivy Parser
2026-08-09 01:44:48 | INFO | ======================================================================
2026-08-09 01:44:48 | INFO | [Trivy] Loading report(s)...
2026-08-09 01:44:48 | INFO | Reading report: backend_20260804_020702.json
2026-08-09 01:44:48 | INFO | Successfully loaded backend_20260804_020702.json
2026-08-09 01:44:48 | INFO | Reading report: frontend_20260804_020702.json
2026-08-09 01:44:48 | INFO | Successfully loaded frontend_20260804_020702.json
2026-08-09 01:44:48 | INFO | [Trivy] Processing backend_20260804_020702.json...
2026-08-09 01:44:48 | INFO | [Trivy] Generating metadata...
2026-08-09 01:44:48 | INFO | Loaded 2 rules for trivy.
2026-08-09 01:44:48 | INFO | Parsed 64 Trivy findings.
2026-08-09 01:44:48 | INFO | [Trivy] Calculating statistics...
2026-08-09 01:44:48 | INFO | [Trivy] Building normalized report...
2026-08-09 01:44:48 | INFO | [Trivy] Saving report...
2026-08-09 01:44:48 | INFO | Writing report: trivy_backend_20260809_014448_normalized.json
2026-08-09 01:44:48 | INFO | Report written successfully: trivy_backend_20260809_014448_normalized.json
2026-08-09 01:44:48 | INFO | [Trivy] Report saved successfully.
2026-08-09 01:44:48 | INFO | [Trivy] Processing frontend_20260804_020702.json...
2026-08-09 01:44:48 | INFO | [Trivy] Generating metadata...
2026-08-09 01:44:48 | INFO | Parsed 0 Trivy findings.
2026-08-09 01:44:48 | INFO | [Trivy] Calculating statistics...
2026-08-09 01:44:48 | INFO | [Trivy] Building normalized report...
2026-08-09 01:44:48 | INFO | [Trivy] Saving report...
2026-08-09 01:44:48 | INFO | Writing report: trivy_frontend_20260809_014448_normalized.json
2026-08-09 01:44:48 | INFO | Report written successfully: trivy_frontend_20260809_014448_normalized.json
2026-08-09 01:44:48 | INFO | [Trivy] Report saved successfully.
2026-08-09 01:44:48 | INFO | [Trivy] Calculating statistics...
2026-08-09 01:44:48 | INFO | ======================================================================
2026-08-09 01:44:48 | INFO | Trivy Scan Summary
2026-08-09 01:44:48 | INFO | ----------------------------------------------------------------------
2026-08-09 01:44:48 | INFO | Status         : PASS
2026-08-09 01:44:48 | INFO | Total          : 64
2026-08-09 01:44:48 | INFO | Critical       : 1
2026-08-09 01:44:48 | INFO | High           : 25
2026-08-09 01:44:48 | INFO | Medium         : 16
2026-08-09 01:44:48 | INFO | Low            : 22
2026-08-09 01:44:48 | INFO | Info           : 0
2026-08-09 01:44:48 | INFO | Unknown        : 0
2026-08-09 01:44:48 | INFO | Fixable        : 64
2026-08-09 01:44:48 | INFO | Exploitable    : 25
2026-08-09 01:44:48 | INFO | Compliance     : 34.38%
2026-08-09 01:44:48 | INFO | Duration       : 0.03 sec
2026-08-09 01:44:48 | INFO | ======================================================================
2026-08-09 01:44:48 | INFO | Trivy Parser Completed
2026-08-09 01:44:48 | INFO | ======================================================================
2026-08-09 01:44:48 | INFO | [Trivy] Parser completed successfully.
2026-08-09 01:44:48 | INFO | trivy completed successfully.
2026-08-09 01:44:48 | INFO | Starting zap
2026-08-09 01:44:48 | INFO | ======================================================================
2026-08-09 01:44:48 | INFO | Starting zap Parser
2026-08-09 01:44:48 | INFO | ======================================================================
2026-08-09 01:44:48 | INFO | [zap] Loading report(s)...
2026-08-09 01:44:48 | INFO | Reading report: zap_20260804_023516.json
2026-08-09 01:44:48 | INFO | Successfully loaded zap_20260804_023516.json
2026-08-09 01:44:48 | INFO | [zap] Processing zap_20260804_023516.json...
2026-08-09 01:44:48 | INFO | [zap] Generating metadata...
2026-08-09 01:44:48 | INFO | Parsed 4 OWASP ZAP findings enriched with CWEs.
2026-08-09 01:44:48 | INFO | [zap] Calculating statistics...
2026-08-09 01:44:48 | INFO | [zap] Building normalized report...
2026-08-09 01:44:48 | INFO | [zap] Saving report...
2026-08-09 01:44:48 | INFO | Writing report: zap_20260809_014448_normalized.json
2026-08-09 01:44:48 | INFO | Report written successfully: zap_20260809_014448_normalized.json
2026-08-09 01:44:48 | INFO | [zap] Report saved successfully.
2026-08-09 01:44:48 | INFO | [zap] Calculating statistics...
2026-08-09 01:44:48 | INFO | ======================================================================
2026-08-09 01:44:48 | INFO | zap Scan Summary
2026-08-09 01:44:48 | INFO | ----------------------------------------------------------------------
2026-08-09 01:44:48 | INFO | Status         : WARN
2026-08-09 01:44:48 | INFO | Total          : 4
2026-08-09 01:44:48 | INFO | Critical       : 0
2026-08-09 01:44:48 | INFO | High           : 0
2026-08-09 01:44:48 | INFO | Medium         : 2
2026-08-09 01:44:48 | INFO | Low            : 1
2026-08-09 01:44:48 | INFO | Info           : 1
2026-08-09 01:44:48 | INFO | Unknown        : 0
2026-08-09 01:44:48 | INFO | Fixable        : 0
2026-08-09 01:44:48 | INFO | Exploitable    : 0
2026-08-09 01:44:48 | INFO | Compliance     : 50.0%
2026-08-09 01:44:48 | INFO | Duration       : 0.01 sec
2026-08-09 01:44:48 | INFO | ======================================================================
2026-08-09 01:44:48 | INFO | zap Parser Completed
2026-08-09 01:44:48 | INFO | ======================================================================
2026-08-09 01:44:48 | INFO | zap completed successfully.
2026-08-09 01:44:48 | INFO | ======================================================================
2026-08-09 01:44:48 | INFO | All parsers completed successfully.
2026-08-09 01:44:48 | INFO | ======================================================================
2026-08-09 01:44:48 | INFO | === STAGE 4: Aggregating Results ===
2026-08-09 01:44:48 | INFO | Starting master report aggregation with Risk Engine...
2026-08-09 01:44:48 | ERROR | Error reading report compliance/normalized/gitleaks/gitleaks_20260805_010000_normalized.json: name 'rule_id' is not defined
2026-08-09 01:44:48 | ERROR | Error reading report compliance/normalized/gitleaks/gitleaks_20260809_014448_normalized.json: name 'rule_id' is not defined
2026-08-09 01:44:48 | ERROR | Error reading report compliance/normalized/trivy/trivy_backend_20260804_020726_normalized.json: name 'rule_id' is not defined
2026-08-09 01:44:48 | ERROR | Error reading report compliance/normalized/trivy/trivy_backend_20260809_014448_normalized.json: name 'rule_id' is not defined
2026-08-09 01:44:48 | ERROR | Error reading report compliance/normalized/zap/zap_20260809_014448_normalized.json: name 'rule_id' is not defined
2026-08-09 01:44:48 | ERROR | Error reading report compliance/normalized/zap/zap_20260804_023701_normalized.json: name 'rule_id' is not defined
2026-08-09 01:44:48 | ERROR | Error reading report compliance/normalized/hadolint/hadolint_frontend_20260809_014448_normalized.json: name 'rule_id' is not defined
2026-08-09 01:44:48 | ERROR | Error reading report compliance/normalized/hadolint/hadolint_frontend_20260804_224954_normalized.json: name 'rule_id' is not defined
2026-08-09 01:44:48 | INFO | Risk Engine Computed: Total Risk Score=0, Level=NONE
2026-08-09 01:44:48 | INFO | Master report saved at: compliance/master_reports/master_report.json
2026-08-09 01:44:48 | INFO | Processing 4-Layer Universal Compliance Engine mappings...
2026-08-09 01:44:48 | INFO | Saved 4-Layer Universal Compliance Matrix with Score: 100.0% to compliance/reports/compliance/compliance_matrix.json
2026-08-09 01:44:48 | INFO | Generated Executive HTML Report at compliance/reports/executive_reports/security_report.html
2026-08-09 01:44:48 | INFO | Generated Executive PDF Report at compliance/reports/executive_reports/security_report.pdf
2026-08-09 01:45:03 | INFO | Registered parser: gitleaks
2026-08-09 01:45:03 | INFO | Registered parser: hadolint
2026-08-09 01:45:03 | INFO | Registered parser: trivy
2026-08-09 01:45:03 | INFO | Registered parser: zap
2026-08-09 01:45:03 | INFO | [Gitleaks] Preparing parser...
2026-08-09 01:45:03 | INFO | ======================================================================
2026-08-09 01:45:03 | INFO | Starting Gitleaks Parser
2026-08-09 01:45:03 | INFO | ======================================================================
2026-08-09 01:45:03 | INFO | [Gitleaks] Loading report(s)...
2026-08-09 01:45:03 | INFO | Reading report: gitleaks_20260806_001140.json
2026-08-09 01:45:03 | INFO | Successfully loaded gitleaks_20260806_001140.json
2026-08-09 01:45:03 | INFO | [Gitleaks] Processing gitleaks_20260806_001140.json...
2026-08-09 01:45:03 | INFO | [Gitleaks] Validating report...
2026-08-09 01:45:03 | INFO | [Gitleaks] Generating metadata...
2026-08-09 01:45:03 | INFO | Loaded 8 rules for gitleaks.
2026-08-09 01:45:03 | INFO | Parsed 4 Gitleaks findings enriched with CWEs.
2026-08-09 01:45:03 | INFO | [Gitleaks] Calculating statistics...
2026-08-09 01:45:03 | INFO | [Gitleaks] Building normalized report...
2026-08-09 01:45:03 | INFO | [Gitleaks] Saving report...
2026-08-09 01:45:03 | INFO | Writing report: gitleaks_20260809_014503_normalized.json
2026-08-09 01:45:03 | INFO | Report written successfully: gitleaks_20260809_014503_normalized.json
2026-08-09 01:45:03 | INFO | [Gitleaks] Report saved successfully.
2026-08-09 01:45:03 | INFO | [Gitleaks] Calculating statistics...
2026-08-09 01:45:03 | INFO | ======================================================================
2026-08-09 01:45:03 | INFO | Gitleaks Scan Summary
2026-08-09 01:45:03 | INFO | ----------------------------------------------------------------------
2026-08-09 01:45:03 | INFO | Status         : FAIL
2026-08-09 01:45:03 | INFO | Total          : 4
2026-08-09 01:45:03 | INFO | Critical       : 4
2026-08-09 01:45:03 | INFO | High           : 0
2026-08-09 01:45:03 | INFO | Medium         : 0
2026-08-09 01:45:03 | INFO | Low            : 0
2026-08-09 01:45:03 | INFO | Info           : 0
2026-08-09 01:45:03 | INFO | Unknown        : 0
2026-08-09 01:45:03 | INFO | Fixable        : 0
2026-08-09 01:45:03 | INFO | Exploitable    : 0
2026-08-09 01:45:03 | INFO | Compliance     : 0.0%
2026-08-09 01:45:03 | INFO | Duration       : 0.05 sec
2026-08-09 01:45:03 | INFO | ======================================================================
2026-08-09 01:45:03 | INFO | Gitleaks Parser Completed
2026-08-09 01:45:03 | INFO | ======================================================================
2026-08-09 01:45:03 | INFO | [Gitleaks] Parser completed successfully.
2026-08-09 01:45:03 | INFO | [Hadolint] Preparing parser...
2026-08-09 01:45:03 | INFO | ======================================================================
2026-08-09 01:45:03 | INFO | Starting Hadolint Parser
2026-08-09 01:45:03 | INFO | ======================================================================
2026-08-09 01:45:03 | INFO | [Hadolint] Loading report(s)...
2026-08-09 01:45:03 | INFO | Reading report: frontend_20260806_001157.json
2026-08-09 01:45:03 | INFO | Successfully loaded frontend_20260806_001157.json
2026-08-09 01:45:03 | INFO | Reading report: backend_20260806_001157.json
2026-08-09 01:45:03 | INFO | Successfully loaded backend_20260806_001157.json
2026-08-09 01:45:03 | INFO | [Hadolint] Processing frontend_20260806_001157.json...
2026-08-09 01:45:03 | INFO | [Hadolint] Validating report...
2026-08-09 01:45:03 | INFO | [Hadolint] Generating metadata...
2026-08-09 01:45:03 | INFO | Loaded 66 rules for hadolint.
2026-08-09 01:45:03 | INFO | Parsed 1 Hadolint findings enriched with CWEs.
2026-08-09 01:45:03 | INFO | [Hadolint] Calculating statistics...
2026-08-09 01:45:03 | INFO | [Hadolint] Building normalized report...
2026-08-09 01:45:03 | INFO | [Hadolint] Saving report...
2026-08-09 01:45:03 | INFO | Writing report: hadolint_frontend_20260809_014503_normalized.json
2026-08-09 01:45:03 | INFO | Report written successfully: hadolint_frontend_20260809_014503_normalized.json
2026-08-09 01:45:03 | INFO | [Hadolint] Report saved successfully.
2026-08-09 01:45:03 | INFO | [Hadolint] Processing backend_20260806_001157.json...
2026-08-09 01:45:03 | INFO | [Hadolint] Validating report...
2026-08-09 01:45:03 | INFO | [Hadolint] Generating metadata...
2026-08-09 01:45:03 | WARNING | Hadolint report is empty.
2026-08-09 01:45:03 | INFO | [Hadolint] Calculating statistics...
2026-08-09 01:45:03 | INFO | [Hadolint] Building normalized report...
2026-08-09 01:45:03 | INFO | [Hadolint] Saving report...
2026-08-09 01:45:03 | INFO | Writing report: hadolint_backend_20260809_014503_normalized.json
2026-08-09 01:45:03 | INFO | Report written successfully: hadolint_backend_20260809_014503_normalized.json
2026-08-09 01:45:03 | INFO | [Hadolint] Report saved successfully.
2026-08-09 01:45:03 | INFO | [Hadolint] Calculating statistics...
2026-08-09 01:45:03 | INFO | ======================================================================
2026-08-09 01:45:03 | INFO | Hadolint Scan Summary
2026-08-09 01:45:03 | INFO | ----------------------------------------------------------------------
2026-08-09 01:45:03 | INFO | Status         : PASS
2026-08-09 01:45:03 | INFO | Total          : 1
2026-08-09 01:45:03 | INFO | Critical       : 0
2026-08-09 01:45:03 | INFO | High           : 0
2026-08-09 01:45:03 | INFO | Medium         : 0
2026-08-09 01:45:03 | INFO | Low            : 0
2026-08-09 01:45:03 | INFO | Info           : 1
2026-08-09 01:45:03 | INFO | Unknown        : 0
2026-08-09 01:45:03 | INFO | Fixable        : 0
2026-08-09 01:45:03 | INFO | Exploitable    : 0
2026-08-09 01:45:03 | INFO | Compliance     : 100.0%
2026-08-09 01:45:03 | INFO | Duration       : 0.01 sec
2026-08-09 01:45:03 | INFO | ======================================================================
2026-08-09 01:45:03 | INFO | Hadolint Parser Completed
2026-08-09 01:45:03 | INFO | ======================================================================
2026-08-09 01:45:03 | INFO | [Hadolint] Parser completed successfully.
2026-08-09 01:45:03 | INFO | [Trivy] Preparing parser...
2026-08-09 01:45:03 | INFO | ======================================================================
2026-08-09 01:45:03 | INFO | Starting Trivy Parser
2026-08-09 01:45:03 | INFO | ======================================================================
2026-08-09 01:45:03 | INFO | [Trivy] Loading report(s)...
2026-08-09 01:45:03 | INFO | Reading report: backend_20260804_020702.json
2026-08-09 01:45:03 | INFO | Successfully loaded backend_20260804_020702.json
2026-08-09 01:45:03 | INFO | Reading report: frontend_20260804_020702.json
2026-08-09 01:45:03 | INFO | Successfully loaded frontend_20260804_020702.json
2026-08-09 01:45:03 | INFO | [Trivy] Processing backend_20260804_020702.json...
2026-08-09 01:45:03 | INFO | [Trivy] Generating metadata...
2026-08-09 01:45:03 | INFO | Loaded 2 rules for trivy.
2026-08-09 01:45:03 | INFO | Parsed 64 Trivy findings.
2026-08-09 01:45:03 | INFO | [Trivy] Calculating statistics...
2026-08-09 01:45:03 | INFO | [Trivy] Building normalized report...
2026-08-09 01:45:03 | INFO | [Trivy] Saving report...
2026-08-09 01:45:03 | INFO | Writing report: trivy_backend_20260809_014503_normalized.json
2026-08-09 01:45:03 | INFO | Report written successfully: trivy_backend_20260809_014503_normalized.json
2026-08-09 01:45:03 | INFO | [Trivy] Report saved successfully.
2026-08-09 01:45:03 | INFO | [Trivy] Processing frontend_20260804_020702.json...
2026-08-09 01:45:03 | INFO | [Trivy] Generating metadata...
2026-08-09 01:45:03 | INFO | Parsed 0 Trivy findings.
2026-08-09 01:45:03 | INFO | [Trivy] Calculating statistics...
2026-08-09 01:45:03 | INFO | [Trivy] Building normalized report...
2026-08-09 01:45:03 | INFO | [Trivy] Saving report...
2026-08-09 01:45:03 | INFO | Writing report: trivy_frontend_20260809_014503_normalized.json
2026-08-09 01:45:03 | INFO | Report written successfully: trivy_frontend_20260809_014503_normalized.json
2026-08-09 01:45:03 | INFO | [Trivy] Report saved successfully.
2026-08-09 01:45:03 | INFO | [Trivy] Calculating statistics...
2026-08-09 01:45:03 | INFO | ======================================================================
2026-08-09 01:45:03 | INFO | Trivy Scan Summary
2026-08-09 01:45:03 | INFO | ----------------------------------------------------------------------
2026-08-09 01:45:03 | INFO | Status         : PASS
2026-08-09 01:45:03 | INFO | Total          : 64
2026-08-09 01:45:03 | INFO | Critical       : 1
2026-08-09 01:45:03 | INFO | High           : 25
2026-08-09 01:45:03 | INFO | Medium         : 16
2026-08-09 01:45:03 | INFO | Low            : 22
2026-08-09 01:45:03 | INFO | Info           : 0
2026-08-09 01:45:03 | INFO | Unknown        : 0
2026-08-09 01:45:03 | INFO | Fixable        : 64
2026-08-09 01:45:03 | INFO | Exploitable    : 25
2026-08-09 01:45:03 | INFO | Compliance     : 34.38%
2026-08-09 01:45:03 | INFO | Duration       : 0.02 sec
2026-08-09 01:45:03 | INFO | ======================================================================
2026-08-09 01:45:03 | INFO | Trivy Parser Completed
2026-08-09 01:45:03 | INFO | ======================================================================
2026-08-09 01:45:03 | INFO | [Trivy] Parser completed successfully.
2026-08-09 01:45:03 | INFO | ======================================================================
2026-08-09 01:45:03 | INFO | Starting zap Parser
2026-08-09 01:45:03 | INFO | ======================================================================
2026-08-09 01:45:03 | INFO | [zap] Loading report(s)...
2026-08-09 01:45:03 | INFO | Reading report: zap_20260804_023516.json
2026-08-09 01:45:03 | INFO | Successfully loaded zap_20260804_023516.json
2026-08-09 01:45:03 | INFO | [zap] Processing zap_20260804_023516.json...
2026-08-09 01:45:03 | INFO | [zap] Generating metadata...
2026-08-09 01:45:03 | INFO | Parsed 4 OWASP ZAP findings enriched with CWEs.
2026-08-09 01:45:03 | INFO | [zap] Calculating statistics...
2026-08-09 01:45:03 | INFO | [zap] Building normalized report...
2026-08-09 01:45:03 | INFO | [zap] Saving report...
2026-08-09 01:45:03 | INFO | Writing report: zap_20260809_014503_normalized.json
2026-08-09 01:45:03 | INFO | Report written successfully: zap_20260809_014503_normalized.json
2026-08-09 01:45:03 | INFO | [zap] Report saved successfully.
2026-08-09 01:45:03 | INFO | [zap] Calculating statistics...
2026-08-09 01:45:03 | INFO | ======================================================================
2026-08-09 01:45:03 | INFO | zap Scan Summary
2026-08-09 01:45:03 | INFO | ----------------------------------------------------------------------
2026-08-09 01:45:03 | INFO | Status         : WARN
2026-08-09 01:45:03 | INFO | Total          : 4
2026-08-09 01:45:03 | INFO | Critical       : 0
2026-08-09 01:45:03 | INFO | High           : 0
2026-08-09 01:45:03 | INFO | Medium         : 2
2026-08-09 01:45:03 | INFO | Low            : 1
2026-08-09 01:45:03 | INFO | Info           : 1
2026-08-09 01:45:03 | INFO | Unknown        : 0
2026-08-09 01:45:03 | INFO | Fixable        : 0
2026-08-09 01:45:03 | INFO | Exploitable    : 0
2026-08-09 01:45:03 | INFO | Compliance     : 50.0%
2026-08-09 01:45:03 | INFO | Duration       : 0.01 sec
2026-08-09 01:45:03 | INFO | ======================================================================
2026-08-09 01:45:03 | INFO | zap Parser Completed
2026-08-09 01:45:03 | INFO | ======================================================================
2026-08-09 01:45:31 | INFO | Registered parser: hadolint
2026-08-09 01:45:31 | INFO | Registered parser: trivy
2026-08-09 01:45:31 | INFO | Registered parser: gitleaks
2026-08-09 01:45:31 | INFO | Registered parser: zap
2026-08-09 01:45:31 | INFO | === STAGE 3: Running Parsers ===
2026-08-09 01:45:31 | INFO | ======================================================================
2026-08-09 01:45:31 | INFO | Running all registered parsers...
2026-08-09 01:45:31 | INFO | ======================================================================
2026-08-09 01:45:31 | INFO | Starting gitleaks
2026-08-09 01:45:31 | INFO | [Gitleaks] Preparing parser...
2026-08-09 01:45:31 | INFO | ======================================================================
2026-08-09 01:45:31 | INFO | Starting Gitleaks Parser
2026-08-09 01:45:31 | INFO | ======================================================================
2026-08-09 01:45:31 | INFO | [Gitleaks] Loading report(s)...
2026-08-09 01:45:31 | INFO | Reading report: gitleaks_20260806_001140.json
2026-08-09 01:45:31 | INFO | Successfully loaded gitleaks_20260806_001140.json
2026-08-09 01:45:31 | INFO | [Gitleaks] Processing gitleaks_20260806_001140.json...
2026-08-09 01:45:31 | INFO | [Gitleaks] Validating report...
2026-08-09 01:45:31 | INFO | [Gitleaks] Generating metadata...
2026-08-09 01:45:31 | INFO | Loaded 8 rules for gitleaks.
2026-08-09 01:45:31 | INFO | Parsed 4 Gitleaks findings enriched with CWEs.
2026-08-09 01:45:31 | INFO | [Gitleaks] Calculating statistics...
2026-08-09 01:45:31 | INFO | [Gitleaks] Building normalized report...
2026-08-09 01:45:31 | INFO | [Gitleaks] Saving report...
2026-08-09 01:45:31 | INFO | Writing report: gitleaks_20260809_014531_normalized.json
2026-08-09 01:45:31 | INFO | Report written successfully: gitleaks_20260809_014531_normalized.json
2026-08-09 01:45:31 | INFO | [Gitleaks] Report saved successfully.
2026-08-09 01:45:31 | INFO | [Gitleaks] Calculating statistics...
2026-08-09 01:45:31 | INFO | ======================================================================
2026-08-09 01:45:31 | INFO | Gitleaks Scan Summary
2026-08-09 01:45:31 | INFO | ----------------------------------------------------------------------
2026-08-09 01:45:31 | INFO | Status         : FAIL
2026-08-09 01:45:31 | INFO | Total          : 4
2026-08-09 01:45:31 | INFO | Critical       : 4
2026-08-09 01:45:31 | INFO | High           : 0
2026-08-09 01:45:31 | INFO | Medium         : 0
2026-08-09 01:45:31 | INFO | Low            : 0
2026-08-09 01:45:31 | INFO | Info           : 0
2026-08-09 01:45:31 | INFO | Unknown        : 0
2026-08-09 01:45:31 | INFO | Fixable        : 0
2026-08-09 01:45:31 | INFO | Exploitable    : 0
2026-08-09 01:45:31 | INFO | Compliance     : 0.0%
2026-08-09 01:45:31 | INFO | Duration       : 0.05 sec
2026-08-09 01:45:31 | INFO | ======================================================================
2026-08-09 01:45:31 | INFO | Gitleaks Parser Completed
2026-08-09 01:45:31 | INFO | ======================================================================
2026-08-09 01:45:31 | INFO | [Gitleaks] Parser completed successfully.
2026-08-09 01:45:31 | INFO | gitleaks completed successfully.
2026-08-09 01:45:31 | INFO | Starting hadolint
2026-08-09 01:45:31 | INFO | [Hadolint] Preparing parser...
2026-08-09 01:45:31 | INFO | ======================================================================
2026-08-09 01:45:31 | INFO | Starting Hadolint Parser
2026-08-09 01:45:31 | INFO | ======================================================================
2026-08-09 01:45:31 | INFO | [Hadolint] Loading report(s)...
2026-08-09 01:45:31 | INFO | Reading report: frontend_20260806_001157.json
2026-08-09 01:45:31 | INFO | Successfully loaded frontend_20260806_001157.json
2026-08-09 01:45:31 | INFO | Reading report: backend_20260806_001157.json
2026-08-09 01:45:31 | INFO | Successfully loaded backend_20260806_001157.json
2026-08-09 01:45:31 | INFO | [Hadolint] Processing frontend_20260806_001157.json...
2026-08-09 01:45:31 | INFO | [Hadolint] Validating report...
2026-08-09 01:45:31 | INFO | [Hadolint] Generating metadata...
2026-08-09 01:45:31 | INFO | Loaded 66 rules for hadolint.
2026-08-09 01:45:31 | INFO | Parsed 1 Hadolint findings enriched with CWEs.
2026-08-09 01:45:31 | INFO | [Hadolint] Calculating statistics...
2026-08-09 01:45:31 | INFO | [Hadolint] Building normalized report...
2026-08-09 01:45:31 | INFO | [Hadolint] Saving report...
2026-08-09 01:45:31 | INFO | Writing report: hadolint_frontend_20260809_014531_normalized.json
2026-08-09 01:45:31 | INFO | Report written successfully: hadolint_frontend_20260809_014531_normalized.json
2026-08-09 01:45:31 | INFO | [Hadolint] Report saved successfully.
2026-08-09 01:45:31 | INFO | [Hadolint] Processing backend_20260806_001157.json...
2026-08-09 01:45:31 | INFO | [Hadolint] Validating report...
2026-08-09 01:45:31 | INFO | [Hadolint] Generating metadata...
2026-08-09 01:45:31 | WARNING | Hadolint report is empty.
2026-08-09 01:45:31 | INFO | [Hadolint] Calculating statistics...
2026-08-09 01:45:31 | INFO | [Hadolint] Building normalized report...
2026-08-09 01:45:31 | INFO | [Hadolint] Saving report...
2026-08-09 01:45:31 | INFO | Writing report: hadolint_backend_20260809_014531_normalized.json
2026-08-09 01:45:31 | INFO | Report written successfully: hadolint_backend_20260809_014531_normalized.json
2026-08-09 01:45:31 | INFO | [Hadolint] Report saved successfully.
2026-08-09 01:45:31 | INFO | [Hadolint] Calculating statistics...
2026-08-09 01:45:31 | INFO | ======================================================================
2026-08-09 01:45:31 | INFO | Hadolint Scan Summary
2026-08-09 01:45:31 | INFO | ----------------------------------------------------------------------
2026-08-09 01:45:31 | INFO | Status         : PASS
2026-08-09 01:45:31 | INFO | Total          : 1
2026-08-09 01:45:31 | INFO | Critical       : 0
2026-08-09 01:45:31 | INFO | High           : 0
2026-08-09 01:45:31 | INFO | Medium         : 0
2026-08-09 01:45:31 | INFO | Low            : 0
2026-08-09 01:45:31 | INFO | Info           : 1
2026-08-09 01:45:31 | INFO | Unknown        : 0
2026-08-09 01:45:31 | INFO | Fixable        : 0
2026-08-09 01:45:31 | INFO | Exploitable    : 0
2026-08-09 01:45:31 | INFO | Compliance     : 100.0%
2026-08-09 01:45:31 | INFO | Duration       : 0.01 sec
2026-08-09 01:45:31 | INFO | ======================================================================
2026-08-09 01:45:31 | INFO | Hadolint Parser Completed
2026-08-09 01:45:31 | INFO | ======================================================================
2026-08-09 01:45:31 | INFO | [Hadolint] Parser completed successfully.
2026-08-09 01:45:31 | INFO | hadolint completed successfully.
2026-08-09 01:45:31 | INFO | Starting trivy
2026-08-09 01:45:31 | INFO | [Trivy] Preparing parser...
2026-08-09 01:45:31 | INFO | ======================================================================
2026-08-09 01:45:31 | INFO | Starting Trivy Parser
2026-08-09 01:45:31 | INFO | ======================================================================
2026-08-09 01:45:31 | INFO | [Trivy] Loading report(s)...
2026-08-09 01:45:31 | INFO | Reading report: backend_20260804_020702.json
2026-08-09 01:45:31 | INFO | Successfully loaded backend_20260804_020702.json
2026-08-09 01:45:31 | INFO | Reading report: frontend_20260804_020702.json
2026-08-09 01:45:31 | INFO | Successfully loaded frontend_20260804_020702.json
2026-08-09 01:45:31 | INFO | [Trivy] Processing backend_20260804_020702.json...
2026-08-09 01:45:31 | INFO | [Trivy] Generating metadata...
2026-08-09 01:45:31 | INFO | Loaded 2 rules for trivy.
2026-08-09 01:45:31 | INFO | Parsed 64 Trivy findings.
2026-08-09 01:45:31 | INFO | [Trivy] Calculating statistics...
2026-08-09 01:45:31 | INFO | [Trivy] Building normalized report...
2026-08-09 01:45:31 | INFO | [Trivy] Saving report...
2026-08-09 01:45:31 | INFO | Writing report: trivy_backend_20260809_014531_normalized.json
2026-08-09 01:45:31 | INFO | Report written successfully: trivy_backend_20260809_014531_normalized.json
2026-08-09 01:45:31 | INFO | [Trivy] Report saved successfully.
2026-08-09 01:45:31 | INFO | [Trivy] Processing frontend_20260804_020702.json...
2026-08-09 01:45:31 | INFO | [Trivy] Generating metadata...
2026-08-09 01:45:31 | INFO | Parsed 0 Trivy findings.
2026-08-09 01:45:31 | INFO | [Trivy] Calculating statistics...
2026-08-09 01:45:31 | INFO | [Trivy] Building normalized report...
2026-08-09 01:45:31 | INFO | [Trivy] Saving report...
2026-08-09 01:45:31 | INFO | Writing report: trivy_frontend_20260809_014531_normalized.json
2026-08-09 01:45:31 | INFO | Report written successfully: trivy_frontend_20260809_014531_normalized.json
2026-08-09 01:45:31 | INFO | [Trivy] Report saved successfully.
2026-08-09 01:45:31 | INFO | [Trivy] Calculating statistics...
2026-08-09 01:45:31 | INFO | ======================================================================
2026-08-09 01:45:31 | INFO | Trivy Scan Summary
2026-08-09 01:45:31 | INFO | ----------------------------------------------------------------------
2026-08-09 01:45:31 | INFO | Status         : PASS
2026-08-09 01:45:31 | INFO | Total          : 64
2026-08-09 01:45:31 | INFO | Critical       : 1
2026-08-09 01:45:31 | INFO | High           : 25
2026-08-09 01:45:31 | INFO | Medium         : 16
2026-08-09 01:45:31 | INFO | Low            : 22
2026-08-09 01:45:31 | INFO | Info           : 0
2026-08-09 01:45:31 | INFO | Unknown        : 0
2026-08-09 01:45:31 | INFO | Fixable        : 64
2026-08-09 01:45:31 | INFO | Exploitable    : 25
2026-08-09 01:45:31 | INFO | Compliance     : 34.38%
2026-08-09 01:45:31 | INFO | Duration       : 0.03 sec
2026-08-09 01:45:31 | INFO | ======================================================================
2026-08-09 01:45:31 | INFO | Trivy Parser Completed
2026-08-09 01:45:31 | INFO | ======================================================================
2026-08-09 01:45:31 | INFO | [Trivy] Parser completed successfully.
2026-08-09 01:45:31 | INFO | trivy completed successfully.
2026-08-09 01:45:31 | INFO | Starting zap
2026-08-09 01:45:31 | INFO | ======================================================================
2026-08-09 01:45:31 | INFO | Starting zap Parser
2026-08-09 01:45:31 | INFO | ======================================================================
2026-08-09 01:45:31 | INFO | [zap] Loading report(s)...
2026-08-09 01:45:31 | INFO | Reading report: zap_20260804_023516.json
2026-08-09 01:45:31 | INFO | Successfully loaded zap_20260804_023516.json
2026-08-09 01:45:31 | INFO | [zap] Processing zap_20260804_023516.json...
2026-08-09 01:45:31 | INFO | [zap] Generating metadata...
2026-08-09 01:45:31 | INFO | Parsed 4 OWASP ZAP findings enriched with CWEs.
2026-08-09 01:45:31 | INFO | [zap] Calculating statistics...
2026-08-09 01:45:31 | INFO | [zap] Building normalized report...
2026-08-09 01:45:31 | INFO | [zap] Saving report...
2026-08-09 01:45:31 | INFO | Writing report: zap_20260809_014531_normalized.json
2026-08-09 01:45:31 | INFO | Report written successfully: zap_20260809_014531_normalized.json
2026-08-09 01:45:31 | INFO | [zap] Report saved successfully.
2026-08-09 01:45:31 | INFO | [zap] Calculating statistics...
2026-08-09 01:45:31 | INFO | ======================================================================
2026-08-09 01:45:31 | INFO | zap Scan Summary
2026-08-09 01:45:31 | INFO | ----------------------------------------------------------------------
2026-08-09 01:45:31 | INFO | Status         : WARN
2026-08-09 01:45:31 | INFO | Total          : 4
2026-08-09 01:45:31 | INFO | Critical       : 0
2026-08-09 01:45:31 | INFO | High           : 0
2026-08-09 01:45:31 | INFO | Medium         : 2
2026-08-09 01:45:31 | INFO | Low            : 1
2026-08-09 01:45:31 | INFO | Info           : 1
2026-08-09 01:45:31 | INFO | Unknown        : 0
2026-08-09 01:45:31 | INFO | Fixable        : 0
2026-08-09 01:45:31 | INFO | Exploitable    : 0
2026-08-09 01:45:31 | INFO | Compliance     : 50.0%
2026-08-09 01:45:31 | INFO | Duration       : 0.01 sec
2026-08-09 01:45:31 | INFO | ======================================================================
2026-08-09 01:45:31 | INFO | zap Parser Completed
2026-08-09 01:45:31 | INFO | ======================================================================
2026-08-09 01:45:31 | INFO | zap completed successfully.
2026-08-09 01:45:31 | INFO | ======================================================================
2026-08-09 01:45:31 | INFO | All parsers completed successfully.
2026-08-09 01:45:31 | INFO | ======================================================================
2026-08-09 01:45:31 | INFO | === STAGE 4: Aggregating Results ===
2026-08-09 01:45:31 | INFO | Starting master report aggregation with Risk Engine...
2026-08-09 01:45:31 | ERROR | Error reading report compliance/normalized/gitleaks/gitleaks_20260809_014531_normalized.json: name 'rule_id' is not defined
2026-08-09 01:45:31 | ERROR | Error reading report compliance/normalized/trivy/trivy_backend_20260809_014531_normalized.json: name 'rule_id' is not defined
2026-08-09 01:45:31 | ERROR | Error reading report compliance/normalized/zap/zap_20260809_014531_normalized.json: name 'rule_id' is not defined
2026-08-09 01:45:31 | ERROR | Error reading report compliance/normalized/hadolint/hadolint_frontend_20260809_014531_normalized.json: name 'rule_id' is not defined
2026-08-09 01:45:31 | INFO | Risk Engine Computed: Total Risk Score=0, Level=NONE
2026-08-09 01:45:31 | INFO | Master report saved at: compliance/master_reports/master_report.json
2026-08-09 01:45:31 | INFO | Processing 4-Layer Universal Compliance Engine mappings...
2026-08-09 01:45:31 | INFO | Saved 4-Layer Universal Compliance Matrix with Score: 100.0% to compliance/reports/compliance/compliance_matrix.json
2026-08-09 01:45:31 | INFO | Generated Executive HTML Report at compliance/reports/executive_reports/security_report.html
2026-08-09 01:45:31 | INFO | Generated Executive PDF Report at compliance/reports/executive_reports/security_report.pdf
2026-08-09 01:45:45 | INFO | Starting master report aggregation with Risk Engine...
2026-08-09 01:45:45 | ERROR | Error reading report compliance/normalized/gitleaks/gitleaks_20260809_014531_normalized.json: name 'rule_id' is not defined
2026-08-09 01:45:45 | ERROR | Error reading report compliance/normalized/trivy/trivy_backend_20260809_014531_normalized.json: name 'rule_id' is not defined
2026-08-09 01:45:45 | ERROR | Error reading report compliance/normalized/zap/zap_20260809_014531_normalized.json: name 'rule_id' is not defined
2026-08-09 01:45:45 | ERROR | Error reading report compliance/normalized/hadolint/hadolint_frontend_20260809_014531_normalized.json: name 'rule_id' is not defined
2026-08-09 01:45:45 | INFO | Risk Engine Computed: Total Risk Score=0, Level=NONE
2026-08-09 01:45:45 | INFO | Master report saved at: compliance/master_reports/master_report.json
2026-08-09 01:46:17 | INFO | Registered parser: hadolint
2026-08-09 01:46:17 | INFO | Registered parser: trivy
2026-08-09 01:46:17 | INFO | Registered parser: gitleaks
2026-08-09 01:46:17 | INFO | Registered parser: zap
2026-08-09 01:46:17 | INFO | === STAGE 3: Running Parsers ===
2026-08-09 01:46:17 | INFO | ======================================================================
2026-08-09 01:46:17 | INFO | Running all registered parsers...
2026-08-09 01:46:17 | INFO | ======================================================================
2026-08-09 01:46:17 | INFO | Starting gitleaks
2026-08-09 01:46:17 | INFO | [Gitleaks] Preparing parser...
2026-08-09 01:46:17 | INFO | ======================================================================
2026-08-09 01:46:17 | INFO | Starting Gitleaks Parser
2026-08-09 01:46:17 | INFO | ======================================================================
2026-08-09 01:46:17 | INFO | [Gitleaks] Loading report(s)...
2026-08-09 01:46:17 | INFO | Reading report: gitleaks_20260806_001140.json
2026-08-09 01:46:18 | INFO | Successfully loaded gitleaks_20260806_001140.json
2026-08-09 01:46:18 | INFO | [Gitleaks] Processing gitleaks_20260806_001140.json...
2026-08-09 01:46:18 | INFO | [Gitleaks] Validating report...
2026-08-09 01:46:18 | INFO | [Gitleaks] Generating metadata...
2026-08-09 01:46:18 | INFO | Loaded 8 rules for gitleaks.
2026-08-09 01:46:18 | INFO | Parsed 4 Gitleaks findings enriched with CWEs.
2026-08-09 01:46:18 | INFO | [Gitleaks] Calculating statistics...
2026-08-09 01:46:18 | INFO | [Gitleaks] Building normalized report...
2026-08-09 01:46:18 | INFO | [Gitleaks] Saving report...
2026-08-09 01:46:18 | INFO | Writing report: gitleaks_20260809_014618_normalized.json
2026-08-09 01:46:18 | INFO | Report written successfully: gitleaks_20260809_014618_normalized.json
2026-08-09 01:46:18 | INFO | [Gitleaks] Report saved successfully.
2026-08-09 01:46:18 | INFO | [Gitleaks] Calculating statistics...
2026-08-09 01:46:18 | INFO | ======================================================================
2026-08-09 01:46:18 | INFO | Gitleaks Scan Summary
2026-08-09 01:46:18 | INFO | ----------------------------------------------------------------------
2026-08-09 01:46:18 | INFO | Status         : FAIL
2026-08-09 01:46:18 | INFO | Total          : 4
2026-08-09 01:46:18 | INFO | Critical       : 4
2026-08-09 01:46:18 | INFO | High           : 0
2026-08-09 01:46:18 | INFO | Medium         : 0
2026-08-09 01:46:18 | INFO | Low            : 0
2026-08-09 01:46:18 | INFO | Info           : 0
2026-08-09 01:46:18 | INFO | Unknown        : 0
2026-08-09 01:46:18 | INFO | Fixable        : 0
2026-08-09 01:46:18 | INFO | Exploitable    : 0
2026-08-09 01:46:18 | INFO | Compliance     : 0.0%
2026-08-09 01:46:18 | INFO | Duration       : 0.05 sec
2026-08-09 01:46:18 | INFO | ======================================================================
2026-08-09 01:46:18 | INFO | Gitleaks Parser Completed
2026-08-09 01:46:18 | INFO | ======================================================================
2026-08-09 01:46:18 | INFO | [Gitleaks] Parser completed successfully.
2026-08-09 01:46:18 | INFO | gitleaks completed successfully.
2026-08-09 01:46:18 | INFO | Starting hadolint
2026-08-09 01:46:18 | INFO | [Hadolint] Preparing parser...
2026-08-09 01:46:18 | INFO | ======================================================================
2026-08-09 01:46:18 | INFO | Starting Hadolint Parser
2026-08-09 01:46:18 | INFO | ======================================================================
2026-08-09 01:46:18 | INFO | [Hadolint] Loading report(s)...
2026-08-09 01:46:18 | INFO | Reading report: frontend_20260806_001157.json
2026-08-09 01:46:18 | INFO | Successfully loaded frontend_20260806_001157.json
2026-08-09 01:46:18 | INFO | Reading report: backend_20260806_001157.json
2026-08-09 01:46:18 | INFO | Successfully loaded backend_20260806_001157.json
2026-08-09 01:46:18 | INFO | [Hadolint] Processing frontend_20260806_001157.json...
2026-08-09 01:46:18 | INFO | [Hadolint] Validating report...
2026-08-09 01:46:18 | INFO | [Hadolint] Generating metadata...
2026-08-09 01:46:18 | INFO | Loaded 66 rules for hadolint.
2026-08-09 01:46:18 | INFO | Parsed 1 Hadolint findings enriched with CWEs.
2026-08-09 01:46:18 | INFO | [Hadolint] Calculating statistics...
2026-08-09 01:46:18 | INFO | [Hadolint] Building normalized report...
2026-08-09 01:46:18 | INFO | [Hadolint] Saving report...
2026-08-09 01:46:18 | INFO | Writing report: hadolint_frontend_20260809_014618_normalized.json
2026-08-09 01:46:18 | INFO | Report written successfully: hadolint_frontend_20260809_014618_normalized.json
2026-08-09 01:46:18 | INFO | [Hadolint] Report saved successfully.
2026-08-09 01:46:18 | INFO | [Hadolint] Processing backend_20260806_001157.json...
2026-08-09 01:46:18 | INFO | [Hadolint] Validating report...
2026-08-09 01:46:18 | INFO | [Hadolint] Generating metadata...
2026-08-09 01:46:18 | WARNING | Hadolint report is empty.
2026-08-09 01:46:18 | INFO | [Hadolint] Calculating statistics...
2026-08-09 01:46:18 | INFO | [Hadolint] Building normalized report...
2026-08-09 01:46:18 | INFO | [Hadolint] Saving report...
2026-08-09 01:46:18 | INFO | Writing report: hadolint_backend_20260809_014618_normalized.json
2026-08-09 01:46:18 | INFO | Report written successfully: hadolint_backend_20260809_014618_normalized.json
2026-08-09 01:46:18 | INFO | [Hadolint] Report saved successfully.
2026-08-09 01:46:18 | INFO | [Hadolint] Calculating statistics...
2026-08-09 01:46:18 | INFO | ======================================================================
2026-08-09 01:46:18 | INFO | Hadolint Scan Summary
2026-08-09 01:46:18 | INFO | ----------------------------------------------------------------------
2026-08-09 01:46:18 | INFO | Status         : PASS
2026-08-09 01:46:18 | INFO | Total          : 1
2026-08-09 01:46:18 | INFO | Critical       : 0
2026-08-09 01:46:18 | INFO | High           : 0
2026-08-09 01:46:18 | INFO | Medium         : 0
2026-08-09 01:46:18 | INFO | Low            : 0
2026-08-09 01:46:18 | INFO | Info           : 1
2026-08-09 01:46:18 | INFO | Unknown        : 0
2026-08-09 01:46:18 | INFO | Fixable        : 0
2026-08-09 01:46:18 | INFO | Exploitable    : 0
2026-08-09 01:46:18 | INFO | Compliance     : 100.0%
2026-08-09 01:46:18 | INFO | Duration       : 0.01 sec
2026-08-09 01:46:18 | INFO | ======================================================================
2026-08-09 01:46:18 | INFO | Hadolint Parser Completed
2026-08-09 01:46:18 | INFO | ======================================================================
2026-08-09 01:46:18 | INFO | [Hadolint] Parser completed successfully.
2026-08-09 01:46:18 | INFO | hadolint completed successfully.
2026-08-09 01:46:18 | INFO | Starting trivy
2026-08-09 01:46:18 | INFO | [Trivy] Preparing parser...
2026-08-09 01:46:18 | INFO | ======================================================================
2026-08-09 01:46:18 | INFO | Starting Trivy Parser
2026-08-09 01:46:18 | INFO | ======================================================================
2026-08-09 01:46:18 | INFO | [Trivy] Loading report(s)...
2026-08-09 01:46:18 | INFO | Reading report: backend_20260804_020702.json
2026-08-09 01:46:18 | INFO | Successfully loaded backend_20260804_020702.json
2026-08-09 01:46:18 | INFO | Reading report: frontend_20260804_020702.json
2026-08-09 01:46:18 | INFO | Successfully loaded frontend_20260804_020702.json
2026-08-09 01:46:18 | INFO | [Trivy] Processing backend_20260804_020702.json...
2026-08-09 01:46:18 | INFO | [Trivy] Generating metadata...
2026-08-09 01:46:18 | INFO | Loaded 2 rules for trivy.
2026-08-09 01:46:18 | INFO | Parsed 64 Trivy findings.
2026-08-09 01:46:18 | INFO | [Trivy] Calculating statistics...
2026-08-09 01:46:18 | INFO | [Trivy] Building normalized report...
2026-08-09 01:46:18 | INFO | [Trivy] Saving report...
2026-08-09 01:46:18 | INFO | Writing report: trivy_backend_20260809_014618_normalized.json
2026-08-09 01:46:18 | INFO | Report written successfully: trivy_backend_20260809_014618_normalized.json
2026-08-09 01:46:18 | INFO | [Trivy] Report saved successfully.
2026-08-09 01:46:18 | INFO | [Trivy] Processing frontend_20260804_020702.json...
2026-08-09 01:46:18 | INFO | [Trivy] Generating metadata...
2026-08-09 01:46:18 | INFO | Parsed 0 Trivy findings.
2026-08-09 01:46:18 | INFO | [Trivy] Calculating statistics...
2026-08-09 01:46:18 | INFO | [Trivy] Building normalized report...
2026-08-09 01:46:18 | INFO | [Trivy] Saving report...
2026-08-09 01:46:18 | INFO | Writing report: trivy_frontend_20260809_014618_normalized.json
2026-08-09 01:46:18 | INFO | Report written successfully: trivy_frontend_20260809_014618_normalized.json
2026-08-09 01:46:18 | INFO | [Trivy] Report saved successfully.
2026-08-09 01:46:18 | INFO | [Trivy] Calculating statistics...
2026-08-09 01:46:18 | INFO | ======================================================================
2026-08-09 01:46:18 | INFO | Trivy Scan Summary
2026-08-09 01:46:18 | INFO | ----------------------------------------------------------------------
2026-08-09 01:46:18 | INFO | Status         : PASS
2026-08-09 01:46:18 | INFO | Total          : 64
2026-08-09 01:46:18 | INFO | Critical       : 1
2026-08-09 01:46:18 | INFO | High           : 25
2026-08-09 01:46:18 | INFO | Medium         : 16
2026-08-09 01:46:18 | INFO | Low            : 22
2026-08-09 01:46:18 | INFO | Info           : 0
2026-08-09 01:46:18 | INFO | Unknown        : 0
2026-08-09 01:46:18 | INFO | Fixable        : 64
2026-08-09 01:46:18 | INFO | Exploitable    : 25
2026-08-09 01:46:18 | INFO | Compliance     : 34.38%
2026-08-09 01:46:18 | INFO | Duration       : 0.03 sec
2026-08-09 01:46:18 | INFO | ======================================================================
2026-08-09 01:46:18 | INFO | Trivy Parser Completed
2026-08-09 01:46:18 | INFO | ======================================================================
2026-08-09 01:46:18 | INFO | [Trivy] Parser completed successfully.
2026-08-09 01:46:18 | INFO | trivy completed successfully.
2026-08-09 01:46:18 | INFO | Starting zap
2026-08-09 01:46:18 | INFO | ======================================================================
2026-08-09 01:46:18 | INFO | Starting zap Parser
2026-08-09 01:46:18 | INFO | ======================================================================
2026-08-09 01:46:18 | INFO | [zap] Loading report(s)...
2026-08-09 01:46:18 | INFO | Reading report: zap_20260804_023516.json
2026-08-09 01:46:18 | INFO | Successfully loaded zap_20260804_023516.json
2026-08-09 01:46:18 | INFO | [zap] Processing zap_20260804_023516.json...
2026-08-09 01:46:18 | INFO | [zap] Generating metadata...
2026-08-09 01:46:18 | INFO | Parsed 4 OWASP ZAP findings enriched with CWEs.
2026-08-09 01:46:18 | INFO | [zap] Calculating statistics...
2026-08-09 01:46:18 | INFO | [zap] Building normalized report...
2026-08-09 01:46:18 | INFO | [zap] Saving report...
2026-08-09 01:46:18 | INFO | Writing report: zap_20260809_014618_normalized.json
2026-08-09 01:46:18 | INFO | Report written successfully: zap_20260809_014618_normalized.json
2026-08-09 01:46:18 | INFO | [zap] Report saved successfully.
2026-08-09 01:46:18 | INFO | [zap] Calculating statistics...
2026-08-09 01:46:18 | INFO | ======================================================================
2026-08-09 01:46:18 | INFO | zap Scan Summary
2026-08-09 01:46:18 | INFO | ----------------------------------------------------------------------
2026-08-09 01:46:18 | INFO | Status         : WARN
2026-08-09 01:46:18 | INFO | Total          : 4
2026-08-09 01:46:18 | INFO | Critical       : 0
2026-08-09 01:46:18 | INFO | High           : 0
2026-08-09 01:46:18 | INFO | Medium         : 2
2026-08-09 01:46:18 | INFO | Low            : 1
2026-08-09 01:46:18 | INFO | Info           : 1
2026-08-09 01:46:18 | INFO | Unknown        : 0
2026-08-09 01:46:18 | INFO | Fixable        : 0
2026-08-09 01:46:18 | INFO | Exploitable    : 0
2026-08-09 01:46:18 | INFO | Compliance     : 50.0%
2026-08-09 01:46:18 | INFO | Duration       : 0.01 sec
2026-08-09 01:46:18 | INFO | ======================================================================
2026-08-09 01:46:18 | INFO | zap Parser Completed
2026-08-09 01:46:18 | INFO | ======================================================================
2026-08-09 01:46:18 | INFO | zap completed successfully.
2026-08-09 01:46:18 | INFO | ======================================================================
2026-08-09 01:46:18 | INFO | All parsers completed successfully.
2026-08-09 01:46:18 | INFO | ======================================================================
2026-08-09 01:46:18 | INFO | === STAGE 4: Aggregating Results ===
2026-08-09 01:46:18 | INFO | Starting master report aggregation with Risk Engine...
2026-08-09 01:46:18 | ERROR | Error reading report compliance/normalized/gitleaks/gitleaks_20260809_014618_normalized.json: name 'rule_id' is not defined
2026-08-09 01:46:18 | ERROR | Error reading report compliance/normalized/trivy/trivy_backend_20260809_014618_normalized.json: name 'rule_id' is not defined
2026-08-09 01:46:18 | ERROR | Error reading report compliance/normalized/zap/zap_20260809_014618_normalized.json: name 'rule_id' is not defined
2026-08-09 01:46:18 | ERROR | Error reading report compliance/normalized/hadolint/hadolint_frontend_20260809_014618_normalized.json: name 'rule_id' is not defined
2026-08-09 01:46:18 | INFO | Risk Engine Computed: Total Risk Score=0, Level=NONE
2026-08-09 01:46:18 | INFO | Master report saved at: compliance/master_reports/master_report.json
2026-08-09 01:46:18 | INFO | Processing 4-Layer Universal Compliance Engine mappings...
2026-08-09 01:46:18 | INFO | Saved 4-Layer Universal Compliance Matrix with Score: 100.0% to compliance/reports/compliance/compliance_matrix.json
2026-08-09 01:46:18 | INFO | Generated Executive HTML Report at compliance/reports/executive_reports/security_report.html
2026-08-09 01:46:18 | INFO | Generated Executive PDF Report at compliance/reports/executive_reports/security_report.pdf
2026-08-09 01:46:53 | INFO | Registered parser: hadolint
2026-08-09 01:46:53 | INFO | Registered parser: trivy
2026-08-09 01:46:53 | INFO | Registered parser: gitleaks
2026-08-09 01:46:53 | INFO | Registered parser: zap
2026-08-09 01:46:53 | INFO | === STAGE 1: Pre-flight Checks ===
2026-08-09 01:46:54 | INFO | Pre-flight Checks Passed.
2026-08-09 01:46:54 | INFO | === STAGE 2: Running Scanners ===
2026-08-09 01:46:54 | INFO | Running Gitleaks scanner (security/secrets/gitleaks.sh)...
2026-08-09 01:47:15 | WARNING | Gitleaks scanner exited with code 1
2026-08-09 01:47:15 | INFO | === STAGE 3: Running Parsers ===
2026-08-09 01:47:15 | INFO | Running parser for tool: gitleaks
2026-08-09 01:47:15 | INFO | Running parser: gitleaks
2026-08-09 01:47:15 | INFO | [Gitleaks] Preparing parser...
2026-08-09 01:47:15 | INFO | ======================================================================
2026-08-09 01:47:15 | INFO | Starting Gitleaks Parser
2026-08-09 01:47:15 | INFO | ======================================================================
2026-08-09 01:47:15 | INFO | [Gitleaks] Loading report(s)...
2026-08-09 01:47:15 | INFO | Reading report: gitleaks_20260809_014655.json
2026-08-09 01:47:15 | INFO | Successfully loaded gitleaks_20260809_014655.json
2026-08-09 01:47:15 | INFO | [Gitleaks] Processing gitleaks_20260809_014655.json...
2026-08-09 01:47:15 | INFO | [Gitleaks] Validating report...
2026-08-09 01:47:15 | INFO | [Gitleaks] Generating metadata...
2026-08-09 01:47:15 | INFO | Loaded 8 rules for gitleaks.
2026-08-09 01:47:15 | INFO | Parsed 4 Gitleaks findings enriched with CWEs.
2026-08-09 01:47:15 | INFO | [Gitleaks] Calculating statistics...
2026-08-09 01:47:15 | INFO | [Gitleaks] Building normalized report...
2026-08-09 01:47:15 | INFO | [Gitleaks] Saving report...
2026-08-09 01:47:15 | INFO | Writing report: gitleaks_20260809_014715_normalized.json
2026-08-09 01:47:15 | INFO | Report written successfully: gitleaks_20260809_014715_normalized.json
2026-08-09 01:47:15 | INFO | [Gitleaks] Report saved successfully.
2026-08-09 01:47:15 | INFO | [Gitleaks] Calculating statistics...
2026-08-09 01:47:15 | INFO | ======================================================================
2026-08-09 01:47:15 | INFO | Gitleaks Scan Summary
2026-08-09 01:47:15 | INFO | ----------------------------------------------------------------------
2026-08-09 01:47:15 | INFO | Status         : FAIL
2026-08-09 01:47:15 | INFO | Total          : 4
2026-08-09 01:47:15 | INFO | Critical       : 4
2026-08-09 01:47:15 | INFO | High           : 0
2026-08-09 01:47:15 | INFO | Medium         : 0
2026-08-09 01:47:15 | INFO | Low            : 0
2026-08-09 01:47:15 | INFO | Info           : 0
2026-08-09 01:47:15 | INFO | Unknown        : 0
2026-08-09 01:47:15 | INFO | Fixable        : 0
2026-08-09 01:47:15 | INFO | Exploitable    : 0
2026-08-09 01:47:15 | INFO | Compliance     : 0.0%
2026-08-09 01:47:15 | INFO | Duration       : 0.13 sec
2026-08-09 01:47:15 | INFO | ======================================================================
2026-08-09 01:47:15 | INFO | Gitleaks Parser Completed
2026-08-09 01:47:15 | INFO | ======================================================================
2026-08-09 01:47:15 | INFO | [Gitleaks] Parser completed successfully.
2026-08-09 01:47:24 | INFO | Registered parser: hadolint
2026-08-09 01:47:24 | INFO | Registered parser: trivy
2026-08-09 01:47:24 | INFO | Registered parser: gitleaks
2026-08-09 01:47:24 | INFO | Registered parser: zap
2026-08-09 01:47:24 | INFO | === STAGE 4: Aggregating Results ===
2026-08-09 01:47:24 | INFO | Starting master report aggregation with Risk Engine...
2026-08-09 01:47:24 | ERROR | Error reading report compliance/normalized/gitleaks/gitleaks_20260809_014715_normalized.json: name 'rule_id' is not defined
2026-08-09 01:47:24 | ERROR | Error reading report compliance/normalized/trivy/trivy_backend_20260809_014618_normalized.json: name 'rule_id' is not defined
2026-08-09 01:47:24 | ERROR | Error reading report compliance/normalized/zap/zap_20260809_014618_normalized.json: name 'rule_id' is not defined
2026-08-09 01:47:24 | ERROR | Error reading report compliance/normalized/hadolint/hadolint_frontend_20260809_014618_normalized.json: name 'rule_id' is not defined
2026-08-09 01:47:24 | INFO | Risk Engine Computed: Total Risk Score=0, Level=NONE
2026-08-09 01:47:24 | INFO | Master report saved at: compliance/master_reports/master_report.json
2026-08-09 01:47:24 | INFO | Processing 4-Layer Universal Compliance Engine mappings...
2026-08-09 01:47:24 | INFO | Saved 4-Layer Universal Compliance Matrix with Score: 100.0% to compliance/reports/compliance/compliance_matrix.json
2026-08-09 01:47:24 | INFO | Generated Executive HTML Report at compliance/reports/executive_reports/security_report.html
2026-08-09 01:47:24 | INFO | Generated Executive PDF Report at compliance/reports/executive_reports/security_report.pdf
2026-08-09 01:47:24 | INFO | Evaluating Security Gate policy from policy.yaml...
2026-08-09 01:47:24 | INFO | Database Ingestion Successful (Scan ID: SCAN-20260808201724)
2026-08-09 01:48:06 | INFO | Registered parser: hadolint
2026-08-09 01:48:06 | INFO | Registered parser: trivy
2026-08-09 01:48:06 | INFO | Registered parser: gitleaks
2026-08-09 01:48:06 | INFO | Registered parser: zap
2026-08-09 01:48:06 | INFO | === STAGE 3: Running Parsers ===
2026-08-09 01:48:06 | INFO | ======================================================================
2026-08-09 01:48:06 | INFO | Running all registered parsers...
2026-08-09 01:48:06 | INFO | ======================================================================
2026-08-09 01:48:06 | INFO | Starting gitleaks
2026-08-09 01:48:06 | INFO | [Gitleaks] Preparing parser...
2026-08-09 01:48:06 | INFO | ======================================================================
2026-08-09 01:48:06 | INFO | Starting Gitleaks Parser
2026-08-09 01:48:06 | INFO | ======================================================================
2026-08-09 01:48:06 | INFO | [Gitleaks] Loading report(s)...
2026-08-09 01:48:06 | INFO | Reading report: gitleaks_20260809_014655.json
2026-08-09 01:48:06 | INFO | Successfully loaded gitleaks_20260809_014655.json
2026-08-09 01:48:06 | INFO | [Gitleaks] Processing gitleaks_20260809_014655.json...
2026-08-09 01:48:06 | INFO | [Gitleaks] Validating report...
2026-08-09 01:48:06 | INFO | [Gitleaks] Generating metadata...
2026-08-09 01:48:06 | INFO | Loaded 8 rules for gitleaks.
2026-08-09 01:48:06 | INFO | Parsed 4 Gitleaks findings enriched with CWEs.
2026-08-09 01:48:06 | INFO | [Gitleaks] Calculating statistics...
2026-08-09 01:48:06 | INFO | [Gitleaks] Building normalized report...
2026-08-09 01:48:06 | INFO | [Gitleaks] Saving report...
2026-08-09 01:48:06 | INFO | Writing report: gitleaks_20260809_014806_normalized.json
2026-08-09 01:48:06 | INFO | Report written successfully: gitleaks_20260809_014806_normalized.json
2026-08-09 01:48:06 | INFO | [Gitleaks] Report saved successfully.
2026-08-09 01:48:06 | INFO | [Gitleaks] Calculating statistics...
2026-08-09 01:48:06 | INFO | ======================================================================
2026-08-09 01:48:06 | INFO | Gitleaks Scan Summary
2026-08-09 01:48:06 | INFO | ----------------------------------------------------------------------
2026-08-09 01:48:06 | INFO | Status         : FAIL
2026-08-09 01:48:06 | INFO | Total          : 4
2026-08-09 01:48:06 | INFO | Critical       : 4
2026-08-09 01:48:06 | INFO | High           : 0
2026-08-09 01:48:06 | INFO | Medium         : 0
2026-08-09 01:48:06 | INFO | Low            : 0
2026-08-09 01:48:06 | INFO | Info           : 0
2026-08-09 01:48:06 | INFO | Unknown        : 0
2026-08-09 01:48:06 | INFO | Fixable        : 0
2026-08-09 01:48:06 | INFO | Exploitable    : 0
2026-08-09 01:48:06 | INFO | Compliance     : 0.0%
2026-08-09 01:48:06 | INFO | Duration       : 0.13 sec
2026-08-09 01:48:06 | INFO | ======================================================================
2026-08-09 01:48:06 | INFO | Gitleaks Parser Completed
2026-08-09 01:48:06 | INFO | ======================================================================
2026-08-09 01:48:06 | INFO | [Gitleaks] Parser completed successfully.
2026-08-09 01:48:06 | INFO | gitleaks completed successfully.
2026-08-09 01:48:06 | INFO | Starting hadolint
2026-08-09 01:48:06 | INFO | [Hadolint] Preparing parser...
2026-08-09 01:48:06 | INFO | ======================================================================
2026-08-09 01:48:06 | INFO | Starting Hadolint Parser
2026-08-09 01:48:06 | INFO | ======================================================================
2026-08-09 01:48:06 | INFO | [Hadolint] Loading report(s)...
2026-08-09 01:48:06 | INFO | Reading report: frontend_20260806_001157.json
2026-08-09 01:48:06 | INFO | Successfully loaded frontend_20260806_001157.json
2026-08-09 01:48:06 | INFO | Reading report: backend_20260806_001157.json
2026-08-09 01:48:06 | INFO | Successfully loaded backend_20260806_001157.json
2026-08-09 01:48:06 | INFO | [Hadolint] Processing frontend_20260806_001157.json...
2026-08-09 01:48:06 | INFO | [Hadolint] Validating report...
2026-08-09 01:48:06 | INFO | [Hadolint] Generating metadata...
2026-08-09 01:48:06 | INFO | Loaded 66 rules for hadolint.
2026-08-09 01:48:06 | INFO | Parsed 1 Hadolint findings enriched with CWEs.
2026-08-09 01:48:06 | INFO | [Hadolint] Calculating statistics...
2026-08-09 01:48:06 | INFO | [Hadolint] Building normalized report...
2026-08-09 01:48:06 | INFO | [Hadolint] Saving report...
2026-08-09 01:48:06 | INFO | Writing report: hadolint_frontend_20260809_014806_normalized.json
2026-08-09 01:48:06 | INFO | Report written successfully: hadolint_frontend_20260809_014806_normalized.json
2026-08-09 01:48:06 | INFO | [Hadolint] Report saved successfully.
2026-08-09 01:48:06 | INFO | [Hadolint] Processing backend_20260806_001157.json...
2026-08-09 01:48:06 | INFO | [Hadolint] Validating report...
2026-08-09 01:48:06 | INFO | [Hadolint] Generating metadata...
2026-08-09 01:48:06 | WARNING | Hadolint report is empty.
2026-08-09 01:48:06 | INFO | [Hadolint] Calculating statistics...
2026-08-09 01:48:06 | INFO | [Hadolint] Building normalized report...
2026-08-09 01:48:06 | INFO | [Hadolint] Saving report...
2026-08-09 01:48:06 | INFO | Writing report: hadolint_backend_20260809_014806_normalized.json
2026-08-09 01:48:06 | INFO | Report written successfully: hadolint_backend_20260809_014806_normalized.json
2026-08-09 01:48:06 | INFO | [Hadolint] Report saved successfully.
2026-08-09 01:48:06 | INFO | [Hadolint] Calculating statistics...
2026-08-09 01:48:06 | INFO | ======================================================================
2026-08-09 01:48:06 | INFO | Hadolint Scan Summary
2026-08-09 01:48:06 | INFO | ----------------------------------------------------------------------
2026-08-09 01:48:06 | INFO | Status         : PASS
2026-08-09 01:48:06 | INFO | Total          : 1
2026-08-09 01:48:06 | INFO | Critical       : 0
2026-08-09 01:48:06 | INFO | High           : 0
2026-08-09 01:48:06 | INFO | Medium         : 0
2026-08-09 01:48:06 | INFO | Low            : 0
2026-08-09 01:48:06 | INFO | Info           : 1
2026-08-09 01:48:06 | INFO | Unknown        : 0
2026-08-09 01:48:06 | INFO | Fixable        : 0
2026-08-09 01:48:06 | INFO | Exploitable    : 0
2026-08-09 01:48:06 | INFO | Compliance     : 100.0%
2026-08-09 01:48:06 | INFO | Duration       : 0.01 sec
2026-08-09 01:48:06 | INFO | ======================================================================
2026-08-09 01:48:06 | INFO | Hadolint Parser Completed
2026-08-09 01:48:06 | INFO | ======================================================================
2026-08-09 01:48:06 | INFO | [Hadolint] Parser completed successfully.
2026-08-09 01:48:06 | INFO | hadolint completed successfully.
2026-08-09 01:48:06 | INFO | Starting trivy
2026-08-09 01:48:06 | INFO | [Trivy] Preparing parser...
2026-08-09 01:48:06 | INFO | ======================================================================
2026-08-09 01:48:06 | INFO | Starting Trivy Parser
2026-08-09 01:48:06 | INFO | ======================================================================
2026-08-09 01:48:06 | INFO | [Trivy] Loading report(s)...
2026-08-09 01:48:06 | INFO | Reading report: backend_20260804_020702.json
2026-08-09 01:48:06 | INFO | Successfully loaded backend_20260804_020702.json
2026-08-09 01:48:06 | INFO | Reading report: frontend_20260804_020702.json
2026-08-09 01:48:06 | INFO | Successfully loaded frontend_20260804_020702.json
2026-08-09 01:48:06 | INFO | [Trivy] Processing backend_20260804_020702.json...
2026-08-09 01:48:06 | INFO | [Trivy] Generating metadata...
2026-08-09 01:48:06 | INFO | Loaded 2 rules for trivy.
2026-08-09 01:48:06 | INFO | Parsed 64 Trivy findings.
2026-08-09 01:48:06 | INFO | [Trivy] Calculating statistics...
2026-08-09 01:48:06 | INFO | [Trivy] Building normalized report...
2026-08-09 01:48:06 | INFO | [Trivy] Saving report...
2026-08-09 01:48:06 | INFO | Writing report: trivy_backend_20260809_014806_normalized.json
2026-08-09 01:48:06 | INFO | Report written successfully: trivy_backend_20260809_014806_normalized.json
2026-08-09 01:48:06 | INFO | [Trivy] Report saved successfully.
2026-08-09 01:48:06 | INFO | [Trivy] Processing frontend_20260804_020702.json...
2026-08-09 01:48:06 | INFO | [Trivy] Generating metadata...
2026-08-09 01:48:06 | INFO | Parsed 0 Trivy findings.
2026-08-09 01:48:06 | INFO | [Trivy] Calculating statistics...
2026-08-09 01:48:06 | INFO | [Trivy] Building normalized report...
2026-08-09 01:48:06 | INFO | [Trivy] Saving report...
2026-08-09 01:48:06 | INFO | Writing report: trivy_frontend_20260809_014806_normalized.json
2026-08-09 01:48:06 | INFO | Report written successfully: trivy_frontend_20260809_014806_normalized.json
2026-08-09 01:48:06 | INFO | [Trivy] Report saved successfully.
2026-08-09 01:48:06 | INFO | [Trivy] Calculating statistics...
2026-08-09 01:48:06 | INFO | ======================================================================
2026-08-09 01:48:06 | INFO | Trivy Scan Summary
2026-08-09 01:48:06 | INFO | ----------------------------------------------------------------------
2026-08-09 01:48:06 | INFO | Status         : PASS
2026-08-09 01:48:06 | INFO | Total          : 64
2026-08-09 01:48:06 | INFO | Critical       : 1
2026-08-09 01:48:06 | INFO | High           : 25
2026-08-09 01:48:06 | INFO | Medium         : 16
2026-08-09 01:48:06 | INFO | Low            : 22
2026-08-09 01:48:06 | INFO | Info           : 0
2026-08-09 01:48:06 | INFO | Unknown        : 0
2026-08-09 01:48:06 | INFO | Fixable        : 64
2026-08-09 01:48:06 | INFO | Exploitable    : 25
2026-08-09 01:48:06 | INFO | Compliance     : 34.38%
2026-08-09 01:48:06 | INFO | Duration       : 0.03 sec
2026-08-09 01:48:06 | INFO | ======================================================================
2026-08-09 01:48:06 | INFO | Trivy Parser Completed
2026-08-09 01:48:06 | INFO | ======================================================================
2026-08-09 01:48:06 | INFO | [Trivy] Parser completed successfully.
2026-08-09 01:48:06 | INFO | trivy completed successfully.
2026-08-09 01:48:06 | INFO | Starting zap
2026-08-09 01:48:06 | INFO | ======================================================================
2026-08-09 01:48:06 | INFO | Starting zap Parser
2026-08-09 01:48:06 | INFO | ======================================================================
2026-08-09 01:48:06 | INFO | [zap] Loading report(s)...
2026-08-09 01:48:06 | INFO | Reading report: zap_20260804_023516.json
2026-08-09 01:48:06 | INFO | Successfully loaded zap_20260804_023516.json
2026-08-09 01:48:06 | INFO | [zap] Processing zap_20260804_023516.json...
2026-08-09 01:48:06 | INFO | [zap] Generating metadata...
2026-08-09 01:48:06 | INFO | Parsed 4 OWASP ZAP findings enriched with CWEs.
2026-08-09 01:48:06 | INFO | [zap] Calculating statistics...
2026-08-09 01:48:06 | INFO | [zap] Building normalized report...
2026-08-09 01:48:06 | INFO | [zap] Saving report...
2026-08-09 01:48:06 | INFO | Writing report: zap_20260809_014806_normalized.json
2026-08-09 01:48:06 | INFO | Report written successfully: zap_20260809_014806_normalized.json
2026-08-09 01:48:06 | INFO | [zap] Report saved successfully.
2026-08-09 01:48:06 | INFO | [zap] Calculating statistics...
2026-08-09 01:48:06 | INFO | ======================================================================
2026-08-09 01:48:06 | INFO | zap Scan Summary
2026-08-09 01:48:06 | INFO | ----------------------------------------------------------------------
2026-08-09 01:48:06 | INFO | Status         : WARN
2026-08-09 01:48:06 | INFO | Total          : 4
2026-08-09 01:48:06 | INFO | Critical       : 0
2026-08-09 01:48:06 | INFO | High           : 0
2026-08-09 01:48:06 | INFO | Medium         : 2
2026-08-09 01:48:06 | INFO | Low            : 1
2026-08-09 01:48:06 | INFO | Info           : 1
2026-08-09 01:48:06 | INFO | Unknown        : 0
2026-08-09 01:48:06 | INFO | Fixable        : 0
2026-08-09 01:48:06 | INFO | Exploitable    : 0
2026-08-09 01:48:06 | INFO | Compliance     : 50.0%
2026-08-09 01:48:06 | INFO | Duration       : 0.01 sec
2026-08-09 01:48:06 | INFO | ======================================================================
2026-08-09 01:48:06 | INFO | zap Parser Completed
2026-08-09 01:48:06 | INFO | ======================================================================
2026-08-09 01:48:06 | INFO | zap completed successfully.
2026-08-09 01:48:06 | INFO | ======================================================================
2026-08-09 01:48:06 | INFO | All parsers completed successfully.
2026-08-09 01:48:06 | INFO | ======================================================================
2026-08-09 01:48:06 | INFO | === STAGE 4: Aggregating Results ===
2026-08-09 01:48:06 | INFO | Starting master report aggregation with Risk Engine...
2026-08-09 01:48:06 | ERROR | Error reading report compliance/normalized/gitleaks/gitleaks_20260809_014806_normalized.json: name 'rule_id' is not defined
2026-08-09 01:48:06 | ERROR | Error reading report compliance/normalized/trivy/trivy_backend_20260809_014806_normalized.json: name 'rule_id' is not defined
2026-08-09 01:48:06 | ERROR | Error reading report compliance/normalized/zap/zap_20260809_014806_normalized.json: name 'rule_id' is not defined
2026-08-09 01:48:06 | ERROR | Error reading report compliance/normalized/hadolint/hadolint_frontend_20260809_014806_normalized.json: name 'rule_id' is not defined
2026-08-09 01:48:06 | INFO | Risk Engine Computed: Total Risk Score=0, Level=NONE
2026-08-09 01:48:06 | INFO | Master report saved at: compliance/master_reports/master_report.json
2026-08-09 01:48:06 | INFO | Processing 4-Layer Universal Compliance Engine mappings...
2026-08-09 01:48:06 | INFO | Saved 4-Layer Universal Compliance Matrix with Score: 100.0% to compliance/reports/compliance/compliance_matrix.json
2026-08-09 01:48:06 | INFO | Generated Executive HTML Report at compliance/reports/executive_reports/security_report.html
2026-08-09 01:48:06 | INFO | Generated Executive PDF Report at compliance/reports/executive_reports/security_report.pdf
2026-08-09 01:48:06 | INFO | Evaluating Security Gate policy from policy.yaml...
2026-08-09 01:48:06 | INFO | Database Ingestion Successful (Scan ID: SCAN-20260808201806)
2026-08-09 01:48:33 | INFO | Registered parser: gitleaks
2026-08-09 01:48:33 | INFO | [Gitleaks] Preparing parser...
2026-08-09 01:48:33 | INFO | ======================================================================
2026-08-09 01:48:33 | INFO | Starting Gitleaks Parser
2026-08-09 01:48:33 | INFO | ======================================================================
2026-08-09 01:48:33 | INFO | [Gitleaks] Loading report(s)...
2026-08-09 01:48:33 | INFO | Reading report: gitleaks_20260809_014655.json
2026-08-09 01:48:33 | INFO | Successfully loaded gitleaks_20260809_014655.json
2026-08-09 01:48:33 | INFO | [Gitleaks] Processing gitleaks_20260809_014655.json...
2026-08-09 01:48:33 | INFO | [Gitleaks] Validating report...
2026-08-09 01:48:33 | INFO | [Gitleaks] Generating metadata...
2026-08-09 01:48:34 | INFO | Loaded 8 rules for gitleaks.
2026-08-09 01:48:34 | INFO | Parsed 4 Gitleaks findings enriched with CWEs.
2026-08-09 01:48:34 | INFO | [Gitleaks] Calculating statistics...
2026-08-09 01:48:34 | INFO | [Gitleaks] Building normalized report...
2026-08-09 01:48:34 | INFO | [Gitleaks] Saving report...
2026-08-09 01:48:34 | INFO | Writing report: gitleaks_20260809_014834_normalized.json
2026-08-09 01:48:34 | INFO | Report written successfully: gitleaks_20260809_014834_normalized.json
2026-08-09 01:48:34 | INFO | [Gitleaks] Report saved successfully.
2026-08-09 01:48:34 | INFO | [Gitleaks] Calculating statistics...
2026-08-09 01:48:34 | INFO | ======================================================================
2026-08-09 01:48:34 | INFO | Gitleaks Scan Summary
2026-08-09 01:48:34 | INFO | ----------------------------------------------------------------------
2026-08-09 01:48:34 | INFO | Status         : FAIL
2026-08-09 01:48:34 | INFO | Total          : 4
2026-08-09 01:48:34 | INFO | Critical       : 4
2026-08-09 01:48:34 | INFO | High           : 0
2026-08-09 01:48:34 | INFO | Medium         : 0
2026-08-09 01:48:34 | INFO | Low            : 0
2026-08-09 01:48:34 | INFO | Info           : 0
2026-08-09 01:48:34 | INFO | Unknown        : 0
2026-08-09 01:48:34 | INFO | Fixable        : 0
2026-08-09 01:48:34 | INFO | Exploitable    : 0
2026-08-09 01:48:34 | INFO | Compliance     : 0.0%
2026-08-09 01:48:34 | INFO | Duration       : 0.12 sec
2026-08-09 01:48:34 | INFO | ======================================================================
2026-08-09 01:48:34 | INFO | Gitleaks Parser Completed
2026-08-09 01:48:34 | INFO | ======================================================================
2026-08-09 01:48:34 | INFO | [Gitleaks] Parser completed successfully.
2026-08-09 01:48:51 | INFO | Registered parser: hadolint
2026-08-09 01:48:51 | INFO | Registered parser: trivy
2026-08-09 01:48:51 | INFO | Registered parser: zap
2026-08-09 01:48:51 | INFO | [Hadolint] Preparing parser...
2026-08-09 01:48:51 | INFO | ======================================================================
2026-08-09 01:48:51 | INFO | Starting Hadolint Parser
2026-08-09 01:48:51 | INFO | ======================================================================
2026-08-09 01:48:51 | INFO | [Hadolint] Loading report(s)...
2026-08-09 01:48:51 | INFO | Reading report: frontend_20260806_001157.json
2026-08-09 01:48:51 | INFO | Successfully loaded frontend_20260806_001157.json
2026-08-09 01:48:51 | INFO | Reading report: backend_20260806_001157.json
2026-08-09 01:48:51 | INFO | Successfully loaded backend_20260806_001157.json
2026-08-09 01:48:51 | INFO | [Hadolint] Processing frontend_20260806_001157.json...
2026-08-09 01:48:51 | INFO | [Hadolint] Validating report...
2026-08-09 01:48:51 | INFO | [Hadolint] Generating metadata...
2026-08-09 01:48:51 | INFO | Loaded 66 rules for hadolint.
2026-08-09 01:48:51 | INFO | Parsed 1 Hadolint findings enriched with CWEs.
2026-08-09 01:48:51 | INFO | [Hadolint] Calculating statistics...
2026-08-09 01:48:51 | INFO | [Hadolint] Building normalized report...
2026-08-09 01:48:51 | INFO | [Hadolint] Saving report...
2026-08-09 01:48:51 | INFO | Writing report: hadolint_frontend_20260809_014851_normalized.json
2026-08-09 01:48:51 | INFO | Report written successfully: hadolint_frontend_20260809_014851_normalized.json
2026-08-09 01:48:51 | INFO | [Hadolint] Report saved successfully.
2026-08-09 01:48:51 | INFO | [Hadolint] Processing backend_20260806_001157.json...
2026-08-09 01:48:51 | INFO | [Hadolint] Validating report...
2026-08-09 01:48:51 | INFO | [Hadolint] Generating metadata...
2026-08-09 01:48:51 | WARNING | Hadolint report is empty.
2026-08-09 01:48:51 | INFO | [Hadolint] Calculating statistics...
2026-08-09 01:48:51 | INFO | [Hadolint] Building normalized report...
2026-08-09 01:48:51 | INFO | [Hadolint] Saving report...
2026-08-09 01:48:51 | INFO | Writing report: hadolint_backend_20260809_014851_normalized.json
2026-08-09 01:48:51 | INFO | Report written successfully: hadolint_backend_20260809_014851_normalized.json
2026-08-09 01:48:51 | INFO | [Hadolint] Report saved successfully.
2026-08-09 01:48:51 | INFO | [Hadolint] Calculating statistics...
2026-08-09 01:48:51 | INFO | ======================================================================
2026-08-09 01:48:51 | INFO | Hadolint Scan Summary
2026-08-09 01:48:51 | INFO | ----------------------------------------------------------------------
2026-08-09 01:48:51 | INFO | Status         : PASS
2026-08-09 01:48:51 | INFO | Total          : 1
2026-08-09 01:48:51 | INFO | Critical       : 0
2026-08-09 01:48:51 | INFO | High           : 0
2026-08-09 01:48:51 | INFO | Medium         : 0
2026-08-09 01:48:51 | INFO | Low            : 0
2026-08-09 01:48:51 | INFO | Info           : 1
2026-08-09 01:48:51 | INFO | Unknown        : 0
2026-08-09 01:48:51 | INFO | Fixable        : 0
2026-08-09 01:48:51 | INFO | Exploitable    : 0
2026-08-09 01:48:51 | INFO | Compliance     : 100.0%
2026-08-09 01:48:51 | INFO | Duration       : 0.01 sec
2026-08-09 01:48:51 | INFO | ======================================================================
2026-08-09 01:48:51 | INFO | Hadolint Parser Completed
2026-08-09 01:48:51 | INFO | ======================================================================
2026-08-09 01:48:51 | INFO | [Hadolint] Parser completed successfully.
2026-08-09 01:48:51 | INFO | [Trivy] Preparing parser...
2026-08-09 01:48:51 | INFO | ======================================================================
2026-08-09 01:48:51 | INFO | Starting Trivy Parser
2026-08-09 01:48:51 | INFO | ======================================================================
2026-08-09 01:48:51 | INFO | [Trivy] Loading report(s)...
2026-08-09 01:48:51 | INFO | Reading report: backend_20260804_020702.json
2026-08-09 01:48:51 | INFO | Successfully loaded backend_20260804_020702.json
2026-08-09 01:48:51 | INFO | Reading report: frontend_20260804_020702.json
2026-08-09 01:48:51 | INFO | Successfully loaded frontend_20260804_020702.json
2026-08-09 01:48:51 | INFO | [Trivy] Processing backend_20260804_020702.json...
2026-08-09 01:48:51 | INFO | [Trivy] Generating metadata...
2026-08-09 01:48:51 | INFO | Loaded 2 rules for trivy.
2026-08-09 01:48:51 | INFO | Parsed 64 Trivy findings.
2026-08-09 01:48:51 | INFO | [Trivy] Calculating statistics...
2026-08-09 01:48:51 | INFO | [Trivy] Building normalized report...
2026-08-09 01:48:51 | INFO | [Trivy] Saving report...
2026-08-09 01:48:51 | INFO | Writing report: trivy_backend_20260809_014851_normalized.json
2026-08-09 01:48:51 | INFO | Report written successfully: trivy_backend_20260809_014851_normalized.json
2026-08-09 01:48:51 | INFO | [Trivy] Report saved successfully.
2026-08-09 01:48:51 | INFO | [Trivy] Processing frontend_20260804_020702.json...
2026-08-09 01:48:51 | INFO | [Trivy] Generating metadata...
2026-08-09 01:48:51 | INFO | Parsed 0 Trivy findings.
2026-08-09 01:48:51 | INFO | [Trivy] Calculating statistics...
2026-08-09 01:48:51 | INFO | [Trivy] Building normalized report...
2026-08-09 01:48:51 | INFO | [Trivy] Saving report...
2026-08-09 01:48:51 | INFO | Writing report: trivy_frontend_20260809_014851_normalized.json
2026-08-09 01:48:51 | INFO | Report written successfully: trivy_frontend_20260809_014851_normalized.json
2026-08-09 01:48:51 | INFO | [Trivy] Report saved successfully.
2026-08-09 01:48:51 | INFO | [Trivy] Calculating statistics...
2026-08-09 01:48:51 | INFO | ======================================================================
2026-08-09 01:48:51 | INFO | Trivy Scan Summary
2026-08-09 01:48:51 | INFO | ----------------------------------------------------------------------
2026-08-09 01:48:51 | INFO | Status         : PASS
2026-08-09 01:48:51 | INFO | Total          : 64
2026-08-09 01:48:51 | INFO | Critical       : 1
2026-08-09 01:48:51 | INFO | High           : 25
2026-08-09 01:48:51 | INFO | Medium         : 16
2026-08-09 01:48:51 | INFO | Low            : 22
2026-08-09 01:48:51 | INFO | Info           : 0
2026-08-09 01:48:51 | INFO | Unknown        : 0
2026-08-09 01:48:51 | INFO | Fixable        : 64
2026-08-09 01:48:51 | INFO | Exploitable    : 25
2026-08-09 01:48:51 | INFO | Compliance     : 34.38%
2026-08-09 01:48:51 | INFO | Duration       : 0.03 sec
2026-08-09 01:48:51 | INFO | ======================================================================
2026-08-09 01:48:51 | INFO | Trivy Parser Completed
2026-08-09 01:48:51 | INFO | ======================================================================
2026-08-09 01:48:51 | INFO | [Trivy] Parser completed successfully.
2026-08-09 01:48:51 | INFO | ======================================================================
2026-08-09 01:48:51 | INFO | Starting zap Parser
2026-08-09 01:48:51 | INFO | ======================================================================
2026-08-09 01:48:51 | INFO | [zap] Loading report(s)...
2026-08-09 01:48:51 | INFO | Reading report: zap_20260804_023516.json
2026-08-09 01:48:51 | INFO | Successfully loaded zap_20260804_023516.json
2026-08-09 01:48:51 | INFO | [zap] Processing zap_20260804_023516.json...
2026-08-09 01:48:51 | INFO | [zap] Generating metadata...
2026-08-09 01:48:51 | INFO | Parsed 4 OWASP ZAP findings enriched with CWEs.
2026-08-09 01:48:51 | INFO | [zap] Calculating statistics...
2026-08-09 01:48:51 | INFO | [zap] Building normalized report...
2026-08-09 01:48:51 | INFO | [zap] Saving report...
2026-08-09 01:48:51 | INFO | Writing report: zap_20260809_014851_normalized.json
2026-08-09 01:48:51 | INFO | Report written successfully: zap_20260809_014851_normalized.json
2026-08-09 01:48:51 | INFO | [zap] Report saved successfully.
2026-08-09 01:48:51 | INFO | [zap] Calculating statistics...
2026-08-09 01:48:51 | INFO | ======================================================================
2026-08-09 01:48:51 | INFO | zap Scan Summary
2026-08-09 01:48:51 | INFO | ----------------------------------------------------------------------
2026-08-09 01:48:51 | INFO | Status         : WARN
2026-08-09 01:48:51 | INFO | Total          : 4
2026-08-09 01:48:51 | INFO | Critical       : 0
2026-08-09 01:48:51 | INFO | High           : 0
2026-08-09 01:48:51 | INFO | Medium         : 2
2026-08-09 01:48:51 | INFO | Low            : 1
2026-08-09 01:48:51 | INFO | Info           : 1
2026-08-09 01:48:51 | INFO | Unknown        : 0
2026-08-09 01:48:51 | INFO | Fixable        : 0
2026-08-09 01:48:51 | INFO | Exploitable    : 0
2026-08-09 01:48:51 | INFO | Compliance     : 50.0%
2026-08-09 01:48:51 | INFO | Duration       : 0.01 sec
2026-08-09 01:48:51 | INFO | ======================================================================
2026-08-09 01:48:51 | INFO | zap Parser Completed
2026-08-09 01:48:51 | INFO | ======================================================================
2026-08-09 01:49:00 | INFO | Starting master report aggregation with Risk Engine...
2026-08-09 01:49:00 | ERROR | Error reading report compliance/normalized/gitleaks/gitleaks_20260809_014834_normalized.json: name 'rule_id' is not defined
2026-08-09 01:49:00 | ERROR | Error reading report compliance/normalized/trivy/trivy_backend_20260809_014851_normalized.json: name 'rule_id' is not defined
2026-08-09 01:49:00 | ERROR | Error reading report compliance/normalized/zap/zap_20260809_014851_normalized.json: name 'rule_id' is not defined
2026-08-09 01:49:00 | ERROR | Error reading report compliance/normalized/hadolint/hadolint_frontend_20260809_014851_normalized.json: name 'rule_id' is not defined
2026-08-09 01:49:00 | INFO | Risk Engine Computed: Total Risk Score=0, Level=NONE
2026-08-09 01:49:00 | INFO | Master report saved at: compliance/master_reports/master_report.json
2026-08-09 01:49:00 | INFO | Processing 4-Layer Universal Compliance Engine mappings...
2026-08-09 01:49:00 | INFO | Saved 4-Layer Universal Compliance Matrix with Score: 100.0% to compliance/reports/compliance/compliance_matrix.json
2026-08-09 01:49:46 | INFO | Starting master report aggregation with Risk Engine...
2026-08-09 01:49:46 | INFO | Risk Engine Computed: Total Risk Score=194, Level=CRITICAL
2026-08-09 01:49:46 | INFO | Master report saved at: compliance/master_reports/master_report.json
2026-08-09 01:49:46 | INFO | Processing 4-Layer Universal Compliance Engine mappings...
2026-08-09 01:49:46 | INFO | Saved 4-Layer Universal Compliance Matrix with Score: 32.2% to compliance/reports/compliance/compliance_matrix.json
2026-08-09 01:50:01 | INFO | Registered parser: hadolint
2026-08-09 01:50:01 | INFO | Registered parser: trivy
2026-08-09 01:50:01 | INFO | Registered parser: gitleaks
2026-08-09 01:50:01 | INFO | Registered parser: zap
2026-08-09 01:50:01 | INFO | === STAGE 3: Running Parsers ===
2026-08-09 01:50:01 | INFO | ======================================================================
2026-08-09 01:50:01 | INFO | Running all registered parsers...
2026-08-09 01:50:01 | INFO | ======================================================================
2026-08-09 01:50:01 | INFO | Starting gitleaks
2026-08-09 01:50:01 | INFO | [Gitleaks] Preparing parser...
2026-08-09 01:50:01 | INFO | ======================================================================
2026-08-09 01:50:01 | INFO | Starting Gitleaks Parser
2026-08-09 01:50:01 | INFO | ======================================================================
2026-08-09 01:50:01 | INFO | [Gitleaks] Loading report(s)...
2026-08-09 01:50:01 | INFO | Reading report: gitleaks_20260809_014655.json
2026-08-09 01:50:01 | INFO | Successfully loaded gitleaks_20260809_014655.json
2026-08-09 01:50:01 | INFO | [Gitleaks] Processing gitleaks_20260809_014655.json...
2026-08-09 01:50:01 | INFO | [Gitleaks] Validating report...
2026-08-09 01:50:01 | INFO | [Gitleaks] Generating metadata...
2026-08-09 01:50:01 | INFO | Loaded 8 rules for gitleaks.
2026-08-09 01:50:01 | INFO | Parsed 4 Gitleaks findings enriched with CWEs.
2026-08-09 01:50:01 | INFO | [Gitleaks] Calculating statistics...
2026-08-09 01:50:01 | INFO | [Gitleaks] Building normalized report...
2026-08-09 01:50:01 | INFO | [Gitleaks] Saving report...
2026-08-09 01:50:01 | INFO | Writing report: gitleaks_20260809_015001_normalized.json
2026-08-09 01:50:01 | INFO | Report written successfully: gitleaks_20260809_015001_normalized.json
2026-08-09 01:50:01 | INFO | [Gitleaks] Report saved successfully.
2026-08-09 01:50:01 | INFO | [Gitleaks] Calculating statistics...
2026-08-09 01:50:01 | INFO | ======================================================================
2026-08-09 01:50:01 | INFO | Gitleaks Scan Summary
2026-08-09 01:50:01 | INFO | ----------------------------------------------------------------------
2026-08-09 01:50:01 | INFO | Status         : FAIL
2026-08-09 01:50:01 | INFO | Total          : 4
2026-08-09 01:50:01 | INFO | Critical       : 4
2026-08-09 01:50:01 | INFO | High           : 0
2026-08-09 01:50:01 | INFO | Medium         : 0
2026-08-09 01:50:01 | INFO | Low            : 0
2026-08-09 01:50:01 | INFO | Info           : 0
2026-08-09 01:50:01 | INFO | Unknown        : 0
2026-08-09 01:50:01 | INFO | Fixable        : 0
2026-08-09 01:50:01 | INFO | Exploitable    : 0
2026-08-09 01:50:01 | INFO | Compliance     : 0.0%
2026-08-09 01:50:01 | INFO | Duration       : 0.12 sec
2026-08-09 01:50:01 | INFO | ======================================================================
2026-08-09 01:50:01 | INFO | Gitleaks Parser Completed
2026-08-09 01:50:01 | INFO | ======================================================================
2026-08-09 01:50:01 | INFO | [Gitleaks] Parser completed successfully.
2026-08-09 01:50:01 | INFO | gitleaks completed successfully.
2026-08-09 01:50:01 | INFO | Starting hadolint
2026-08-09 01:50:01 | INFO | [Hadolint] Preparing parser...
2026-08-09 01:50:01 | INFO | ======================================================================
2026-08-09 01:50:01 | INFO | Starting Hadolint Parser
2026-08-09 01:50:01 | INFO | ======================================================================
2026-08-09 01:50:01 | INFO | [Hadolint] Loading report(s)...
2026-08-09 01:50:01 | INFO | Reading report: frontend_20260806_001157.json
2026-08-09 01:50:01 | INFO | Successfully loaded frontend_20260806_001157.json
2026-08-09 01:50:01 | INFO | Reading report: backend_20260806_001157.json
2026-08-09 01:50:01 | INFO | Successfully loaded backend_20260806_001157.json
2026-08-09 01:50:01 | INFO | [Hadolint] Processing frontend_20260806_001157.json...
2026-08-09 01:50:01 | INFO | [Hadolint] Validating report...
2026-08-09 01:50:01 | INFO | [Hadolint] Generating metadata...
2026-08-09 01:50:01 | INFO | Loaded 66 rules for hadolint.
2026-08-09 01:50:01 | INFO | Parsed 1 Hadolint findings enriched with CWEs.
2026-08-09 01:50:01 | INFO | [Hadolint] Calculating statistics...
2026-08-09 01:50:01 | INFO | [Hadolint] Building normalized report...
2026-08-09 01:50:01 | INFO | [Hadolint] Saving report...
2026-08-09 01:50:01 | INFO | Writing report: hadolint_frontend_20260809_015001_normalized.json
2026-08-09 01:50:01 | INFO | Report written successfully: hadolint_frontend_20260809_015001_normalized.json
2026-08-09 01:50:01 | INFO | [Hadolint] Report saved successfully.
2026-08-09 01:50:01 | INFO | [Hadolint] Processing backend_20260806_001157.json...
2026-08-09 01:50:01 | INFO | [Hadolint] Validating report...
2026-08-09 01:50:01 | INFO | [Hadolint] Generating metadata...
2026-08-09 01:50:01 | WARNING | Hadolint report is empty.
2026-08-09 01:50:01 | INFO | [Hadolint] Calculating statistics...
2026-08-09 01:50:01 | INFO | [Hadolint] Building normalized report...
2026-08-09 01:50:01 | INFO | [Hadolint] Saving report...
2026-08-09 01:50:01 | INFO | Writing report: hadolint_backend_20260809_015001_normalized.json
2026-08-09 01:50:01 | INFO | Report written successfully: hadolint_backend_20260809_015001_normalized.json
2026-08-09 01:50:01 | INFO | [Hadolint] Report saved successfully.
2026-08-09 01:50:01 | INFO | [Hadolint] Calculating statistics...
2026-08-09 01:50:01 | INFO | ======================================================================
2026-08-09 01:50:01 | INFO | Hadolint Scan Summary
2026-08-09 01:50:01 | INFO | ----------------------------------------------------------------------
2026-08-09 01:50:01 | INFO | Status         : PASS
2026-08-09 01:50:01 | INFO | Total          : 1
2026-08-09 01:50:01 | INFO | Critical       : 0
2026-08-09 01:50:01 | INFO | High           : 0
2026-08-09 01:50:01 | INFO | Medium         : 0
2026-08-09 01:50:01 | INFO | Low            : 0
2026-08-09 01:50:01 | INFO | Info           : 1
2026-08-09 01:50:01 | INFO | Unknown        : 0
2026-08-09 01:50:01 | INFO | Fixable        : 0
2026-08-09 01:50:01 | INFO | Exploitable    : 0
2026-08-09 01:50:01 | INFO | Compliance     : 100.0%
2026-08-09 01:50:01 | INFO | Duration       : 0.02 sec
2026-08-09 01:50:01 | INFO | ======================================================================
2026-08-09 01:50:01 | INFO | Hadolint Parser Completed
2026-08-09 01:50:01 | INFO | ======================================================================
2026-08-09 01:50:01 | INFO | [Hadolint] Parser completed successfully.
2026-08-09 01:50:01 | INFO | hadolint completed successfully.
2026-08-09 01:50:01 | INFO | Starting trivy
2026-08-09 01:50:01 | INFO | [Trivy] Preparing parser...
2026-08-09 01:50:01 | INFO | ======================================================================
2026-08-09 01:50:01 | INFO | Starting Trivy Parser
2026-08-09 01:50:01 | INFO | ======================================================================
2026-08-09 01:50:01 | INFO | [Trivy] Loading report(s)...
2026-08-09 01:50:01 | INFO | Reading report: backend_20260804_020702.json
2026-08-09 01:50:01 | INFO | Successfully loaded backend_20260804_020702.json
2026-08-09 01:50:01 | INFO | Reading report: frontend_20260804_020702.json
2026-08-09 01:50:01 | INFO | Successfully loaded frontend_20260804_020702.json
2026-08-09 01:50:01 | INFO | [Trivy] Processing backend_20260804_020702.json...
2026-08-09 01:50:01 | INFO | [Trivy] Generating metadata...
2026-08-09 01:50:01 | INFO | Loaded 2 rules for trivy.
2026-08-09 01:50:01 | INFO | Parsed 64 Trivy findings.
2026-08-09 01:50:01 | INFO | [Trivy] Calculating statistics...
2026-08-09 01:50:01 | INFO | [Trivy] Building normalized report...
2026-08-09 01:50:01 | INFO | [Trivy] Saving report...
2026-08-09 01:50:01 | INFO | Writing report: trivy_backend_20260809_015001_normalized.json
2026-08-09 01:50:01 | INFO | Report written successfully: trivy_backend_20260809_015001_normalized.json
2026-08-09 01:50:01 | INFO | [Trivy] Report saved successfully.
2026-08-09 01:50:01 | INFO | [Trivy] Processing frontend_20260804_020702.json...
2026-08-09 01:50:01 | INFO | [Trivy] Generating metadata...
2026-08-09 01:50:01 | INFO | Parsed 0 Trivy findings.
2026-08-09 01:50:01 | INFO | [Trivy] Calculating statistics...
2026-08-09 01:50:01 | INFO | [Trivy] Building normalized report...
2026-08-09 01:50:01 | INFO | [Trivy] Saving report...
2026-08-09 01:50:01 | INFO | Writing report: trivy_frontend_20260809_015001_normalized.json
2026-08-09 01:50:01 | INFO | Report written successfully: trivy_frontend_20260809_015001_normalized.json
2026-08-09 01:50:01 | INFO | [Trivy] Report saved successfully.
2026-08-09 01:50:01 | INFO | [Trivy] Calculating statistics...
2026-08-09 01:50:01 | INFO | ======================================================================
2026-08-09 01:50:01 | INFO | Trivy Scan Summary
2026-08-09 01:50:01 | INFO | ----------------------------------------------------------------------
2026-08-09 01:50:01 | INFO | Status         : PASS
2026-08-09 01:50:01 | INFO | Total          : 64
2026-08-09 01:50:01 | INFO | Critical       : 1
2026-08-09 01:50:01 | INFO | High           : 25
2026-08-09 01:50:01 | INFO | Medium         : 16
2026-08-09 01:50:01 | INFO | Low            : 22
2026-08-09 01:50:01 | INFO | Info           : 0
2026-08-09 01:50:01 | INFO | Unknown        : 0
2026-08-09 01:50:01 | INFO | Fixable        : 64
2026-08-09 01:50:01 | INFO | Exploitable    : 25
2026-08-09 01:50:01 | INFO | Compliance     : 34.38%
2026-08-09 01:50:01 | INFO | Duration       : 0.02 sec
2026-08-09 01:50:01 | INFO | ======================================================================
2026-08-09 01:50:01 | INFO | Trivy Parser Completed
2026-08-09 01:50:01 | INFO | ======================================================================
2026-08-09 01:50:01 | INFO | [Trivy] Parser completed successfully.
2026-08-09 01:50:01 | INFO | trivy completed successfully.
2026-08-09 01:50:01 | INFO | Starting zap
2026-08-09 01:50:01 | INFO | ======================================================================
2026-08-09 01:50:01 | INFO | Starting zap Parser
2026-08-09 01:50:01 | INFO | ======================================================================
2026-08-09 01:50:01 | INFO | [zap] Loading report(s)...
2026-08-09 01:50:01 | INFO | Reading report: zap_20260804_023516.json
2026-08-09 01:50:01 | INFO | Successfully loaded zap_20260804_023516.json
2026-08-09 01:50:01 | INFO | [zap] Processing zap_20260804_023516.json...
2026-08-09 01:50:01 | INFO | [zap] Generating metadata...
2026-08-09 01:50:01 | INFO | Parsed 4 OWASP ZAP findings enriched with CWEs.
2026-08-09 01:50:01 | INFO | [zap] Calculating statistics...
2026-08-09 01:50:01 | INFO | [zap] Building normalized report...
2026-08-09 01:50:01 | INFO | [zap] Saving report...
2026-08-09 01:50:01 | INFO | Writing report: zap_20260809_015001_normalized.json
2026-08-09 01:50:01 | INFO | Report written successfully: zap_20260809_015001_normalized.json
2026-08-09 01:50:01 | INFO | [zap] Report saved successfully.
2026-08-09 01:50:01 | INFO | [zap] Calculating statistics...
2026-08-09 01:50:01 | INFO | ======================================================================
2026-08-09 01:50:01 | INFO | zap Scan Summary
2026-08-09 01:50:01 | INFO | ----------------------------------------------------------------------
2026-08-09 01:50:01 | INFO | Status         : WARN
2026-08-09 01:50:01 | INFO | Total          : 4
2026-08-09 01:50:01 | INFO | Critical       : 0
2026-08-09 01:50:01 | INFO | High           : 0
2026-08-09 01:50:01 | INFO | Medium         : 2
2026-08-09 01:50:01 | INFO | Low            : 1
2026-08-09 01:50:01 | INFO | Info           : 1
2026-08-09 01:50:01 | INFO | Unknown        : 0
2026-08-09 01:50:01 | INFO | Fixable        : 0
2026-08-09 01:50:01 | INFO | Exploitable    : 0
2026-08-09 01:50:01 | INFO | Compliance     : 50.0%
2026-08-09 01:50:01 | INFO | Duration       : 0.01 sec
2026-08-09 01:50:01 | INFO | ======================================================================
2026-08-09 01:50:01 | INFO | zap Parser Completed
2026-08-09 01:50:01 | INFO | ======================================================================
2026-08-09 01:50:01 | INFO | zap completed successfully.
2026-08-09 01:50:01 | INFO | ======================================================================
2026-08-09 01:50:01 | INFO | All parsers completed successfully.
2026-08-09 01:50:01 | INFO | ======================================================================
2026-08-09 01:50:01 | INFO | === STAGE 4: Aggregating Results ===
2026-08-09 01:50:01 | INFO | Starting master report aggregation with Risk Engine...
2026-08-09 01:50:01 | INFO | Risk Engine Computed: Total Risk Score=194, Level=CRITICAL
2026-08-09 01:50:01 | INFO | Master report saved at: compliance/master_reports/master_report.json
2026-08-09 01:50:01 | INFO | Processing 4-Layer Universal Compliance Engine mappings...
2026-08-09 01:50:01 | INFO | Saved 4-Layer Universal Compliance Matrix with Score: 32.2% to compliance/reports/compliance/compliance_matrix.json
2026-08-09 01:50:01 | INFO | Generated Executive HTML Report at compliance/reports/executive_reports/security_report.html
2026-08-09 01:50:01 | INFO | Generated Executive PDF Report at compliance/reports/executive_reports/security_report.pdf
2026-08-09 01:50:01 | INFO | Evaluating Security Gate policy from policy.yaml...
2026-08-09 01:50:01 | INFO | Database Ingestion Successful (Scan ID: SCAN-20260808202001)
2026-08-09 11:35:04 | INFO | Registered parser: hadolint
2026-08-09 11:35:04 | INFO | Registered parser: trivy
2026-08-09 11:35:04 | INFO | Registered parser: gitleaks
2026-08-09 11:35:04 | INFO | Registered parser: zap
2026-08-09 11:35:04 | INFO | === STAGE 3: Running Parsers ===
2026-08-09 11:35:04 | INFO | ======================================================================
2026-08-09 11:35:04 | INFO | Running all registered parsers...
2026-08-09 11:35:04 | INFO | ======================================================================
2026-08-09 11:35:04 | INFO | Starting gitleaks
2026-08-09 11:35:04 | INFO | [Gitleaks] Preparing parser...
2026-08-09 11:35:04 | INFO | ======================================================================
2026-08-09 11:35:04 | INFO | Starting Gitleaks Parser
2026-08-09 11:35:04 | INFO | ======================================================================
2026-08-09 11:35:04 | INFO | [Gitleaks] Loading report(s)...
2026-08-09 11:35:04 | INFO | Reading report: gitleaks_20260809_014655.json
2026-08-09 11:35:05 | INFO | Successfully loaded gitleaks_20260809_014655.json
2026-08-09 11:35:05 | INFO | [Gitleaks] Processing gitleaks_20260809_014655.json...
2026-08-09 11:35:05 | INFO | [Gitleaks] Validating report...
2026-08-09 11:35:05 | INFO | [Gitleaks] Generating metadata...
2026-08-09 11:35:05 | INFO | Loaded 8 rules for gitleaks.
2026-08-09 11:35:05 | INFO | Parsed 4 Gitleaks findings enriched with CWEs.
2026-08-09 11:35:05 | INFO | [Gitleaks] Calculating statistics...
2026-08-09 11:35:05 | INFO | [Gitleaks] Building normalized report...
2026-08-09 11:35:05 | INFO | [Gitleaks] Saving report...
2026-08-09 11:35:05 | INFO | Writing report: gitleaks_20260809_113505_normalized.json
2026-08-09 11:35:05 | INFO | Report written successfully: gitleaks_20260809_113505_normalized.json
2026-08-09 11:35:05 | INFO | [Gitleaks] Report saved successfully.
2026-08-09 11:35:05 | INFO | [Gitleaks] Calculating statistics...
2026-08-09 11:35:05 | INFO | ======================================================================
2026-08-09 11:35:05 | INFO | Gitleaks Scan Summary
2026-08-09 11:35:05 | INFO | ----------------------------------------------------------------------
2026-08-09 11:35:05 | INFO | Status         : FAIL
2026-08-09 11:35:05 | INFO | Total          : 4
2026-08-09 11:35:05 | INFO | Critical       : 4
2026-08-09 11:35:05 | INFO | High           : 0
2026-08-09 11:35:05 | INFO | Medium         : 0
2026-08-09 11:35:05 | INFO | Low            : 0
2026-08-09 11:35:05 | INFO | Info           : 0
2026-08-09 11:35:05 | INFO | Unknown        : 0
2026-08-09 11:35:05 | INFO | Fixable        : 0
2026-08-09 11:35:05 | INFO | Exploitable    : 0
2026-08-09 11:35:05 | INFO | Compliance     : 0.0%
2026-08-09 11:35:05 | INFO | Duration       : 0.24 sec
2026-08-09 11:35:05 | INFO | ======================================================================
2026-08-09 11:35:05 | INFO | Gitleaks Parser Completed
2026-08-09 11:35:05 | INFO | ======================================================================
2026-08-09 11:35:05 | INFO | [Gitleaks] Parser completed successfully.
2026-08-09 11:35:05 | INFO | gitleaks completed successfully.
2026-08-09 11:35:05 | INFO | Starting hadolint
2026-08-09 11:35:05 | INFO | [Hadolint] Preparing parser...
2026-08-09 11:35:05 | INFO | ======================================================================
2026-08-09 11:35:05 | INFO | Starting Hadolint Parser
2026-08-09 11:35:05 | INFO | ======================================================================
2026-08-09 11:35:05 | INFO | [Hadolint] Loading report(s)...
2026-08-09 11:35:05 | INFO | Reading report: frontend_20260806_001157.json
2026-08-09 11:35:05 | INFO | Successfully loaded frontend_20260806_001157.json
2026-08-09 11:35:05 | INFO | Reading report: backend_20260806_001157.json
2026-08-09 11:35:05 | INFO | Successfully loaded backend_20260806_001157.json
2026-08-09 11:35:05 | INFO | [Hadolint] Processing frontend_20260806_001157.json...
2026-08-09 11:35:05 | INFO | [Hadolint] Validating report...
2026-08-09 11:35:05 | INFO | [Hadolint] Generating metadata...
2026-08-09 11:35:05 | INFO | Loaded 66 rules for hadolint.
2026-08-09 11:35:05 | INFO | Parsed 1 Hadolint findings enriched with CWEs.
2026-08-09 11:35:05 | INFO | [Hadolint] Calculating statistics...
2026-08-09 11:35:05 | INFO | [Hadolint] Building normalized report...
2026-08-09 11:35:05 | INFO | [Hadolint] Saving report...
2026-08-09 11:35:05 | INFO | Writing report: hadolint_frontend_20260809_113505_normalized.json
2026-08-09 11:35:05 | INFO | Report written successfully: hadolint_frontend_20260809_113505_normalized.json
2026-08-09 11:35:05 | INFO | [Hadolint] Report saved successfully.
2026-08-09 11:35:05 | INFO | [Hadolint] Processing backend_20260806_001157.json...
2026-08-09 11:35:05 | INFO | [Hadolint] Validating report...
2026-08-09 11:35:05 | INFO | [Hadolint] Generating metadata...
2026-08-09 11:35:05 | WARNING | Hadolint report is empty.
2026-08-09 11:35:05 | INFO | [Hadolint] Calculating statistics...
2026-08-09 11:35:05 | INFO | [Hadolint] Building normalized report...
2026-08-09 11:35:05 | INFO | [Hadolint] Saving report...
2026-08-09 11:35:05 | INFO | Writing report: hadolint_backend_20260809_113505_normalized.json
2026-08-09 11:35:05 | INFO | Report written successfully: hadolint_backend_20260809_113505_normalized.json
2026-08-09 11:35:05 | INFO | [Hadolint] Report saved successfully.
2026-08-09 11:35:05 | INFO | [Hadolint] Calculating statistics...
2026-08-09 11:35:05 | INFO | ======================================================================
2026-08-09 11:35:05 | INFO | Hadolint Scan Summary
2026-08-09 11:35:05 | INFO | ----------------------------------------------------------------------
2026-08-09 11:35:05 | INFO | Status         : PASS
2026-08-09 11:35:05 | INFO | Total          : 1
2026-08-09 11:35:05 | INFO | Critical       : 0
2026-08-09 11:35:05 | INFO | High           : 0
2026-08-09 11:35:05 | INFO | Medium         : 0
2026-08-09 11:35:05 | INFO | Low            : 0
2026-08-09 11:35:05 | INFO | Info           : 1
2026-08-09 11:35:05 | INFO | Unknown        : 0
2026-08-09 11:35:05 | INFO | Fixable        : 0
2026-08-09 11:35:05 | INFO | Exploitable    : 0
2026-08-09 11:35:05 | INFO | Compliance     : 100.0%
2026-08-09 11:35:05 | INFO | Duration       : 0.03 sec
2026-08-09 11:35:05 | INFO | ======================================================================
2026-08-09 11:35:05 | INFO | Hadolint Parser Completed
2026-08-09 11:35:05 | INFO | ======================================================================
2026-08-09 11:35:05 | INFO | [Hadolint] Parser completed successfully.
2026-08-09 11:35:05 | INFO | hadolint completed successfully.
2026-08-09 11:35:05 | INFO | Starting trivy
2026-08-09 11:35:05 | INFO | [Trivy] Preparing parser...
2026-08-09 11:35:05 | INFO | ======================================================================
2026-08-09 11:35:05 | INFO | Starting Trivy Parser
2026-08-09 11:35:05 | INFO | ======================================================================
2026-08-09 11:35:05 | INFO | [Trivy] Loading report(s)...
2026-08-09 11:35:05 | INFO | Reading report: backend_20260804_020702.json
2026-08-09 11:35:05 | INFO | Successfully loaded backend_20260804_020702.json
2026-08-09 11:35:05 | INFO | Reading report: frontend_20260804_020702.json
2026-08-09 11:35:05 | INFO | Successfully loaded frontend_20260804_020702.json
2026-08-09 11:35:05 | INFO | [Trivy] Processing backend_20260804_020702.json...
2026-08-09 11:35:05 | INFO | [Trivy] Generating metadata...
2026-08-09 11:35:05 | INFO | Loaded 2 rules for trivy.
2026-08-09 11:35:05 | INFO | Parsed 64 Trivy findings.
2026-08-09 11:35:05 | INFO | [Trivy] Calculating statistics...
2026-08-09 11:35:05 | INFO | [Trivy] Building normalized report...
2026-08-09 11:35:05 | INFO | [Trivy] Saving report...
2026-08-09 11:35:05 | INFO | Writing report: trivy_backend_20260809_113505_normalized.json
2026-08-09 11:35:05 | INFO | Report written successfully: trivy_backend_20260809_113505_normalized.json
2026-08-09 11:35:05 | INFO | [Trivy] Report saved successfully.
2026-08-09 11:35:05 | INFO | [Trivy] Processing frontend_20260804_020702.json...
2026-08-09 11:35:05 | INFO | [Trivy] Generating metadata...
2026-08-09 11:35:05 | INFO | Parsed 0 Trivy findings.
2026-08-09 11:35:05 | INFO | [Trivy] Calculating statistics...
2026-08-09 11:35:05 | INFO | [Trivy] Building normalized report...
2026-08-09 11:35:05 | INFO | [Trivy] Saving report...
2026-08-09 11:35:05 | INFO | Writing report: trivy_frontend_20260809_113505_normalized.json
2026-08-09 11:35:05 | INFO | Report written successfully: trivy_frontend_20260809_113505_normalized.json
2026-08-09 11:35:05 | INFO | [Trivy] Report saved successfully.
2026-08-09 11:35:05 | INFO | [Trivy] Calculating statistics...
2026-08-09 11:35:05 | INFO | ======================================================================
2026-08-09 11:35:05 | INFO | Trivy Scan Summary
2026-08-09 11:35:05 | INFO | ----------------------------------------------------------------------
2026-08-09 11:35:05 | INFO | Status         : PASS
2026-08-09 11:35:05 | INFO | Total          : 64
2026-08-09 11:35:05 | INFO | Critical       : 1
2026-08-09 11:35:05 | INFO | High           : 25
2026-08-09 11:35:05 | INFO | Medium         : 16
2026-08-09 11:35:05 | INFO | Low            : 22
2026-08-09 11:35:05 | INFO | Info           : 0
2026-08-09 11:35:05 | INFO | Unknown        : 0
2026-08-09 11:35:05 | INFO | Fixable        : 64
2026-08-09 11:35:05 | INFO | Exploitable    : 25
2026-08-09 11:35:05 | INFO | Compliance     : 34.38%
2026-08-09 11:35:05 | INFO | Duration       : 0.10 sec
2026-08-09 11:35:05 | INFO | ======================================================================
2026-08-09 11:35:05 | INFO | Trivy Parser Completed
2026-08-09 11:35:05 | INFO | ======================================================================
2026-08-09 11:35:05 | INFO | [Trivy] Parser completed successfully.
2026-08-09 11:35:05 | INFO | trivy completed successfully.
2026-08-09 11:35:05 | INFO | Starting zap
2026-08-09 11:35:05 | INFO | ======================================================================
2026-08-09 11:35:05 | INFO | Starting zap Parser
2026-08-09 11:35:05 | INFO | ======================================================================
2026-08-09 11:35:05 | INFO | [zap] Loading report(s)...
2026-08-09 11:35:05 | INFO | Reading report: zap_20260804_023516.json
2026-08-09 11:35:05 | INFO | Successfully loaded zap_20260804_023516.json
2026-08-09 11:35:05 | INFO | [zap] Processing zap_20260804_023516.json...
2026-08-09 11:35:05 | INFO | [zap] Generating metadata...
2026-08-09 11:35:05 | INFO | Parsed 4 OWASP ZAP findings enriched with CWEs.
2026-08-09 11:35:05 | INFO | [zap] Calculating statistics...
2026-08-09 11:35:05 | INFO | [zap] Building normalized report...
2026-08-09 11:35:05 | INFO | [zap] Saving report...
2026-08-09 11:35:05 | INFO | Writing report: zap_20260809_113505_normalized.json
2026-08-09 11:35:05 | INFO | Report written successfully: zap_20260809_113505_normalized.json
2026-08-09 11:35:05 | INFO | [zap] Report saved successfully.
2026-08-09 11:35:05 | INFO | [zap] Calculating statistics...
2026-08-09 11:35:05 | INFO | ======================================================================
2026-08-09 11:35:05 | INFO | zap Scan Summary
2026-08-09 11:35:05 | INFO | ----------------------------------------------------------------------
2026-08-09 11:35:05 | INFO | Status         : WARN
2026-08-09 11:35:05 | INFO | Total          : 4
2026-08-09 11:35:05 | INFO | Critical       : 0
2026-08-09 11:35:05 | INFO | High           : 0
2026-08-09 11:35:05 | INFO | Medium         : 2
2026-08-09 11:35:05 | INFO | Low            : 1
2026-08-09 11:35:05 | INFO | Info           : 1
2026-08-09 11:35:05 | INFO | Unknown        : 0
2026-08-09 11:35:05 | INFO | Fixable        : 0
2026-08-09 11:35:05 | INFO | Exploitable    : 0
2026-08-09 11:35:05 | INFO | Compliance     : 50.0%
2026-08-09 11:35:05 | INFO | Duration       : 0.02 sec
2026-08-09 11:35:05 | INFO | ======================================================================
2026-08-09 11:35:05 | INFO | zap Parser Completed
2026-08-09 11:35:05 | INFO | ======================================================================
2026-08-09 11:35:05 | INFO | zap completed successfully.
2026-08-09 11:35:05 | INFO | ======================================================================
2026-08-09 11:35:05 | INFO | All parsers completed successfully.
2026-08-09 11:35:05 | INFO | ======================================================================
2026-08-09 11:35:05 | INFO | === STAGE 4: Aggregating Results ===
2026-08-09 11:35:05 | INFO | Starting master report aggregation with Risk Engine...
2026-08-09 11:35:05 | INFO | Risk Engine Computed: Total Risk Score=194, Level=CRITICAL
2026-08-09 11:35:05 | INFO | Master report saved at: compliance/master_reports/master_report.json
2026-08-09 11:35:05 | INFO | Loaded CWE compliance database with 969 entries from security/knowledge/cwe_compliance_db.json
2026-08-09 11:35:05 | INFO | Processing 4-Layer Universal Compliance Engine mappings...
2026-08-09 11:35:05 | INFO | Saved 4-Layer Universal Compliance Matrix with Score: 37.2% to compliance/reports/compliance/compliance_matrix.json
2026-08-09 11:35:05 | INFO | Generated Executive HTML Report at compliance/reports/executive_reports/security_report.html
2026-08-09 11:35:05 | INFO | Generated Executive PDF Report at compliance/reports/executive_reports/security_report.pdf
2026-08-09 11:35:05 | INFO | Evaluating Security Gate policy from policy.yaml...
2026-08-09 11:35:05 | INFO | Database Ingestion Successful (Scan ID: SCAN-20260809060505)
2026-08-09 11:36:20 | INFO | Registered parser: hadolint
2026-08-09 11:36:20 | INFO | Registered parser: trivy
2026-08-09 11:36:20 | INFO | Registered parser: gitleaks
2026-08-09 11:36:20 | INFO | Registered parser: zap
2026-08-09 11:36:20 | INFO | === STAGE 3: Running Parsers ===
2026-08-09 11:36:20 | INFO | ======================================================================
2026-08-09 11:36:20 | INFO | Running all registered parsers...
2026-08-09 11:36:20 | INFO | ======================================================================
2026-08-09 11:36:20 | INFO | Starting gitleaks
2026-08-09 11:36:20 | INFO | [Gitleaks] Preparing parser...
2026-08-09 11:36:20 | INFO | ======================================================================
2026-08-09 11:36:20 | INFO | Starting Gitleaks Parser
2026-08-09 11:36:20 | INFO | ======================================================================
2026-08-09 11:36:20 | INFO | [Gitleaks] Loading report(s)...
2026-08-09 11:36:20 | INFO | Reading report: gitleaks_20260809_014655.json
2026-08-09 11:36:20 | INFO | Successfully loaded gitleaks_20260809_014655.json
2026-08-09 11:36:20 | INFO | [Gitleaks] Processing gitleaks_20260809_014655.json...
2026-08-09 11:36:20 | INFO | [Gitleaks] Validating report...
2026-08-09 11:36:20 | INFO | [Gitleaks] Generating metadata...
2026-08-09 11:36:20 | INFO | Loaded 8 rules for gitleaks.
2026-08-09 11:36:20 | INFO | Parsed 4 Gitleaks findings enriched with CWEs.
2026-08-09 11:36:20 | INFO | [Gitleaks] Calculating statistics...
2026-08-09 11:36:20 | INFO | [Gitleaks] Building normalized report...
2026-08-09 11:36:20 | INFO | [Gitleaks] Saving report...
2026-08-09 11:36:20 | INFO | Writing report: gitleaks_20260809_113620_normalized.json
2026-08-09 11:36:20 | INFO | Report written successfully: gitleaks_20260809_113620_normalized.json
2026-08-09 11:36:20 | INFO | [Gitleaks] Report saved successfully.
2026-08-09 11:36:20 | INFO | [Gitleaks] Calculating statistics...
2026-08-09 11:36:20 | INFO | ======================================================================
2026-08-09 11:36:20 | INFO | Gitleaks Scan Summary
2026-08-09 11:36:20 | INFO | ----------------------------------------------------------------------
2026-08-09 11:36:20 | INFO | Status         : FAIL
2026-08-09 11:36:20 | INFO | Total          : 4
2026-08-09 11:36:20 | INFO | Critical       : 4
2026-08-09 11:36:20 | INFO | High           : 0
2026-08-09 11:36:20 | INFO | Medium         : 0
2026-08-09 11:36:20 | INFO | Low            : 0
2026-08-09 11:36:20 | INFO | Info           : 0
2026-08-09 11:36:20 | INFO | Unknown        : 0
2026-08-09 11:36:20 | INFO | Fixable        : 0
2026-08-09 11:36:20 | INFO | Exploitable    : 0
2026-08-09 11:36:20 | INFO | Compliance     : 0.0%
2026-08-09 11:36:20 | INFO | Duration       : 0.28 sec
2026-08-09 11:36:20 | INFO | ======================================================================
2026-08-09 11:36:20 | INFO | Gitleaks Parser Completed
2026-08-09 11:36:20 | INFO | ======================================================================
2026-08-09 11:36:20 | INFO | [Gitleaks] Parser completed successfully.
2026-08-09 11:36:20 | INFO | gitleaks completed successfully.
2026-08-09 11:36:20 | INFO | Starting hadolint
2026-08-09 11:36:20 | INFO | [Hadolint] Preparing parser...
2026-08-09 11:36:20 | INFO | ======================================================================
2026-08-09 11:36:20 | INFO | Starting Hadolint Parser
2026-08-09 11:36:20 | INFO | ======================================================================
2026-08-09 11:36:20 | INFO | [Hadolint] Loading report(s)...
2026-08-09 11:36:20 | INFO | Reading report: frontend_20260806_001157.json
2026-08-09 11:36:20 | INFO | Successfully loaded frontend_20260806_001157.json
2026-08-09 11:36:20 | INFO | Reading report: backend_20260806_001157.json
2026-08-09 11:36:20 | INFO | Successfully loaded backend_20260806_001157.json
2026-08-09 11:36:20 | INFO | [Hadolint] Processing frontend_20260806_001157.json...
2026-08-09 11:36:20 | INFO | [Hadolint] Validating report...
2026-08-09 11:36:20 | INFO | [Hadolint] Generating metadata...
2026-08-09 11:36:20 | INFO | Loaded 66 rules for hadolint.
2026-08-09 11:36:20 | INFO | Parsed 1 Hadolint findings enriched with CWEs.
2026-08-09 11:36:20 | INFO | [Hadolint] Calculating statistics...
2026-08-09 11:36:20 | INFO | [Hadolint] Building normalized report...
2026-08-09 11:36:20 | INFO | [Hadolint] Saving report...
2026-08-09 11:36:20 | INFO | Writing report: hadolint_frontend_20260809_113620_normalized.json
2026-08-09 11:36:20 | INFO | Report written successfully: hadolint_frontend_20260809_113620_normalized.json
2026-08-09 11:36:20 | INFO | [Hadolint] Report saved successfully.
2026-08-09 11:36:20 | INFO | [Hadolint] Processing backend_20260806_001157.json...
2026-08-09 11:36:20 | INFO | [Hadolint] Validating report...
2026-08-09 11:36:20 | INFO | [Hadolint] Generating metadata...
2026-08-09 11:36:20 | WARNING | Hadolint report is empty.
2026-08-09 11:36:20 | INFO | [Hadolint] Calculating statistics...
2026-08-09 11:36:20 | INFO | [Hadolint] Building normalized report...
2026-08-09 11:36:20 | INFO | [Hadolint] Saving report...
2026-08-09 11:36:20 | INFO | Writing report: hadolint_backend_20260809_113620_normalized.json
2026-08-09 11:36:20 | INFO | Report written successfully: hadolint_backend_20260809_113620_normalized.json
2026-08-09 11:36:20 | INFO | [Hadolint] Report saved successfully.
2026-08-09 11:36:20 | INFO | [Hadolint] Calculating statistics...
2026-08-09 11:36:20 | INFO | ======================================================================
2026-08-09 11:36:20 | INFO | Hadolint Scan Summary
2026-08-09 11:36:20 | INFO | ----------------------------------------------------------------------
2026-08-09 11:36:20 | INFO | Status         : PASS
2026-08-09 11:36:20 | INFO | Total          : 1
2026-08-09 11:36:20 | INFO | Critical       : 0
2026-08-09 11:36:20 | INFO | High           : 0
2026-08-09 11:36:20 | INFO | Medium         : 0
2026-08-09 11:36:20 | INFO | Low            : 0
2026-08-09 11:36:20 | INFO | Info           : 1
2026-08-09 11:36:20 | INFO | Unknown        : 0
2026-08-09 11:36:20 | INFO | Fixable        : 0
2026-08-09 11:36:20 | INFO | Exploitable    : 0
2026-08-09 11:36:20 | INFO | Compliance     : 100.0%
2026-08-09 11:36:20 | INFO | Duration       : 0.03 sec
2026-08-09 11:36:20 | INFO | ======================================================================
2026-08-09 11:36:20 | INFO | Hadolint Parser Completed
2026-08-09 11:36:20 | INFO | ======================================================================
2026-08-09 11:36:20 | INFO | [Hadolint] Parser completed successfully.
2026-08-09 11:36:20 | INFO | hadolint completed successfully.
2026-08-09 11:36:20 | INFO | Starting trivy
2026-08-09 11:36:20 | INFO | [Trivy] Preparing parser...
2026-08-09 11:36:20 | INFO | ======================================================================
2026-08-09 11:36:20 | INFO | Starting Trivy Parser
2026-08-09 11:36:20 | INFO | ======================================================================
2026-08-09 11:36:20 | INFO | [Trivy] Loading report(s)...
2026-08-09 11:36:20 | INFO | Reading report: backend_20260804_020702.json
2026-08-09 11:36:20 | INFO | Successfully loaded backend_20260804_020702.json
2026-08-09 11:36:20 | INFO | Reading report: frontend_20260804_020702.json
2026-08-09 11:36:20 | INFO | Successfully loaded frontend_20260804_020702.json
2026-08-09 11:36:20 | INFO | [Trivy] Processing backend_20260804_020702.json...
2026-08-09 11:36:20 | INFO | [Trivy] Generating metadata...
2026-08-09 11:36:20 | INFO | Loaded 2 rules for trivy.
2026-08-09 11:36:20 | INFO | Parsed 64 Trivy findings.
2026-08-09 11:36:20 | INFO | [Trivy] Calculating statistics...
2026-08-09 11:36:20 | INFO | [Trivy] Building normalized report...
2026-08-09 11:36:20 | INFO | [Trivy] Saving report...
2026-08-09 11:36:20 | INFO | Writing report: trivy_backend_20260809_113620_normalized.json
2026-08-09 11:36:20 | INFO | Report written successfully: trivy_backend_20260809_113620_normalized.json
2026-08-09 11:36:20 | INFO | [Trivy] Report saved successfully.
2026-08-09 11:36:20 | INFO | [Trivy] Processing frontend_20260804_020702.json...
2026-08-09 11:36:20 | INFO | [Trivy] Generating metadata...
2026-08-09 11:36:20 | INFO | Parsed 0 Trivy findings.
2026-08-09 11:36:20 | INFO | [Trivy] Calculating statistics...
2026-08-09 11:36:20 | INFO | [Trivy] Building normalized report...
2026-08-09 11:36:20 | INFO | [Trivy] Saving report...
2026-08-09 11:36:20 | INFO | Writing report: trivy_frontend_20260809_113620_normalized.json
2026-08-09 11:36:20 | INFO | Report written successfully: trivy_frontend_20260809_113620_normalized.json
2026-08-09 11:36:20 | INFO | [Trivy] Report saved successfully.
2026-08-09 11:36:20 | INFO | [Trivy] Calculating statistics...
2026-08-09 11:36:20 | INFO | ======================================================================
2026-08-09 11:36:20 | INFO | Trivy Scan Summary
2026-08-09 11:36:20 | INFO | ----------------------------------------------------------------------
2026-08-09 11:36:20 | INFO | Status         : PASS
2026-08-09 11:36:20 | INFO | Total          : 64
2026-08-09 11:36:20 | INFO | Critical       : 1
2026-08-09 11:36:20 | INFO | High           : 25
2026-08-09 11:36:20 | INFO | Medium         : 16
2026-08-09 11:36:20 | INFO | Low            : 22
2026-08-09 11:36:20 | INFO | Info           : 0
2026-08-09 11:36:20 | INFO | Unknown        : 0
2026-08-09 11:36:20 | INFO | Fixable        : 64
2026-08-09 11:36:20 | INFO | Exploitable    : 25
2026-08-09 11:36:20 | INFO | Compliance     : 34.38%
2026-08-09 11:36:20 | INFO | Duration       : 0.08 sec
2026-08-09 11:36:20 | INFO | ======================================================================
2026-08-09 11:36:20 | INFO | Trivy Parser Completed
2026-08-09 11:36:20 | INFO | ======================================================================
2026-08-09 11:36:20 | INFO | [Trivy] Parser completed successfully.
2026-08-09 11:36:20 | INFO | trivy completed successfully.
2026-08-09 11:36:20 | INFO | Starting zap
2026-08-09 11:36:20 | INFO | ======================================================================
2026-08-09 11:36:20 | INFO | Starting zap Parser
2026-08-09 11:36:20 | INFO | ======================================================================
2026-08-09 11:36:20 | INFO | [zap] Loading report(s)...
2026-08-09 11:36:20 | INFO | Reading report: zap_20260804_023516.json
2026-08-09 11:36:20 | INFO | Successfully loaded zap_20260804_023516.json
2026-08-09 11:36:20 | INFO | [zap] Processing zap_20260804_023516.json...
2026-08-09 11:36:20 | INFO | [zap] Generating metadata...
2026-08-09 11:36:20 | INFO | Parsed 4 OWASP ZAP findings enriched with CWEs.
2026-08-09 11:36:20 | INFO | [zap] Calculating statistics...
2026-08-09 11:36:20 | INFO | [zap] Building normalized report...
2026-08-09 11:36:20 | INFO | [zap] Saving report...
2026-08-09 11:36:20 | INFO | Writing report: zap_20260809_113620_normalized.json
2026-08-09 11:36:20 | INFO | Report written successfully: zap_20260809_113620_normalized.json
2026-08-09 11:36:20 | INFO | [zap] Report saved successfully.
2026-08-09 11:36:20 | INFO | [zap] Calculating statistics...
2026-08-09 11:36:20 | INFO | ======================================================================
2026-08-09 11:36:20 | INFO | zap Scan Summary
2026-08-09 11:36:20 | INFO | ----------------------------------------------------------------------
2026-08-09 11:36:20 | INFO | Status         : WARN
2026-08-09 11:36:20 | INFO | Total          : 4
2026-08-09 11:36:20 | INFO | Critical       : 0
2026-08-09 11:36:20 | INFO | High           : 0
2026-08-09 11:36:20 | INFO | Medium         : 2
2026-08-09 11:36:20 | INFO | Low            : 1
2026-08-09 11:36:20 | INFO | Info           : 1
2026-08-09 11:36:20 | INFO | Unknown        : 0
2026-08-09 11:36:20 | INFO | Fixable        : 0
2026-08-09 11:36:20 | INFO | Exploitable    : 0
2026-08-09 11:36:20 | INFO | Compliance     : 50.0%
2026-08-09 11:36:20 | INFO | Duration       : 0.01 sec
2026-08-09 11:36:20 | INFO | ======================================================================
2026-08-09 11:36:20 | INFO | zap Parser Completed
2026-08-09 11:36:20 | INFO | ======================================================================
2026-08-09 11:36:20 | INFO | zap completed successfully.
2026-08-09 11:36:20 | INFO | ======================================================================
2026-08-09 11:36:20 | INFO | All parsers completed successfully.
2026-08-09 11:36:20 | INFO | ======================================================================
2026-08-09 11:36:20 | INFO | === STAGE 4: Aggregating Results ===
2026-08-09 11:36:20 | INFO | Starting master report aggregation with Risk Engine...
2026-08-09 11:36:20 | INFO | Risk Engine Computed: Total Risk Score=194, Level=CRITICAL
2026-08-09 11:36:20 | INFO | Master report saved at: compliance/master_reports/master_report.json
2026-08-09 11:36:20 | INFO | Loaded CWE compliance database with 969 entries from security/knowledge/cwe_compliance_db.json
2026-08-09 11:36:20 | INFO | Processing 4-Layer Universal Compliance Engine v2 mappings...
2026-08-09 11:36:20 | INFO | Saved 4-Layer Universal Compliance Matrix v2 with Score: 34.4% to compliance/reports/compliance/compliance_matrix.json
2026-08-09 11:36:20 | INFO | Generated Executive HTML Report at compliance/reports/executive_reports/security_report.html
2026-08-09 11:36:21 | INFO | Generated Executive PDF Report at compliance/reports/executive_reports/security_report.pdf
2026-08-09 11:36:21 | INFO | Evaluating Security Gate policy from policy.yaml...
2026-08-09 11:36:21 | INFO | Database Ingestion Successful (Scan ID: SCAN-20260809060621)
2026-08-09 11:36:47 | INFO | Registered parser: hadolint
2026-08-09 11:36:47 | INFO | Registered parser: trivy
2026-08-09 11:36:47 | INFO | Registered parser: gitleaks
2026-08-09 11:36:47 | INFO | Registered parser: zap
2026-08-09 11:36:47 | INFO | === STAGE 3: Running Parsers ===
2026-08-09 11:36:47 | INFO | ======================================================================
2026-08-09 11:36:47 | INFO | Running all registered parsers...
2026-08-09 11:36:47 | INFO | ======================================================================
2026-08-09 11:36:47 | INFO | Starting gitleaks
2026-08-09 11:36:47 | INFO | [Gitleaks] Preparing parser...
2026-08-09 11:36:47 | INFO | ======================================================================
2026-08-09 11:36:47 | INFO | Starting Gitleaks Parser
2026-08-09 11:36:47 | INFO | ======================================================================
2026-08-09 11:36:47 | INFO | [Gitleaks] Loading report(s)...
2026-08-09 11:36:47 | INFO | Reading report: gitleaks_20260809_014655.json
2026-08-09 11:36:47 | INFO | Successfully loaded gitleaks_20260809_014655.json
2026-08-09 11:36:47 | INFO | [Gitleaks] Processing gitleaks_20260809_014655.json...
2026-08-09 11:36:47 | INFO | [Gitleaks] Validating report...
2026-08-09 11:36:47 | INFO | [Gitleaks] Generating metadata...
2026-08-09 11:36:47 | INFO | Loaded 8 rules for gitleaks.
2026-08-09 11:36:47 | INFO | Parsed 4 Gitleaks findings enriched with CWEs.
2026-08-09 11:36:47 | INFO | [Gitleaks] Calculating statistics...
2026-08-09 11:36:47 | INFO | [Gitleaks] Building normalized report...
2026-08-09 11:36:47 | INFO | [Gitleaks] Saving report...
2026-08-09 11:36:47 | INFO | Writing report: gitleaks_20260809_113647_normalized.json
2026-08-09 11:36:47 | INFO | Report written successfully: gitleaks_20260809_113647_normalized.json
2026-08-09 11:36:47 | INFO | [Gitleaks] Report saved successfully.
2026-08-09 11:36:47 | INFO | [Gitleaks] Calculating statistics...
2026-08-09 11:36:47 | INFO | ======================================================================
2026-08-09 11:36:47 | INFO | Gitleaks Scan Summary
2026-08-09 11:36:47 | INFO | ----------------------------------------------------------------------
2026-08-09 11:36:47 | INFO | Status         : FAIL
2026-08-09 11:36:47 | INFO | Total          : 4
2026-08-09 11:36:47 | INFO | Critical       : 4
2026-08-09 11:36:47 | INFO | High           : 0
2026-08-09 11:36:47 | INFO | Medium         : 0
2026-08-09 11:36:47 | INFO | Low            : 0
2026-08-09 11:36:47 | INFO | Info           : 0
2026-08-09 11:36:47 | INFO | Unknown        : 0
2026-08-09 11:36:47 | INFO | Fixable        : 0
2026-08-09 11:36:47 | INFO | Exploitable    : 0
2026-08-09 11:36:47 | INFO | Compliance     : 0.0%
2026-08-09 11:36:47 | INFO | Duration       : 0.18 sec
2026-08-09 11:36:47 | INFO | ======================================================================
2026-08-09 11:36:47 | INFO | Gitleaks Parser Completed
2026-08-09 11:36:47 | INFO | ======================================================================
2026-08-09 11:36:47 | INFO | [Gitleaks] Parser completed successfully.
2026-08-09 11:36:47 | INFO | gitleaks completed successfully.
2026-08-09 11:36:47 | INFO | Starting hadolint
2026-08-09 11:36:47 | INFO | [Hadolint] Preparing parser...
2026-08-09 11:36:47 | INFO | ======================================================================
2026-08-09 11:36:47 | INFO | Starting Hadolint Parser
2026-08-09 11:36:47 | INFO | ======================================================================
2026-08-09 11:36:47 | INFO | [Hadolint] Loading report(s)...
2026-08-09 11:36:47 | INFO | Reading report: frontend_20260806_001157.json
2026-08-09 11:36:47 | INFO | Successfully loaded frontend_20260806_001157.json
2026-08-09 11:36:47 | INFO | Reading report: backend_20260806_001157.json
2026-08-09 11:36:47 | INFO | Successfully loaded backend_20260806_001157.json
2026-08-09 11:36:47 | INFO | [Hadolint] Processing frontend_20260806_001157.json...
2026-08-09 11:36:47 | INFO | [Hadolint] Validating report...
2026-08-09 11:36:47 | INFO | [Hadolint] Generating metadata...
2026-08-09 11:36:47 | INFO | Loaded 66 rules for hadolint.
2026-08-09 11:36:47 | INFO | Parsed 1 Hadolint findings enriched with CWEs.
2026-08-09 11:36:47 | INFO | [Hadolint] Calculating statistics...
2026-08-09 11:36:47 | INFO | [Hadolint] Building normalized report...
2026-08-09 11:36:47 | INFO | [Hadolint] Saving report...
2026-08-09 11:36:47 | INFO | Writing report: hadolint_frontend_20260809_113647_normalized.json
2026-08-09 11:36:47 | INFO | Report written successfully: hadolint_frontend_20260809_113647_normalized.json
2026-08-09 11:36:47 | INFO | [Hadolint] Report saved successfully.
2026-08-09 11:36:47 | INFO | [Hadolint] Processing backend_20260806_001157.json...
2026-08-09 11:36:47 | INFO | [Hadolint] Validating report...
2026-08-09 11:36:47 | INFO | [Hadolint] Generating metadata...
2026-08-09 11:36:47 | WARNING | Hadolint report is empty.
2026-08-09 11:36:47 | INFO | [Hadolint] Calculating statistics...
2026-08-09 11:36:47 | INFO | [Hadolint] Building normalized report...
2026-08-09 11:36:47 | INFO | [Hadolint] Saving report...
2026-08-09 11:36:47 | INFO | Writing report: hadolint_backend_20260809_113647_normalized.json
2026-08-09 11:36:47 | INFO | Report written successfully: hadolint_backend_20260809_113647_normalized.json
2026-08-09 11:36:47 | INFO | [Hadolint] Report saved successfully.
2026-08-09 11:36:47 | INFO | [Hadolint] Calculating statistics...
2026-08-09 11:36:47 | INFO | ======================================================================
2026-08-09 11:36:47 | INFO | Hadolint Scan Summary
2026-08-09 11:36:47 | INFO | ----------------------------------------------------------------------
2026-08-09 11:36:47 | INFO | Status         : PASS
2026-08-09 11:36:47 | INFO | Total          : 1
2026-08-09 11:36:47 | INFO | Critical       : 0
2026-08-09 11:36:47 | INFO | High           : 0
2026-08-09 11:36:47 | INFO | Medium         : 0
2026-08-09 11:36:47 | INFO | Low            : 0
2026-08-09 11:36:47 | INFO | Info           : 1
2026-08-09 11:36:47 | INFO | Unknown        : 0
2026-08-09 11:36:47 | INFO | Fixable        : 0
2026-08-09 11:36:47 | INFO | Exploitable    : 0
2026-08-09 11:36:47 | INFO | Compliance     : 100.0%
2026-08-09 11:36:47 | INFO | Duration       : 0.03 sec
2026-08-09 11:36:47 | INFO | ======================================================================
2026-08-09 11:36:47 | INFO | Hadolint Parser Completed
2026-08-09 11:36:47 | INFO | ======================================================================
2026-08-09 11:36:47 | INFO | [Hadolint] Parser completed successfully.
2026-08-09 11:36:47 | INFO | hadolint completed successfully.
2026-08-09 11:36:47 | INFO | Starting trivy
2026-08-09 11:36:47 | INFO | [Trivy] Preparing parser...
2026-08-09 11:36:47 | INFO | ======================================================================
2026-08-09 11:36:47 | INFO | Starting Trivy Parser
2026-08-09 11:36:47 | INFO | ======================================================================
2026-08-09 11:36:47 | INFO | [Trivy] Loading report(s)...
2026-08-09 11:36:47 | INFO | Reading report: backend_20260804_020702.json
2026-08-09 11:36:47 | INFO | Successfully loaded backend_20260804_020702.json
2026-08-09 11:36:47 | INFO | Reading report: frontend_20260804_020702.json
2026-08-09 11:36:47 | INFO | Successfully loaded frontend_20260804_020702.json
2026-08-09 11:36:47 | INFO | [Trivy] Processing backend_20260804_020702.json...
2026-08-09 11:36:47 | INFO | [Trivy] Generating metadata...
2026-08-09 11:36:47 | INFO | Loaded 2 rules for trivy.
2026-08-09 11:36:47 | INFO | Parsed 64 Trivy findings.
2026-08-09 11:36:47 | INFO | [Trivy] Calculating statistics...
2026-08-09 11:36:47 | INFO | [Trivy] Building normalized report...
2026-08-09 11:36:47 | INFO | [Trivy] Saving report...
2026-08-09 11:36:47 | INFO | Writing report: trivy_backend_20260809_113647_normalized.json
2026-08-09 11:36:47 | INFO | Report written successfully: trivy_backend_20260809_113647_normalized.json
2026-08-09 11:36:47 | INFO | [Trivy] Report saved successfully.
2026-08-09 11:36:47 | INFO | [Trivy] Processing frontend_20260804_020702.json...
2026-08-09 11:36:47 | INFO | [Trivy] Generating metadata...
2026-08-09 11:36:47 | INFO | Parsed 0 Trivy findings.
2026-08-09 11:36:47 | INFO | [Trivy] Calculating statistics...
2026-08-09 11:36:47 | INFO | [Trivy] Building normalized report...
2026-08-09 11:36:47 | INFO | [Trivy] Saving report...
2026-08-09 11:36:47 | INFO | Writing report: trivy_frontend_20260809_113647_normalized.json
2026-08-09 11:36:47 | INFO | Report written successfully: trivy_frontend_20260809_113647_normalized.json
2026-08-09 11:36:47 | INFO | [Trivy] Report saved successfully.
2026-08-09 11:36:47 | INFO | [Trivy] Calculating statistics...
2026-08-09 11:36:47 | INFO | ======================================================================
2026-08-09 11:36:47 | INFO | Trivy Scan Summary
2026-08-09 11:36:47 | INFO | ----------------------------------------------------------------------
2026-08-09 11:36:47 | INFO | Status         : PASS
2026-08-09 11:36:47 | INFO | Total          : 64
2026-08-09 11:36:47 | INFO | Critical       : 1
2026-08-09 11:36:47 | INFO | High           : 25
2026-08-09 11:36:47 | INFO | Medium         : 16
2026-08-09 11:36:47 | INFO | Low            : 22
2026-08-09 11:36:47 | INFO | Info           : 0
2026-08-09 11:36:47 | INFO | Unknown        : 0
2026-08-09 11:36:47 | INFO | Fixable        : 64
2026-08-09 11:36:47 | INFO | Exploitable    : 25
2026-08-09 11:36:47 | INFO | Compliance     : 34.38%
2026-08-09 11:36:47 | INFO | Duration       : 0.05 sec
2026-08-09 11:36:47 | INFO | ======================================================================
2026-08-09 11:36:47 | INFO | Trivy Parser Completed
2026-08-09 11:36:47 | INFO | ======================================================================
2026-08-09 11:36:47 | INFO | [Trivy] Parser completed successfully.
2026-08-09 11:36:47 | INFO | trivy completed successfully.
2026-08-09 11:36:47 | INFO | Starting zap
2026-08-09 11:36:47 | INFO | ======================================================================
2026-08-09 11:36:47 | INFO | Starting zap Parser
2026-08-09 11:36:47 | INFO | ======================================================================
2026-08-09 11:36:47 | INFO | [zap] Loading report(s)...
2026-08-09 11:36:47 | INFO | Reading report: zap_20260804_023516.json
2026-08-09 11:36:47 | INFO | Successfully loaded zap_20260804_023516.json
2026-08-09 11:36:47 | INFO | [zap] Processing zap_20260804_023516.json...
2026-08-09 11:36:47 | INFO | [zap] Generating metadata...
2026-08-09 11:36:47 | INFO | Parsed 4 OWASP ZAP findings enriched with CWEs.
2026-08-09 11:36:47 | INFO | [zap] Calculating statistics...
2026-08-09 11:36:47 | INFO | [zap] Building normalized report...
2026-08-09 11:36:47 | INFO | [zap] Saving report...
2026-08-09 11:36:47 | INFO | Writing report: zap_20260809_113647_normalized.json
2026-08-09 11:36:47 | INFO | Report written successfully: zap_20260809_113647_normalized.json
2026-08-09 11:36:47 | INFO | [zap] Report saved successfully.
2026-08-09 11:36:47 | INFO | [zap] Calculating statistics...
2026-08-09 11:36:47 | INFO | ======================================================================
2026-08-09 11:36:47 | INFO | zap Scan Summary
2026-08-09 11:36:47 | INFO | ----------------------------------------------------------------------
2026-08-09 11:36:47 | INFO | Status         : WARN
2026-08-09 11:36:47 | INFO | Total          : 4
2026-08-09 11:36:47 | INFO | Critical       : 0
2026-08-09 11:36:47 | INFO | High           : 0
2026-08-09 11:36:47 | INFO | Medium         : 2
2026-08-09 11:36:47 | INFO | Low            : 1
2026-08-09 11:36:47 | INFO | Info           : 1
2026-08-09 11:36:47 | INFO | Unknown        : 0
2026-08-09 11:36:47 | INFO | Fixable        : 0
2026-08-09 11:36:47 | INFO | Exploitable    : 0
2026-08-09 11:36:47 | INFO | Compliance     : 50.0%
2026-08-09 11:36:47 | INFO | Duration       : 0.02 sec
2026-08-09 11:36:47 | INFO | ======================================================================
2026-08-09 11:36:47 | INFO | zap Parser Completed
2026-08-09 11:36:47 | INFO | ======================================================================
2026-08-09 11:36:47 | INFO | zap completed successfully.
2026-08-09 11:36:47 | INFO | ======================================================================
2026-08-09 11:36:47 | INFO | All parsers completed successfully.
2026-08-09 11:36:47 | INFO | ======================================================================
2026-08-09 11:36:47 | INFO | === STAGE 4: Aggregating Results ===
2026-08-09 11:36:47 | INFO | Starting master report aggregation with Risk Engine...
2026-08-09 11:36:47 | INFO | Risk Engine Computed: Total Risk Score=194, Level=CRITICAL
2026-08-09 11:36:47 | INFO | Master report saved at: compliance/master_reports/master_report.json
2026-08-09 11:36:47 | INFO | Loaded CWE compliance database with 969 entries from security/knowledge/cwe_compliance_db.json
2026-08-09 11:36:47 | INFO | Processing 4-Layer Universal Compliance Engine v2 mappings...
2026-08-09 11:36:47 | INFO | Saved 4-Layer Universal Compliance Matrix v2 with Score: 37.8% to compliance/reports/compliance/compliance_matrix.json
2026-08-09 11:36:47 | INFO | Generated Executive HTML Report at compliance/reports/executive_reports/security_report.html
2026-08-09 11:36:47 | INFO | Generated Executive PDF Report at compliance/reports/executive_reports/security_report.pdf
2026-08-09 11:36:47 | INFO | Evaluating Security Gate policy from policy.yaml...
2026-08-09 11:36:47 | INFO | Database Ingestion Successful (Scan ID: SCAN-20260809060647)
2026-08-09 11:39:57 | INFO | Registered parser: hadolint
2026-08-09 11:39:57 | INFO | Registered parser: trivy
2026-08-09 11:39:57 | INFO | Registered parser: gitleaks
2026-08-09 11:39:57 | INFO | Registered parser: zap
2026-08-09 11:39:57 | INFO | === STAGE 3: Running Parsers ===
2026-08-09 11:39:57 | INFO | ======================================================================
2026-08-09 11:39:57 | INFO | Running all registered parsers...
2026-08-09 11:39:57 | INFO | ======================================================================
2026-08-09 11:39:57 | INFO | Starting gitleaks
2026-08-09 11:39:57 | INFO | [Gitleaks] Preparing parser...
2026-08-09 11:39:57 | INFO | ======================================================================
2026-08-09 11:39:57 | INFO | Starting Gitleaks Parser
2026-08-09 11:39:57 | INFO | ======================================================================
2026-08-09 11:39:57 | INFO | [Gitleaks] Loading report(s)...
2026-08-09 11:39:57 | INFO | Reading report: gitleaks_20260809_014655.json
2026-08-09 11:39:57 | INFO | Successfully loaded gitleaks_20260809_014655.json
2026-08-09 11:39:57 | INFO | [Gitleaks] Processing gitleaks_20260809_014655.json...
2026-08-09 11:39:57 | INFO | [Gitleaks] Validating report...
2026-08-09 11:39:57 | INFO | [Gitleaks] Generating metadata...
2026-08-09 11:39:57 | INFO | Loaded 8 rules for gitleaks.
2026-08-09 11:39:57 | INFO | Parsed 4 Gitleaks findings enriched with CWEs.
2026-08-09 11:39:57 | INFO | [Gitleaks] Calculating statistics...
2026-08-09 11:39:57 | INFO | [Gitleaks] Building normalized report...
2026-08-09 11:39:57 | INFO | [Gitleaks] Saving report...
2026-08-09 11:39:57 | INFO | Writing report: gitleaks_20260809_113957_normalized.json
2026-08-09 11:39:57 | INFO | Report written successfully: gitleaks_20260809_113957_normalized.json
2026-08-09 11:39:57 | INFO | [Gitleaks] Report saved successfully.
2026-08-09 11:39:57 | INFO | [Gitleaks] Calculating statistics...
2026-08-09 11:39:57 | INFO | ======================================================================
2026-08-09 11:39:57 | INFO | Gitleaks Scan Summary
2026-08-09 11:39:57 | INFO | ----------------------------------------------------------------------
2026-08-09 11:39:57 | INFO | Status         : FAIL
2026-08-09 11:39:57 | INFO | Total          : 4
2026-08-09 11:39:57 | INFO | Critical       : 4
2026-08-09 11:39:57 | INFO | High           : 0
2026-08-09 11:39:57 | INFO | Medium         : 0
2026-08-09 11:39:57 | INFO | Low            : 0
2026-08-09 11:39:57 | INFO | Info           : 0
2026-08-09 11:39:57 | INFO | Unknown        : 0
2026-08-09 11:39:57 | INFO | Fixable        : 0
2026-08-09 11:39:57 | INFO | Exploitable    : 0
2026-08-09 11:39:57 | INFO | Compliance     : 0.0%
2026-08-09 11:39:57 | INFO | Duration       : 0.19 sec
2026-08-09 11:39:57 | INFO | ======================================================================
2026-08-09 11:39:57 | INFO | Gitleaks Parser Completed
2026-08-09 11:39:57 | INFO | ======================================================================
2026-08-09 11:39:57 | INFO | [Gitleaks] Parser completed successfully.
2026-08-09 11:39:57 | INFO | gitleaks completed successfully.
2026-08-09 11:39:57 | INFO | Starting hadolint
2026-08-09 11:39:57 | INFO | [Hadolint] Preparing parser...
2026-08-09 11:39:57 | INFO | ======================================================================
2026-08-09 11:39:57 | INFO | Starting Hadolint Parser
2026-08-09 11:39:57 | INFO | ======================================================================
2026-08-09 11:39:57 | INFO | [Hadolint] Loading report(s)...
2026-08-09 11:39:57 | INFO | Reading report: frontend_20260806_001157.json
2026-08-09 11:39:57 | INFO | Successfully loaded frontend_20260806_001157.json
2026-08-09 11:39:57 | INFO | Reading report: backend_20260806_001157.json
2026-08-09 11:39:57 | INFO | Successfully loaded backend_20260806_001157.json
2026-08-09 11:39:57 | INFO | [Hadolint] Processing frontend_20260806_001157.json...
2026-08-09 11:39:57 | INFO | [Hadolint] Validating report...
2026-08-09 11:39:57 | INFO | [Hadolint] Generating metadata...
2026-08-09 11:39:57 | INFO | Loaded 66 rules for hadolint.
2026-08-09 11:39:57 | INFO | Parsed 1 Hadolint findings enriched with CWEs.
2026-08-09 11:39:57 | INFO | [Hadolint] Calculating statistics...
2026-08-09 11:39:57 | INFO | [Hadolint] Building normalized report...
2026-08-09 11:39:57 | INFO | [Hadolint] Saving report...
2026-08-09 11:39:57 | INFO | Writing report: hadolint_frontend_20260809_113957_normalized.json
2026-08-09 11:39:57 | INFO | Report written successfully: hadolint_frontend_20260809_113957_normalized.json
2026-08-09 11:39:57 | INFO | [Hadolint] Report saved successfully.
2026-08-09 11:39:57 | INFO | [Hadolint] Processing backend_20260806_001157.json...
2026-08-09 11:39:57 | INFO | [Hadolint] Validating report...
2026-08-09 11:39:57 | INFO | [Hadolint] Generating metadata...
2026-08-09 11:39:57 | WARNING | Hadolint report is empty.
2026-08-09 11:39:57 | INFO | [Hadolint] Calculating statistics...
2026-08-09 11:39:57 | INFO | [Hadolint] Building normalized report...
2026-08-09 11:39:57 | INFO | [Hadolint] Saving report...
2026-08-09 11:39:57 | INFO | Writing report: hadolint_backend_20260809_113957_normalized.json
2026-08-09 11:39:57 | INFO | Report written successfully: hadolint_backend_20260809_113957_normalized.json
2026-08-09 11:39:57 | INFO | [Hadolint] Report saved successfully.
2026-08-09 11:39:57 | INFO | [Hadolint] Calculating statistics...
2026-08-09 11:39:57 | INFO | ======================================================================
2026-08-09 11:39:57 | INFO | Hadolint Scan Summary
2026-08-09 11:39:57 | INFO | ----------------------------------------------------------------------
2026-08-09 11:39:57 | INFO | Status         : PASS
2026-08-09 11:39:57 | INFO | Total          : 1
2026-08-09 11:39:57 | INFO | Critical       : 0
2026-08-09 11:39:57 | INFO | High           : 0
2026-08-09 11:39:57 | INFO | Medium         : 0
2026-08-09 11:39:57 | INFO | Low            : 0
2026-08-09 11:39:57 | INFO | Info           : 1
2026-08-09 11:39:57 | INFO | Unknown        : 0
2026-08-09 11:39:57 | INFO | Fixable        : 0
2026-08-09 11:39:57 | INFO | Exploitable    : 0
2026-08-09 11:39:57 | INFO | Compliance     : 100.0%
2026-08-09 11:39:57 | INFO | Duration       : 0.03 sec
2026-08-09 11:39:57 | INFO | ======================================================================
2026-08-09 11:39:57 | INFO | Hadolint Parser Completed
2026-08-09 11:39:57 | INFO | ======================================================================
2026-08-09 11:39:57 | INFO | [Hadolint] Parser completed successfully.
2026-08-09 11:39:57 | INFO | hadolint completed successfully.
2026-08-09 11:39:57 | INFO | Starting trivy
2026-08-09 11:39:57 | INFO | [Trivy] Preparing parser...
2026-08-09 11:39:57 | INFO | ======================================================================
2026-08-09 11:39:57 | INFO | Starting Trivy Parser
2026-08-09 11:39:57 | INFO | ======================================================================
2026-08-09 11:39:57 | INFO | [Trivy] Loading report(s)...
2026-08-09 11:39:57 | INFO | Reading report: backend_20260804_020702.json
2026-08-09 11:39:57 | INFO | Successfully loaded backend_20260804_020702.json
2026-08-09 11:39:57 | INFO | Reading report: frontend_20260804_020702.json
2026-08-09 11:39:57 | INFO | Successfully loaded frontend_20260804_020702.json
2026-08-09 11:39:57 | INFO | [Trivy] Processing backend_20260804_020702.json...
2026-08-09 11:39:57 | INFO | [Trivy] Generating metadata...
2026-08-09 11:39:57 | INFO | Loaded 2 rules for trivy.
2026-08-09 11:39:57 | INFO | Parsed 64 Trivy findings.
2026-08-09 11:39:57 | INFO | [Trivy] Calculating statistics...
2026-08-09 11:39:57 | INFO | [Trivy] Building normalized report...
2026-08-09 11:39:57 | INFO | [Trivy] Saving report...
2026-08-09 11:39:57 | INFO | Writing report: trivy_backend_20260809_113957_normalized.json
2026-08-09 11:39:57 | INFO | Report written successfully: trivy_backend_20260809_113957_normalized.json
2026-08-09 11:39:57 | INFO | [Trivy] Report saved successfully.
2026-08-09 11:39:57 | INFO | [Trivy] Processing frontend_20260804_020702.json...
2026-08-09 11:39:57 | INFO | [Trivy] Generating metadata...
2026-08-09 11:39:57 | INFO | Parsed 0 Trivy findings.
2026-08-09 11:39:57 | INFO | [Trivy] Calculating statistics...
2026-08-09 11:39:57 | INFO | [Trivy] Building normalized report...
2026-08-09 11:39:57 | INFO | [Trivy] Saving report...
2026-08-09 11:39:57 | INFO | Writing report: trivy_frontend_20260809_113957_normalized.json
2026-08-09 11:39:57 | INFO | Report written successfully: trivy_frontend_20260809_113957_normalized.json
2026-08-09 11:39:57 | INFO | [Trivy] Report saved successfully.
2026-08-09 11:39:57 | INFO | [Trivy] Calculating statistics...
2026-08-09 11:39:57 | INFO | ======================================================================
2026-08-09 11:39:57 | INFO | Trivy Scan Summary
2026-08-09 11:39:57 | INFO | ----------------------------------------------------------------------
2026-08-09 11:39:57 | INFO | Status         : PASS
2026-08-09 11:39:57 | INFO | Total          : 64
2026-08-09 11:39:57 | INFO | Critical       : 1
2026-08-09 11:39:57 | INFO | High           : 25
2026-08-09 11:39:57 | INFO | Medium         : 16
2026-08-09 11:39:57 | INFO | Low            : 22
2026-08-09 11:39:57 | INFO | Info           : 0
2026-08-09 11:39:57 | INFO | Unknown        : 0
2026-08-09 11:39:57 | INFO | Fixable        : 64
2026-08-09 11:39:57 | INFO | Exploitable    : 25
2026-08-09 11:39:57 | INFO | Compliance     : 34.38%
2026-08-09 11:39:57 | INFO | Duration       : 0.05 sec
2026-08-09 11:39:57 | INFO | ======================================================================
2026-08-09 11:39:57 | INFO | Trivy Parser Completed
2026-08-09 11:39:57 | INFO | ======================================================================
2026-08-09 11:39:57 | INFO | [Trivy] Parser completed successfully.
2026-08-09 11:39:57 | INFO | trivy completed successfully.
2026-08-09 11:39:57 | INFO | Starting zap
2026-08-09 11:39:57 | INFO | ======================================================================
2026-08-09 11:39:57 | INFO | Starting zap Parser
2026-08-09 11:39:57 | INFO | ======================================================================
2026-08-09 11:39:57 | INFO | [zap] Loading report(s)...
2026-08-09 11:39:57 | INFO | Reading report: zap_20260804_023516.json
2026-08-09 11:39:57 | INFO | Successfully loaded zap_20260804_023516.json
2026-08-09 11:39:57 | INFO | [zap] Processing zap_20260804_023516.json...
2026-08-09 11:39:57 | INFO | [zap] Generating metadata...
2026-08-09 11:39:57 | INFO | Parsed 4 OWASP ZAP findings enriched with CWEs.
2026-08-09 11:39:57 | INFO | [zap] Calculating statistics...
2026-08-09 11:39:57 | INFO | [zap] Building normalized report...
2026-08-09 11:39:57 | INFO | [zap] Saving report...
2026-08-09 11:39:57 | INFO | Writing report: zap_20260809_113957_normalized.json
2026-08-09 11:39:57 | INFO | Report written successfully: zap_20260809_113957_normalized.json
2026-08-09 11:39:57 | INFO | [zap] Report saved successfully.
2026-08-09 11:39:57 | INFO | [zap] Calculating statistics...
2026-08-09 11:39:57 | INFO | ======================================================================
2026-08-09 11:39:57 | INFO | zap Scan Summary
2026-08-09 11:39:57 | INFO | ----------------------------------------------------------------------
2026-08-09 11:39:57 | INFO | Status         : WARN
2026-08-09 11:39:57 | INFO | Total          : 4
2026-08-09 11:39:57 | INFO | Critical       : 0
2026-08-09 11:39:57 | INFO | High           : 0
2026-08-09 11:39:57 | INFO | Medium         : 2
2026-08-09 11:39:57 | INFO | Low            : 1
2026-08-09 11:39:57 | INFO | Info           : 1
2026-08-09 11:39:57 | INFO | Unknown        : 0
2026-08-09 11:39:57 | INFO | Fixable        : 0
2026-08-09 11:39:57 | INFO | Exploitable    : 0
2026-08-09 11:39:57 | INFO | Compliance     : 50.0%
2026-08-09 11:39:57 | INFO | Duration       : 0.01 sec
2026-08-09 11:39:57 | INFO | ======================================================================
2026-08-09 11:39:57 | INFO | zap Parser Completed
2026-08-09 11:39:57 | INFO | ======================================================================
2026-08-09 11:39:57 | INFO | zap completed successfully.
2026-08-09 11:39:57 | INFO | ======================================================================
2026-08-09 11:39:57 | INFO | All parsers completed successfully.
2026-08-09 11:39:57 | INFO | ======================================================================
2026-08-09 11:39:57 | INFO | === STAGE 4: Aggregating Results ===
2026-08-09 11:39:57 | INFO | Starting master report aggregation with Risk Engine...
2026-08-09 11:39:57 | INFO | Risk Engine Computed: Total Risk Score=194, Level=CRITICAL
2026-08-09 11:39:57 | INFO | Master report saved at: compliance/master_reports/master_report.json
2026-08-09 11:39:57 | INFO | Loaded CWE compliance database with 969 entries from security/knowledge/cwe_compliance_db.json
2026-08-09 11:39:57 | INFO | Processing 4-Layer Universal Compliance Engine v2 mappings...
2026-08-09 11:39:57 | INFO | Saved 4-Layer Universal Compliance Matrix v2 with Score: 37.8% to compliance/reports/compliance/compliance_matrix.json
2026-08-09 11:39:57 | INFO | Generated Executive HTML Report at compliance/reports/executive_reports/security_report.html
2026-08-09 11:39:57 | INFO | Generated Executive PDF Report at compliance/reports/executive_reports/security_report.pdf
2026-08-09 11:39:57 | INFO | Evaluating Security Gate policy from policy.yaml...
2026-08-09 11:39:57 | INFO | Database Ingestion Successful (Scan ID: SCAN-20260809060957)
2026-08-09 11:42:18 | INFO | Registered parser: hadolint
2026-08-09 11:42:18 | INFO | Registered parser: trivy
2026-08-09 11:42:18 | INFO | Registered parser: gitleaks
2026-08-09 11:42:18 | INFO | Registered parser: zap
2026-08-09 11:42:18 | INFO | === STAGE 3: Running Parsers ===
2026-08-09 11:42:18 | INFO | ======================================================================
2026-08-09 11:42:18 | INFO | Running all registered parsers...
2026-08-09 11:42:18 | INFO | ======================================================================
2026-08-09 11:42:18 | INFO | Starting gitleaks
2026-08-09 11:42:18 | INFO | [Gitleaks] Preparing parser...
2026-08-09 11:42:18 | INFO | ======================================================================
2026-08-09 11:42:18 | INFO | Starting Gitleaks Parser
2026-08-09 11:42:18 | INFO | ======================================================================
2026-08-09 11:42:18 | INFO | [Gitleaks] Loading report(s)...
2026-08-09 11:42:18 | INFO | Reading report: gitleaks_20260809_014655.json
2026-08-09 11:42:18 | INFO | Successfully loaded gitleaks_20260809_014655.json
2026-08-09 11:42:18 | INFO | [Gitleaks] Processing gitleaks_20260809_014655.json...
2026-08-09 11:42:18 | INFO | [Gitleaks] Validating report...
2026-08-09 11:42:18 | INFO | [Gitleaks] Generating metadata...
2026-08-09 11:42:18 | INFO | Loaded 8 rules for gitleaks.
2026-08-09 11:42:18 | INFO | Parsed 4 Gitleaks findings enriched with CWEs.
2026-08-09 11:42:18 | INFO | [Gitleaks] Calculating statistics...
2026-08-09 11:42:18 | INFO | [Gitleaks] Building normalized report...
2026-08-09 11:42:18 | INFO | [Gitleaks] Saving report...
2026-08-09 11:42:18 | INFO | Writing report: gitleaks_20260809_114218_normalized.json
2026-08-09 11:42:18 | INFO | Report written successfully: gitleaks_20260809_114218_normalized.json
2026-08-09 11:42:18 | INFO | [Gitleaks] Report saved successfully.
2026-08-09 11:42:18 | INFO | [Gitleaks] Calculating statistics...
2026-08-09 11:42:18 | INFO | ======================================================================
2026-08-09 11:42:18 | INFO | Gitleaks Scan Summary
2026-08-09 11:42:18 | INFO | ----------------------------------------------------------------------
2026-08-09 11:42:18 | INFO | Status         : FAIL
2026-08-09 11:42:18 | INFO | Total          : 4
2026-08-09 11:42:18 | INFO | Critical       : 4
2026-08-09 11:42:18 | INFO | High           : 0
2026-08-09 11:42:18 | INFO | Medium         : 0
2026-08-09 11:42:18 | INFO | Low            : 0
2026-08-09 11:42:18 | INFO | Info           : 0
2026-08-09 11:42:18 | INFO | Unknown        : 0
2026-08-09 11:42:18 | INFO | Fixable        : 0
2026-08-09 11:42:18 | INFO | Exploitable    : 0
2026-08-09 11:42:18 | INFO | Compliance     : 0.0%
2026-08-09 11:42:18 | INFO | Duration       : 0.19 sec
2026-08-09 11:42:18 | INFO | ======================================================================
2026-08-09 11:42:18 | INFO | Gitleaks Parser Completed
2026-08-09 11:42:18 | INFO | ======================================================================
2026-08-09 11:42:18 | INFO | [Gitleaks] Parser completed successfully.
2026-08-09 11:42:18 | INFO | gitleaks completed successfully.
2026-08-09 11:42:18 | INFO | Starting hadolint
2026-08-09 11:42:18 | INFO | [Hadolint] Preparing parser...
2026-08-09 11:42:18 | INFO | ======================================================================
2026-08-09 11:42:18 | INFO | Starting Hadolint Parser
2026-08-09 11:42:18 | INFO | ======================================================================
2026-08-09 11:42:18 | INFO | [Hadolint] Loading report(s)...
2026-08-09 11:42:18 | INFO | Reading report: frontend_20260806_001157.json
2026-08-09 11:42:18 | INFO | Successfully loaded frontend_20260806_001157.json
2026-08-09 11:42:18 | INFO | Reading report: backend_20260806_001157.json
2026-08-09 11:42:18 | INFO | Successfully loaded backend_20260806_001157.json
2026-08-09 11:42:18 | INFO | [Hadolint] Processing frontend_20260806_001157.json...
2026-08-09 11:42:18 | INFO | [Hadolint] Validating report...
2026-08-09 11:42:18 | INFO | [Hadolint] Generating metadata...
2026-08-09 11:42:18 | INFO | Loaded 66 rules for hadolint.
2026-08-09 11:42:18 | INFO | Parsed 1 Hadolint findings enriched with CWEs.
2026-08-09 11:42:18 | INFO | [Hadolint] Calculating statistics...
2026-08-09 11:42:18 | INFO | [Hadolint] Building normalized report...
2026-08-09 11:42:18 | INFO | [Hadolint] Saving report...
2026-08-09 11:42:18 | INFO | Writing report: hadolint_frontend_20260809_114218_normalized.json
2026-08-09 11:42:18 | INFO | Report written successfully: hadolint_frontend_20260809_114218_normalized.json
2026-08-09 11:42:18 | INFO | [Hadolint] Report saved successfully.
2026-08-09 11:42:18 | INFO | [Hadolint] Processing backend_20260806_001157.json...
2026-08-09 11:42:18 | INFO | [Hadolint] Validating report...
2026-08-09 11:42:18 | INFO | [Hadolint] Generating metadata...
2026-08-09 11:42:18 | WARNING | Hadolint report is empty.
2026-08-09 11:42:18 | INFO | [Hadolint] Calculating statistics...
2026-08-09 11:42:18 | INFO | [Hadolint] Building normalized report...
2026-08-09 11:42:18 | INFO | [Hadolint] Saving report...
2026-08-09 11:42:18 | INFO | Writing report: hadolint_backend_20260809_114218_normalized.json
2026-08-09 11:42:18 | INFO | Report written successfully: hadolint_backend_20260809_114218_normalized.json
2026-08-09 11:42:18 | INFO | [Hadolint] Report saved successfully.
2026-08-09 11:42:18 | INFO | [Hadolint] Calculating statistics...
2026-08-09 11:42:18 | INFO | ======================================================================
2026-08-09 11:42:18 | INFO | Hadolint Scan Summary
2026-08-09 11:42:18 | INFO | ----------------------------------------------------------------------
2026-08-09 11:42:18 | INFO | Status         : PASS
2026-08-09 11:42:18 | INFO | Total          : 1
2026-08-09 11:42:18 | INFO | Critical       : 0
2026-08-09 11:42:18 | INFO | High           : 0
2026-08-09 11:42:18 | INFO | Medium         : 0
2026-08-09 11:42:18 | INFO | Low            : 0
2026-08-09 11:42:18 | INFO | Info           : 1
2026-08-09 11:42:18 | INFO | Unknown        : 0
2026-08-09 11:42:18 | INFO | Fixable        : 0
2026-08-09 11:42:18 | INFO | Exploitable    : 0
2026-08-09 11:42:18 | INFO | Compliance     : 100.0%
2026-08-09 11:42:18 | INFO | Duration       : 0.03 sec
2026-08-09 11:42:18 | INFO | ======================================================================
2026-08-09 11:42:18 | INFO | Hadolint Parser Completed
2026-08-09 11:42:18 | INFO | ======================================================================
2026-08-09 11:42:18 | INFO | [Hadolint] Parser completed successfully.
2026-08-09 11:42:18 | INFO | hadolint completed successfully.
2026-08-09 11:42:18 | INFO | Starting trivy
2026-08-09 11:42:18 | INFO | [Trivy] Preparing parser...
2026-08-09 11:42:18 | INFO | ======================================================================
2026-08-09 11:42:18 | INFO | Starting Trivy Parser
2026-08-09 11:42:18 | INFO | ======================================================================
2026-08-09 11:42:18 | INFO | [Trivy] Loading report(s)...
2026-08-09 11:42:18 | INFO | Reading report: backend_20260804_020702.json
2026-08-09 11:42:18 | INFO | Successfully loaded backend_20260804_020702.json
2026-08-09 11:42:18 | INFO | Reading report: frontend_20260804_020702.json
2026-08-09 11:42:18 | INFO | Successfully loaded frontend_20260804_020702.json
2026-08-09 11:42:18 | INFO | [Trivy] Processing backend_20260804_020702.json...
2026-08-09 11:42:18 | INFO | [Trivy] Generating metadata...
2026-08-09 11:42:18 | INFO | Loaded 2 rules for trivy.
2026-08-09 11:42:18 | INFO | Parsed 64 Trivy findings.
2026-08-09 11:42:18 | INFO | [Trivy] Calculating statistics...
2026-08-09 11:42:18 | INFO | [Trivy] Building normalized report...
2026-08-09 11:42:18 | INFO | [Trivy] Saving report...
2026-08-09 11:42:18 | INFO | Writing report: trivy_backend_20260809_114218_normalized.json
2026-08-09 11:42:18 | INFO | Report written successfully: trivy_backend_20260809_114218_normalized.json
2026-08-09 11:42:18 | INFO | [Trivy] Report saved successfully.
2026-08-09 11:42:18 | INFO | [Trivy] Processing frontend_20260804_020702.json...
2026-08-09 11:42:18 | INFO | [Trivy] Generating metadata...
2026-08-09 11:42:18 | INFO | Parsed 0 Trivy findings.
2026-08-09 11:42:18 | INFO | [Trivy] Calculating statistics...
2026-08-09 11:42:18 | INFO | [Trivy] Building normalized report...
2026-08-09 11:42:18 | INFO | [Trivy] Saving report...
2026-08-09 11:42:18 | INFO | Writing report: trivy_frontend_20260809_114218_normalized.json
2026-08-09 11:42:18 | INFO | Report written successfully: trivy_frontend_20260809_114218_normalized.json
2026-08-09 11:42:18 | INFO | [Trivy] Report saved successfully.
2026-08-09 11:42:18 | INFO | [Trivy] Calculating statistics...
2026-08-09 11:42:18 | INFO | ======================================================================
2026-08-09 11:42:18 | INFO | Trivy Scan Summary
2026-08-09 11:42:18 | INFO | ----------------------------------------------------------------------
2026-08-09 11:42:18 | INFO | Status         : PASS
2026-08-09 11:42:18 | INFO | Total          : 64
2026-08-09 11:42:18 | INFO | Critical       : 1
2026-08-09 11:42:18 | INFO | High           : 25
2026-08-09 11:42:18 | INFO | Medium         : 16
2026-08-09 11:42:18 | INFO | Low            : 22
2026-08-09 11:42:18 | INFO | Info           : 0
2026-08-09 11:42:18 | INFO | Unknown        : 0
2026-08-09 11:42:18 | INFO | Fixable        : 64
2026-08-09 11:42:18 | INFO | Exploitable    : 25
2026-08-09 11:42:18 | INFO | Compliance     : 34.38%
2026-08-09 11:42:18 | INFO | Duration       : 0.04 sec
2026-08-09 11:42:18 | INFO | ======================================================================
2026-08-09 11:42:18 | INFO | Trivy Parser Completed
2026-08-09 11:42:18 | INFO | ======================================================================
2026-08-09 11:42:18 | INFO | [Trivy] Parser completed successfully.
2026-08-09 11:42:18 | INFO | trivy completed successfully.
2026-08-09 11:42:18 | INFO | Starting zap
2026-08-09 11:42:18 | INFO | ======================================================================
2026-08-09 11:42:18 | INFO | Starting zap Parser
2026-08-09 11:42:18 | INFO | ======================================================================
2026-08-09 11:42:18 | INFO | [zap] Loading report(s)...
2026-08-09 11:42:18 | INFO | Reading report: zap_20260804_023516.json
2026-08-09 11:42:18 | INFO | Successfully loaded zap_20260804_023516.json
2026-08-09 11:42:18 | INFO | [zap] Processing zap_20260804_023516.json...
2026-08-09 11:42:18 | INFO | [zap] Generating metadata...
2026-08-09 11:42:18 | INFO | Parsed 4 OWASP ZAP findings enriched with CWEs.
2026-08-09 11:42:18 | INFO | [zap] Calculating statistics...
2026-08-09 11:42:18 | INFO | [zap] Building normalized report...
2026-08-09 11:42:18 | INFO | [zap] Saving report...
2026-08-09 11:42:18 | INFO | Writing report: zap_20260809_114218_normalized.json
2026-08-09 11:42:18 | INFO | Report written successfully: zap_20260809_114218_normalized.json
2026-08-09 11:42:18 | INFO | [zap] Report saved successfully.
2026-08-09 11:42:18 | INFO | [zap] Calculating statistics...
2026-08-09 11:42:18 | INFO | ======================================================================
2026-08-09 11:42:18 | INFO | zap Scan Summary
2026-08-09 11:42:18 | INFO | ----------------------------------------------------------------------
2026-08-09 11:42:18 | INFO | Status         : WARN
2026-08-09 11:42:18 | INFO | Total          : 4
2026-08-09 11:42:18 | INFO | Critical       : 0
2026-08-09 11:42:18 | INFO | High           : 0
2026-08-09 11:42:18 | INFO | Medium         : 2
2026-08-09 11:42:18 | INFO | Low            : 1
2026-08-09 11:42:18 | INFO | Info           : 1
2026-08-09 11:42:18 | INFO | Unknown        : 0
2026-08-09 11:42:18 | INFO | Fixable        : 0
2026-08-09 11:42:18 | INFO | Exploitable    : 0
2026-08-09 11:42:18 | INFO | Compliance     : 50.0%
2026-08-09 11:42:18 | INFO | Duration       : 0.01 sec
2026-08-09 11:42:18 | INFO | ======================================================================
2026-08-09 11:42:18 | INFO | zap Parser Completed
2026-08-09 11:42:18 | INFO | ======================================================================
2026-08-09 11:42:18 | INFO | zap completed successfully.
2026-08-09 11:42:18 | INFO | ======================================================================
2026-08-09 11:42:18 | INFO | All parsers completed successfully.
2026-08-09 11:42:18 | INFO | ======================================================================
2026-08-09 11:42:18 | INFO | === STAGE 4: Aggregating Results ===
2026-08-09 11:42:18 | INFO | Starting master report aggregation with Risk Engine...
2026-08-09 11:42:18 | INFO | Risk Engine Computed: Total Risk Score=194, Level=CRITICAL
2026-08-09 11:42:18 | INFO | Master report saved at: compliance/master_reports/master_report.json
2026-08-09 11:42:18 | INFO | Loaded CWE compliance database with 969 entries from security/knowledge/cwe_compliance_db.json
2026-08-09 11:42:18 | INFO | Processing 4-Layer Universal Compliance Engine v2 mappings...
2026-08-09 11:42:18 | INFO | Saved 4-Layer Universal Compliance Matrix v2 with Score: 37.8% to compliance/reports/compliance/compliance_matrix.json
2026-08-09 11:42:18 | INFO | Generated Executive HTML Report at compliance/reports/executive_reports/security_report.html
2026-08-09 11:42:18 | INFO | Generated Executive PDF Report at compliance/reports/executive_reports/security_report.pdf
2026-08-09 11:42:18 | INFO | Evaluating Security Gate policy from policy.yaml...
2026-08-09 11:42:18 | INFO | Database Ingestion Successful (Scan ID: SCAN-20260809061218)
2026-08-09 11:45:17 | INFO | Registered parser: hadolint
2026-08-09 11:45:17 | INFO | Registered parser: trivy
2026-08-09 11:45:17 | INFO | Registered parser: gitleaks
2026-08-09 11:45:17 | INFO | Registered parser: zap
2026-08-09 11:45:17 | INFO | === STAGE 1: Pre-flight Checks ===
2026-08-09 11:45:19 | INFO | Pre-flight Checks Passed.
2026-08-09 11:45:19 | INFO | === STAGE 2: Running Scanners ===
2026-08-09 11:45:19 | INFO | Running Gitleaks scanner (security/secrets/gitleaks.sh)...
2026-08-09 11:46:38 | WARNING | Gitleaks scanner exited with code 1
2026-08-09 11:46:38 | INFO | Running Hadolint scanner (security/container/hadolint.sh)...
2026-08-09 11:46:41 | WARNING | Hadolint scanner exited with code 1
2026-08-09 11:46:41 | INFO | === STAGE 3: Running Parsers ===
2026-08-09 11:46:41 | INFO | Running parser for tool: gitleaks
2026-08-09 11:46:41 | INFO | Running parser: gitleaks
2026-08-09 11:46:41 | INFO | [Gitleaks] Preparing parser...
2026-08-09 11:46:41 | INFO | ======================================================================
2026-08-09 11:46:41 | INFO | Starting Gitleaks Parser
2026-08-09 11:46:41 | INFO | ======================================================================
2026-08-09 11:46:41 | INFO | [Gitleaks] Loading report(s)...
2026-08-09 11:46:41 | INFO | Reading report: gitleaks_20260809_114519.json
2026-08-09 11:46:41 | INFO | Successfully loaded gitleaks_20260809_114519.json
2026-08-09 11:46:41 | INFO | [Gitleaks] Processing gitleaks_20260809_114519.json...
2026-08-09 11:46:41 | INFO | [Gitleaks] Validating report...
2026-08-09 11:46:41 | INFO | [Gitleaks] Generating metadata...
2026-08-09 11:46:41 | INFO | Loaded 8 rules for gitleaks.
2026-08-09 11:46:41 | INFO | Parsed 4 Gitleaks findings enriched with CWEs.
2026-08-09 11:46:41 | INFO | [Gitleaks] Calculating statistics...
2026-08-09 11:46:41 | INFO | [Gitleaks] Building normalized report...
2026-08-09 11:46:41 | INFO | [Gitleaks] Saving report...
2026-08-09 11:46:41 | INFO | Writing report: gitleaks_20260809_114641_normalized.json
2026-08-09 11:46:41 | INFO | Report written successfully: gitleaks_20260809_114641_normalized.json
2026-08-09 11:46:41 | INFO | [Gitleaks] Report saved successfully.
2026-08-09 11:46:41 | INFO | [Gitleaks] Calculating statistics...
2026-08-09 11:46:41 | INFO | ======================================================================
2026-08-09 11:46:41 | INFO | Gitleaks Scan Summary
2026-08-09 11:46:41 | INFO | ----------------------------------------------------------------------
2026-08-09 11:46:41 | INFO | Status         : FAIL
2026-08-09 11:46:41 | INFO | Total          : 4
2026-08-09 11:46:41 | INFO | Critical       : 4
2026-08-09 11:46:41 | INFO | High           : 0
2026-08-09 11:46:41 | INFO | Medium         : 0
2026-08-09 11:46:41 | INFO | Low            : 0
2026-08-09 11:46:41 | INFO | Info           : 0
2026-08-09 11:46:41 | INFO | Unknown        : 0
2026-08-09 11:46:41 | INFO | Fixable        : 0
2026-08-09 11:46:41 | INFO | Exploitable    : 0
2026-08-09 11:46:41 | INFO | Compliance     : 0.0%
2026-08-09 11:46:41 | INFO | Duration       : 0.19 sec
2026-08-09 11:46:41 | INFO | ======================================================================
2026-08-09 11:46:41 | INFO | Gitleaks Parser Completed
2026-08-09 11:46:41 | INFO | ======================================================================
2026-08-09 11:46:41 | INFO | [Gitleaks] Parser completed successfully.
2026-08-09 11:46:41 | INFO | Running parser for tool: hadolint
2026-08-09 11:46:41 | INFO | Running parser: hadolint
2026-08-09 11:46:41 | INFO | [Hadolint] Preparing parser...
2026-08-09 11:46:41 | INFO | ======================================================================
2026-08-09 11:46:41 | INFO | Starting Hadolint Parser
2026-08-09 11:46:41 | INFO | ======================================================================
2026-08-09 11:46:41 | INFO | [Hadolint] Loading report(s)...
2026-08-09 11:46:41 | INFO | Reading report: frontend_20260809_114639.json
2026-08-09 11:46:41 | INFO | Successfully loaded frontend_20260809_114639.json
2026-08-09 11:46:41 | INFO | Reading report: backend_20260809_114639.json
2026-08-09 11:46:41 | INFO | Successfully loaded backend_20260809_114639.json
2026-08-09 11:46:41 | INFO | [Hadolint] Processing frontend_20260809_114639.json...
2026-08-09 11:46:41 | INFO | [Hadolint] Validating report...
2026-08-09 11:46:41 | INFO | [Hadolint] Generating metadata...
2026-08-09 11:46:41 | INFO | Loaded 66 rules for hadolint.
2026-08-09 11:46:41 | INFO | Parsed 1 Hadolint findings enriched with CWEs.
2026-08-09 11:46:41 | INFO | [Hadolint] Calculating statistics...
2026-08-09 11:46:41 | INFO | [Hadolint] Building normalized report...
2026-08-09 11:46:41 | INFO | [Hadolint] Saving report...
2026-08-09 11:46:41 | INFO | Writing report: hadolint_frontend_20260809_114641_normalized.json
2026-08-09 11:46:41 | INFO | Report written successfully: hadolint_frontend_20260809_114641_normalized.json
2026-08-09 11:46:41 | INFO | [Hadolint] Report saved successfully.
2026-08-09 11:46:41 | INFO | [Hadolint] Processing backend_20260809_114639.json...
2026-08-09 11:46:41 | INFO | [Hadolint] Validating report...
2026-08-09 11:46:41 | INFO | [Hadolint] Generating metadata...
2026-08-09 11:46:41 | WARNING | Hadolint report is empty.
2026-08-09 11:46:41 | INFO | [Hadolint] Calculating statistics...
2026-08-09 11:46:41 | INFO | [Hadolint] Building normalized report...
2026-08-09 11:46:41 | INFO | [Hadolint] Saving report...
2026-08-09 11:46:41 | INFO | Writing report: hadolint_backend_20260809_114641_normalized.json
2026-08-09 11:46:41 | INFO | Report written successfully: hadolint_backend_20260809_114641_normalized.json
2026-08-09 11:46:41 | INFO | [Hadolint] Report saved successfully.
2026-08-09 11:46:41 | INFO | [Hadolint] Calculating statistics...
2026-08-09 11:46:41 | INFO | ======================================================================
2026-08-09 11:46:41 | INFO | Hadolint Scan Summary
2026-08-09 11:46:41 | INFO | ----------------------------------------------------------------------
2026-08-09 11:46:41 | INFO | Status         : PASS
2026-08-09 11:46:41 | INFO | Total          : 1
2026-08-09 11:46:41 | INFO | Critical       : 0
2026-08-09 11:46:41 | INFO | High           : 0
2026-08-09 11:46:41 | INFO | Medium         : 0
2026-08-09 11:46:41 | INFO | Low            : 0
2026-08-09 11:46:41 | INFO | Info           : 1
2026-08-09 11:46:41 | INFO | Unknown        : 0
2026-08-09 11:46:41 | INFO | Fixable        : 0
2026-08-09 11:46:41 | INFO | Exploitable    : 0
2026-08-09 11:46:41 | INFO | Compliance     : 100.0%
2026-08-09 11:46:41 | INFO | Duration       : 0.02 sec
2026-08-09 11:46:41 | INFO | ======================================================================
2026-08-09 11:46:41 | INFO | Hadolint Parser Completed
2026-08-09 11:46:41 | INFO | ======================================================================
2026-08-09 11:46:41 | INFO | [Hadolint] Parser completed successfully.
2026-08-09 11:46:50 | INFO | Registered parser: hadolint
2026-08-09 11:46:50 | INFO | Registered parser: trivy
2026-08-09 11:46:50 | INFO | Registered parser: gitleaks
2026-08-09 11:46:50 | INFO | Registered parser: zap
2026-08-09 11:46:50 | INFO | === STAGE 2: Running Scanners ===
2026-08-09 11:46:50 | INFO | Running Trivy scanner (security/container/trivy.sh)...
2026-08-09 11:46:50 | WARNING | Trivy scanner exited with code 1
2026-08-09 11:46:50 | INFO | === STAGE 3: Running Parsers ===
2026-08-09 11:46:50 | INFO | Running parser for tool: trivy
2026-08-09 11:46:50 | INFO | Running parser: trivy
2026-08-09 11:46:50 | INFO | [Trivy] Preparing parser...
2026-08-09 11:46:50 | INFO | ======================================================================
2026-08-09 11:46:50 | INFO | Starting Trivy Parser
2026-08-09 11:46:50 | INFO | ======================================================================
2026-08-09 11:46:50 | INFO | [Trivy] Loading report(s)...
2026-08-09 11:46:50 | INFO | Reading report: backend_20260804_020702.json
2026-08-09 11:46:50 | INFO | Successfully loaded backend_20260804_020702.json
2026-08-09 11:46:50 | INFO | Reading report: frontend_20260804_020702.json
2026-08-09 11:46:50 | INFO | Successfully loaded frontend_20260804_020702.json
2026-08-09 11:46:50 | INFO | [Trivy] Processing backend_20260804_020702.json...
2026-08-09 11:46:50 | INFO | [Trivy] Generating metadata...
2026-08-09 11:46:50 | INFO | Loaded 2 rules for trivy.
2026-08-09 11:46:50 | INFO | Parsed 64 Trivy findings.
2026-08-09 11:46:50 | INFO | [Trivy] Calculating statistics...
2026-08-09 11:46:50 | INFO | [Trivy] Building normalized report...
2026-08-09 11:46:50 | INFO | [Trivy] Saving report...
2026-08-09 11:46:50 | INFO | Writing report: trivy_backend_20260809_114650_normalized.json
2026-08-09 11:46:50 | INFO | Report written successfully: trivy_backend_20260809_114650_normalized.json
2026-08-09 11:46:50 | INFO | [Trivy] Report saved successfully.
2026-08-09 11:46:50 | INFO | [Trivy] Processing frontend_20260804_020702.json...
2026-08-09 11:46:50 | INFO | [Trivy] Generating metadata...
2026-08-09 11:46:50 | INFO | Parsed 0 Trivy findings.
2026-08-09 11:46:50 | INFO | [Trivy] Calculating statistics...
2026-08-09 11:46:50 | INFO | [Trivy] Building normalized report...
2026-08-09 11:46:50 | INFO | [Trivy] Saving report...
2026-08-09 11:46:50 | INFO | Writing report: trivy_frontend_20260809_114650_normalized.json
2026-08-09 11:46:50 | INFO | Report written successfully: trivy_frontend_20260809_114650_normalized.json
2026-08-09 11:46:50 | INFO | [Trivy] Report saved successfully.
2026-08-09 11:46:50 | INFO | [Trivy] Calculating statistics...
2026-08-09 11:46:50 | INFO | ======================================================================
2026-08-09 11:46:50 | INFO | Trivy Scan Summary
2026-08-09 11:46:50 | INFO | ----------------------------------------------------------------------
2026-08-09 11:46:50 | INFO | Status         : PASS
2026-08-09 11:46:50 | INFO | Total          : 64
2026-08-09 11:46:50 | INFO | Critical       : 1
2026-08-09 11:46:50 | INFO | High           : 25
2026-08-09 11:46:50 | INFO | Medium         : 16
2026-08-09 11:46:50 | INFO | Low            : 22
2026-08-09 11:46:50 | INFO | Info           : 0
2026-08-09 11:46:50 | INFO | Unknown        : 0
2026-08-09 11:46:50 | INFO | Fixable        : 64
2026-08-09 11:46:50 | INFO | Exploitable    : 25
2026-08-09 11:46:50 | INFO | Compliance     : 34.38%
2026-08-09 11:46:50 | INFO | Duration       : 0.07 sec
2026-08-09 11:46:50 | INFO | ======================================================================
2026-08-09 11:46:50 | INFO | Trivy Parser Completed
2026-08-09 11:46:50 | INFO | ======================================================================
2026-08-09 11:46:50 | INFO | [Trivy] Parser completed successfully.
2026-08-09 11:47:00 | INFO | Registered parser: hadolint
2026-08-09 11:47:00 | INFO | Registered parser: trivy
2026-08-09 11:47:00 | INFO | Registered parser: gitleaks
2026-08-09 11:47:00 | INFO | Registered parser: zap
2026-08-09 11:47:00 | INFO | === STAGE 3: Running Parsers ===
2026-08-09 11:47:00 | INFO | ======================================================================
2026-08-09 11:47:00 | INFO | Running all registered parsers...
2026-08-09 11:47:00 | INFO | ======================================================================
2026-08-09 11:47:00 | INFO | Starting gitleaks
2026-08-09 11:47:00 | INFO | [Gitleaks] Preparing parser...
2026-08-09 11:47:00 | INFO | ======================================================================
2026-08-09 11:47:00 | INFO | Starting Gitleaks Parser
2026-08-09 11:47:00 | INFO | ======================================================================
2026-08-09 11:47:00 | INFO | [Gitleaks] Loading report(s)...
2026-08-09 11:47:00 | INFO | Reading report: gitleaks_20260809_114519.json
2026-08-09 11:47:00 | INFO | Successfully loaded gitleaks_20260809_114519.json
2026-08-09 11:47:00 | INFO | [Gitleaks] Processing gitleaks_20260809_114519.json...
2026-08-09 11:47:00 | INFO | [Gitleaks] Validating report...
2026-08-09 11:47:00 | INFO | [Gitleaks] Generating metadata...
2026-08-09 11:47:00 | INFO | Loaded 8 rules for gitleaks.
2026-08-09 11:47:00 | INFO | Parsed 4 Gitleaks findings enriched with CWEs.
2026-08-09 11:47:00 | INFO | [Gitleaks] Calculating statistics...
2026-08-09 11:47:00 | INFO | [Gitleaks] Building normalized report...
2026-08-09 11:47:00 | INFO | [Gitleaks] Saving report...
2026-08-09 11:47:00 | INFO | Writing report: gitleaks_20260809_114700_normalized.json
2026-08-09 11:47:00 | INFO | Report written successfully: gitleaks_20260809_114700_normalized.json
2026-08-09 11:47:00 | INFO | [Gitleaks] Report saved successfully.
2026-08-09 11:47:00 | INFO | [Gitleaks] Calculating statistics...
2026-08-09 11:47:00 | INFO | ======================================================================
2026-08-09 11:47:00 | INFO | Gitleaks Scan Summary
2026-08-09 11:47:00 | INFO | ----------------------------------------------------------------------
2026-08-09 11:47:00 | INFO | Status         : FAIL
2026-08-09 11:47:00 | INFO | Total          : 4
2026-08-09 11:47:00 | INFO | Critical       : 4
2026-08-09 11:47:00 | INFO | High           : 0
2026-08-09 11:47:00 | INFO | Medium         : 0
2026-08-09 11:47:00 | INFO | Low            : 0
2026-08-09 11:47:00 | INFO | Info           : 0
2026-08-09 11:47:00 | INFO | Unknown        : 0
2026-08-09 11:47:00 | INFO | Fixable        : 0
2026-08-09 11:47:00 | INFO | Exploitable    : 0
2026-08-09 11:47:00 | INFO | Compliance     : 0.0%
2026-08-09 11:47:00 | INFO | Duration       : 0.17 sec
2026-08-09 11:47:00 | INFO | ======================================================================
2026-08-09 11:47:00 | INFO | Gitleaks Parser Completed
2026-08-09 11:47:00 | INFO | ======================================================================
2026-08-09 11:47:00 | INFO | [Gitleaks] Parser completed successfully.
2026-08-09 11:47:00 | INFO | gitleaks completed successfully.
2026-08-09 11:47:00 | INFO | Starting hadolint
2026-08-09 11:47:00 | INFO | [Hadolint] Preparing parser...
2026-08-09 11:47:00 | INFO | ======================================================================
2026-08-09 11:47:00 | INFO | Starting Hadolint Parser
2026-08-09 11:47:00 | INFO | ======================================================================
2026-08-09 11:47:00 | INFO | [Hadolint] Loading report(s)...
2026-08-09 11:47:00 | INFO | Reading report: frontend_20260809_114639.json
2026-08-09 11:47:00 | INFO | Successfully loaded frontend_20260809_114639.json
2026-08-09 11:47:00 | INFO | Reading report: backend_20260809_114639.json
2026-08-09 11:47:00 | INFO | Successfully loaded backend_20260809_114639.json
2026-08-09 11:47:00 | INFO | [Hadolint] Processing frontend_20260809_114639.json...
2026-08-09 11:47:00 | INFO | [Hadolint] Validating report...
2026-08-09 11:47:00 | INFO | [Hadolint] Generating metadata...
2026-08-09 11:47:00 | INFO | Loaded 66 rules for hadolint.
2026-08-09 11:47:00 | INFO | Parsed 1 Hadolint findings enriched with CWEs.
2026-08-09 11:47:00 | INFO | [Hadolint] Calculating statistics...
2026-08-09 11:47:00 | INFO | [Hadolint] Building normalized report...
2026-08-09 11:47:00 | INFO | [Hadolint] Saving report...
2026-08-09 11:47:00 | INFO | Writing report: hadolint_frontend_20260809_114700_normalized.json
2026-08-09 11:47:00 | INFO | Report written successfully: hadolint_frontend_20260809_114700_normalized.json
2026-08-09 11:47:00 | INFO | [Hadolint] Report saved successfully.
2026-08-09 11:47:00 | INFO | [Hadolint] Processing backend_20260809_114639.json...
2026-08-09 11:47:00 | INFO | [Hadolint] Validating report...
2026-08-09 11:47:00 | INFO | [Hadolint] Generating metadata...
2026-08-09 11:47:00 | WARNING | Hadolint report is empty.
2026-08-09 11:47:00 | INFO | [Hadolint] Calculating statistics...
2026-08-09 11:47:00 | INFO | [Hadolint] Building normalized report...
2026-08-09 11:47:00 | INFO | [Hadolint] Saving report...
2026-08-09 11:47:00 | INFO | Writing report: hadolint_backend_20260809_114700_normalized.json
2026-08-09 11:47:00 | INFO | Report written successfully: hadolint_backend_20260809_114700_normalized.json
2026-08-09 11:47:00 | INFO | [Hadolint] Report saved successfully.
2026-08-09 11:47:00 | INFO | [Hadolint] Calculating statistics...
2026-08-09 11:47:00 | INFO | ======================================================================
2026-08-09 11:47:00 | INFO | Hadolint Scan Summary
2026-08-09 11:47:00 | INFO | ----------------------------------------------------------------------
2026-08-09 11:47:00 | INFO | Status         : PASS
2026-08-09 11:47:00 | INFO | Total          : 1
2026-08-09 11:47:00 | INFO | Critical       : 0
2026-08-09 11:47:00 | INFO | High           : 0
2026-08-09 11:47:00 | INFO | Medium         : 0
2026-08-09 11:47:00 | INFO | Low            : 0
2026-08-09 11:47:00 | INFO | Info           : 1
2026-08-09 11:47:00 | INFO | Unknown        : 0
2026-08-09 11:47:00 | INFO | Fixable        : 0
2026-08-09 11:47:00 | INFO | Exploitable    : 0
2026-08-09 11:47:00 | INFO | Compliance     : 100.0%
2026-08-09 11:47:00 | INFO | Duration       : 0.02 sec
2026-08-09 11:47:00 | INFO | ======================================================================
2026-08-09 11:47:00 | INFO | Hadolint Parser Completed
2026-08-09 11:47:00 | INFO | ======================================================================
2026-08-09 11:47:00 | INFO | [Hadolint] Parser completed successfully.
2026-08-09 11:47:00 | INFO | hadolint completed successfully.
2026-08-09 11:47:00 | INFO | Starting trivy
2026-08-09 11:47:00 | INFO | [Trivy] Preparing parser...
2026-08-09 11:47:00 | INFO | ======================================================================
2026-08-09 11:47:00 | INFO | Starting Trivy Parser
2026-08-09 11:47:00 | INFO | ======================================================================
2026-08-09 11:47:00 | INFO | [Trivy] Loading report(s)...
2026-08-09 11:47:00 | INFO | Reading report: backend_20260804_020702.json
2026-08-09 11:47:00 | INFO | Successfully loaded backend_20260804_020702.json
2026-08-09 11:47:00 | INFO | Reading report: frontend_20260804_020702.json
2026-08-09 11:47:00 | INFO | Successfully loaded frontend_20260804_020702.json
2026-08-09 11:47:00 | INFO | [Trivy] Processing backend_20260804_020702.json...
2026-08-09 11:47:00 | INFO | [Trivy] Generating metadata...
2026-08-09 11:47:00 | INFO | Loaded 2 rules for trivy.
2026-08-09 11:47:00 | INFO | Parsed 64 Trivy findings.
2026-08-09 11:47:00 | INFO | [Trivy] Calculating statistics...
2026-08-09 11:47:00 | INFO | [Trivy] Building normalized report...
2026-08-09 11:47:00 | INFO | [Trivy] Saving report...
2026-08-09 11:47:00 | INFO | Writing report: trivy_backend_20260809_114700_normalized.json
2026-08-09 11:47:00 | INFO | Report written successfully: trivy_backend_20260809_114700_normalized.json
2026-08-09 11:47:00 | INFO | [Trivy] Report saved successfully.
2026-08-09 11:47:00 | INFO | [Trivy] Processing frontend_20260804_020702.json...
2026-08-09 11:47:00 | INFO | [Trivy] Generating metadata...
2026-08-09 11:47:00 | INFO | Parsed 0 Trivy findings.
2026-08-09 11:47:00 | INFO | [Trivy] Calculating statistics...
2026-08-09 11:47:00 | INFO | [Trivy] Building normalized report...
2026-08-09 11:47:00 | INFO | [Trivy] Saving report...
2026-08-09 11:47:00 | INFO | Writing report: trivy_frontend_20260809_114700_normalized.json
2026-08-09 11:47:00 | INFO | Report written successfully: trivy_frontend_20260809_114700_normalized.json
2026-08-09 11:47:00 | INFO | [Trivy] Report saved successfully.
2026-08-09 11:47:00 | INFO | [Trivy] Calculating statistics...
2026-08-09 11:47:00 | INFO | ======================================================================
2026-08-09 11:47:00 | INFO | Trivy Scan Summary
2026-08-09 11:47:00 | INFO | ----------------------------------------------------------------------
2026-08-09 11:47:00 | INFO | Status         : PASS
2026-08-09 11:47:00 | INFO | Total          : 64
2026-08-09 11:47:00 | INFO | Critical       : 1
2026-08-09 11:47:00 | INFO | High           : 25
2026-08-09 11:47:00 | INFO | Medium         : 16
2026-08-09 11:47:00 | INFO | Low            : 22
2026-08-09 11:47:00 | INFO | Info           : 0
2026-08-09 11:47:00 | INFO | Unknown        : 0
2026-08-09 11:47:00 | INFO | Fixable        : 64
2026-08-09 11:47:00 | INFO | Exploitable    : 25
2026-08-09 11:47:00 | INFO | Compliance     : 34.38%
2026-08-09 11:47:00 | INFO | Duration       : 0.05 sec
2026-08-09 11:47:00 | INFO | ======================================================================
2026-08-09 11:47:00 | INFO | Trivy Parser Completed
2026-08-09 11:47:00 | INFO | ======================================================================
2026-08-09 11:47:00 | INFO | [Trivy] Parser completed successfully.
2026-08-09 11:47:00 | INFO | trivy completed successfully.
2026-08-09 11:47:00 | INFO | Starting zap
2026-08-09 11:47:00 | INFO | ======================================================================
2026-08-09 11:47:00 | INFO | Starting zap Parser
2026-08-09 11:47:00 | INFO | ======================================================================
2026-08-09 11:47:00 | INFO | [zap] Loading report(s)...
2026-08-09 11:47:00 | INFO | Reading report: zap_20260804_023516.json
2026-08-09 11:47:00 | INFO | Successfully loaded zap_20260804_023516.json
2026-08-09 11:47:00 | INFO | [zap] Processing zap_20260804_023516.json...
2026-08-09 11:47:00 | INFO | [zap] Generating metadata...
2026-08-09 11:47:00 | INFO | Parsed 4 OWASP ZAP findings enriched with CWEs.
2026-08-09 11:47:00 | INFO | [zap] Calculating statistics...
2026-08-09 11:47:00 | INFO | [zap] Building normalized report...
2026-08-09 11:47:00 | INFO | [zap] Saving report...
2026-08-09 11:47:00 | INFO | Writing report: zap_20260809_114700_normalized.json
2026-08-09 11:47:00 | INFO | Report written successfully: zap_20260809_114700_normalized.json
2026-08-09 11:47:00 | INFO | [zap] Report saved successfully.
2026-08-09 11:47:00 | INFO | [zap] Calculating statistics...
2026-08-09 11:47:00 | INFO | ======================================================================
2026-08-09 11:47:00 | INFO | zap Scan Summary
2026-08-09 11:47:00 | INFO | ----------------------------------------------------------------------
2026-08-09 11:47:00 | INFO | Status         : WARN
2026-08-09 11:47:00 | INFO | Total          : 4
2026-08-09 11:47:00 | INFO | Critical       : 0
2026-08-09 11:47:00 | INFO | High           : 0
2026-08-09 11:47:00 | INFO | Medium         : 2
2026-08-09 11:47:00 | INFO | Low            : 1
2026-08-09 11:47:00 | INFO | Info           : 1
2026-08-09 11:47:00 | INFO | Unknown        : 0
2026-08-09 11:47:00 | INFO | Fixable        : 0
2026-08-09 11:47:00 | INFO | Exploitable    : 0
2026-08-09 11:47:00 | INFO | Compliance     : 50.0%
2026-08-09 11:47:00 | INFO | Duration       : 0.01 sec
2026-08-09 11:47:00 | INFO | ======================================================================
2026-08-09 11:47:00 | INFO | zap Parser Completed
2026-08-09 11:47:00 | INFO | ======================================================================
2026-08-09 11:47:00 | INFO | zap completed successfully.
2026-08-09 11:47:00 | INFO | ======================================================================
2026-08-09 11:47:00 | INFO | All parsers completed successfully.
2026-08-09 11:47:00 | INFO | ======================================================================
2026-08-09 11:47:00 | INFO | === STAGE 4: Aggregating Results ===
2026-08-09 11:47:00 | INFO | Starting master report aggregation with Risk Engine...
2026-08-09 11:47:00 | INFO | Risk Engine Computed: Total Risk Score=194, Level=CRITICAL
2026-08-09 11:47:00 | INFO | Master report saved at: compliance/master_reports/master_report.json
2026-08-09 11:47:00 | INFO | Loaded CWE compliance database with 969 entries from security/knowledge/cwe_compliance_db.json
2026-08-09 11:47:00 | INFO | Processing 4-Layer Universal Compliance Engine v2 mappings...
2026-08-09 11:47:00 | INFO | Saved 4-Layer Universal Compliance Matrix v2 with Score: 37.8% to compliance/reports/compliance/compliance_matrix.json
2026-08-09 11:47:00 | INFO | Generated Executive HTML Report at compliance/reports/executive_reports/security_report.html
2026-08-09 11:47:00 | INFO | Generated Executive PDF Report at compliance/reports/executive_reports/security_report.pdf
2026-08-09 11:47:12 | INFO | Registered parser: hadolint
2026-08-09 11:47:12 | INFO | Registered parser: trivy
2026-08-09 11:47:12 | INFO | Registered parser: gitleaks
2026-08-09 11:47:12 | INFO | Registered parser: zap
2026-08-09 11:47:12 | INFO | === STAGE 3: Running Parsers ===
2026-08-09 11:47:12 | INFO | ======================================================================
2026-08-09 11:47:12 | INFO | Running all registered parsers...
2026-08-09 11:47:12 | INFO | ======================================================================
2026-08-09 11:47:12 | INFO | Starting gitleaks
2026-08-09 11:47:12 | INFO | [Gitleaks] Preparing parser...
2026-08-09 11:47:12 | INFO | ======================================================================
2026-08-09 11:47:12 | INFO | Starting Gitleaks Parser
2026-08-09 11:47:12 | INFO | ======================================================================
2026-08-09 11:47:12 | INFO | [Gitleaks] Loading report(s)...
2026-08-09 11:47:12 | INFO | Reading report: gitleaks_20260809_114519.json
2026-08-09 11:47:12 | INFO | Successfully loaded gitleaks_20260809_114519.json
2026-08-09 11:47:12 | INFO | [Gitleaks] Processing gitleaks_20260809_114519.json...
2026-08-09 11:47:12 | INFO | [Gitleaks] Validating report...
2026-08-09 11:47:12 | INFO | [Gitleaks] Generating metadata...
2026-08-09 11:47:12 | INFO | Loaded 8 rules for gitleaks.
2026-08-09 11:47:12 | INFO | Parsed 4 Gitleaks findings enriched with CWEs.
2026-08-09 11:47:12 | INFO | [Gitleaks] Calculating statistics...
2026-08-09 11:47:12 | INFO | [Gitleaks] Building normalized report...
2026-08-09 11:47:12 | INFO | [Gitleaks] Saving report...
2026-08-09 11:47:12 | INFO | Writing report: gitleaks_20260809_114712_normalized.json
2026-08-09 11:47:12 | INFO | Report written successfully: gitleaks_20260809_114712_normalized.json
2026-08-09 11:47:12 | INFO | [Gitleaks] Report saved successfully.
2026-08-09 11:47:12 | INFO | [Gitleaks] Calculating statistics...
2026-08-09 11:47:12 | INFO | ======================================================================
2026-08-09 11:47:12 | INFO | Gitleaks Scan Summary
2026-08-09 11:47:12 | INFO | ----------------------------------------------------------------------
2026-08-09 11:47:12 | INFO | Status         : FAIL
2026-08-09 11:47:12 | INFO | Total          : 4
2026-08-09 11:47:12 | INFO | Critical       : 4
2026-08-09 11:47:12 | INFO | High           : 0
2026-08-09 11:47:12 | INFO | Medium         : 0
2026-08-09 11:47:12 | INFO | Low            : 0
2026-08-09 11:47:12 | INFO | Info           : 0
2026-08-09 11:47:12 | INFO | Unknown        : 0
2026-08-09 11:47:12 | INFO | Fixable        : 0
2026-08-09 11:47:12 | INFO | Exploitable    : 0
2026-08-09 11:47:12 | INFO | Compliance     : 0.0%
2026-08-09 11:47:12 | INFO | Duration       : 0.18 sec
2026-08-09 11:47:12 | INFO | ======================================================================
2026-08-09 11:47:12 | INFO | Gitleaks Parser Completed
2026-08-09 11:47:12 | INFO | ======================================================================
2026-08-09 11:47:12 | INFO | [Gitleaks] Parser completed successfully.
2026-08-09 11:47:12 | INFO | gitleaks completed successfully.
2026-08-09 11:47:12 | INFO | Starting hadolint
2026-08-09 11:47:12 | INFO | [Hadolint] Preparing parser...
2026-08-09 11:47:12 | INFO | ======================================================================
2026-08-09 11:47:12 | INFO | Starting Hadolint Parser
2026-08-09 11:47:12 | INFO | ======================================================================
2026-08-09 11:47:12 | INFO | [Hadolint] Loading report(s)...
2026-08-09 11:47:12 | INFO | Reading report: frontend_20260809_114639.json
2026-08-09 11:47:12 | INFO | Successfully loaded frontend_20260809_114639.json
2026-08-09 11:47:12 | INFO | Reading report: backend_20260809_114639.json
2026-08-09 11:47:12 | INFO | Successfully loaded backend_20260809_114639.json
2026-08-09 11:47:12 | INFO | [Hadolint] Processing frontend_20260809_114639.json...
2026-08-09 11:47:12 | INFO | [Hadolint] Validating report...
2026-08-09 11:47:12 | INFO | [Hadolint] Generating metadata...
2026-08-09 11:47:12 | INFO | Loaded 66 rules for hadolint.
2026-08-09 11:47:12 | INFO | Parsed 1 Hadolint findings enriched with CWEs.
2026-08-09 11:47:12 | INFO | [Hadolint] Calculating statistics...
2026-08-09 11:47:12 | INFO | [Hadolint] Building normalized report...
2026-08-09 11:47:12 | INFO | [Hadolint] Saving report...
2026-08-09 11:47:12 | INFO | Writing report: hadolint_frontend_20260809_114712_normalized.json
2026-08-09 11:47:12 | INFO | Report written successfully: hadolint_frontend_20260809_114712_normalized.json
2026-08-09 11:47:12 | INFO | [Hadolint] Report saved successfully.
2026-08-09 11:47:12 | INFO | [Hadolint] Processing backend_20260809_114639.json...
2026-08-09 11:47:12 | INFO | [Hadolint] Validating report...
2026-08-09 11:47:12 | INFO | [Hadolint] Generating metadata...
2026-08-09 11:47:12 | WARNING | Hadolint report is empty.
2026-08-09 11:47:12 | INFO | [Hadolint] Calculating statistics...
2026-08-09 11:47:12 | INFO | [Hadolint] Building normalized report...
2026-08-09 11:47:12 | INFO | [Hadolint] Saving report...
2026-08-09 11:47:12 | INFO | Writing report: hadolint_backend_20260809_114712_normalized.json
2026-08-09 11:47:12 | INFO | Report written successfully: hadolint_backend_20260809_114712_normalized.json
2026-08-09 11:47:12 | INFO | [Hadolint] Report saved successfully.
2026-08-09 11:47:12 | INFO | [Hadolint] Calculating statistics...
2026-08-09 11:47:12 | INFO | ======================================================================
2026-08-09 11:47:12 | INFO | Hadolint Scan Summary
2026-08-09 11:47:12 | INFO | ----------------------------------------------------------------------
2026-08-09 11:47:12 | INFO | Status         : PASS
2026-08-09 11:47:12 | INFO | Total          : 1
2026-08-09 11:47:12 | INFO | Critical       : 0
2026-08-09 11:47:12 | INFO | High           : 0
2026-08-09 11:47:12 | INFO | Medium         : 0
2026-08-09 11:47:12 | INFO | Low            : 0
2026-08-09 11:47:12 | INFO | Info           : 1
2026-08-09 11:47:12 | INFO | Unknown        : 0
2026-08-09 11:47:12 | INFO | Fixable        : 0
2026-08-09 11:47:12 | INFO | Exploitable    : 0
2026-08-09 11:47:12 | INFO | Compliance     : 100.0%
2026-08-09 11:47:12 | INFO | Duration       : 0.02 sec
2026-08-09 11:47:12 | INFO | ======================================================================
2026-08-09 11:47:12 | INFO | Hadolint Parser Completed
2026-08-09 11:47:12 | INFO | ======================================================================
2026-08-09 11:47:12 | INFO | [Hadolint] Parser completed successfully.
2026-08-09 11:47:12 | INFO | hadolint completed successfully.
2026-08-09 11:47:12 | INFO | Starting trivy
2026-08-09 11:47:12 | INFO | [Trivy] Preparing parser...
2026-08-09 11:47:12 | INFO | ======================================================================
2026-08-09 11:47:12 | INFO | Starting Trivy Parser
2026-08-09 11:47:12 | INFO | ======================================================================
2026-08-09 11:47:12 | INFO | [Trivy] Loading report(s)...
2026-08-09 11:47:12 | INFO | Reading report: backend_20260804_020702.json
2026-08-09 11:47:12 | INFO | Successfully loaded backend_20260804_020702.json
2026-08-09 11:47:12 | INFO | Reading report: frontend_20260804_020702.json
2026-08-09 11:47:12 | INFO | Successfully loaded frontend_20260804_020702.json
2026-08-09 11:47:12 | INFO | [Trivy] Processing backend_20260804_020702.json...
2026-08-09 11:47:12 | INFO | [Trivy] Generating metadata...
2026-08-09 11:47:12 | INFO | Loaded 2 rules for trivy.
2026-08-09 11:47:12 | INFO | Parsed 64 Trivy findings.
2026-08-09 11:47:12 | INFO | [Trivy] Calculating statistics...
2026-08-09 11:47:12 | INFO | [Trivy] Building normalized report...
2026-08-09 11:47:12 | INFO | [Trivy] Saving report...
2026-08-09 11:47:12 | INFO | Writing report: trivy_backend_20260809_114712_normalized.json
2026-08-09 11:47:12 | INFO | Report written successfully: trivy_backend_20260809_114712_normalized.json
2026-08-09 11:47:12 | INFO | [Trivy] Report saved successfully.
2026-08-09 11:47:12 | INFO | [Trivy] Processing frontend_20260804_020702.json...
2026-08-09 11:47:12 | INFO | [Trivy] Generating metadata...
2026-08-09 11:47:12 | INFO | Parsed 0 Trivy findings.
2026-08-09 11:47:12 | INFO | [Trivy] Calculating statistics...
2026-08-09 11:47:12 | INFO | [Trivy] Building normalized report...
2026-08-09 11:47:12 | INFO | [Trivy] Saving report...
2026-08-09 11:47:12 | INFO | Writing report: trivy_frontend_20260809_114712_normalized.json
2026-08-09 11:47:12 | INFO | Report written successfully: trivy_frontend_20260809_114712_normalized.json
2026-08-09 11:47:12 | INFO | [Trivy] Report saved successfully.
2026-08-09 11:47:12 | INFO | [Trivy] Calculating statistics...
2026-08-09 11:47:12 | INFO | ======================================================================
2026-08-09 11:47:12 | INFO | Trivy Scan Summary
2026-08-09 11:47:12 | INFO | ----------------------------------------------------------------------
2026-08-09 11:47:12 | INFO | Status         : PASS
2026-08-09 11:47:12 | INFO | Total          : 64
2026-08-09 11:47:12 | INFO | Critical       : 1
2026-08-09 11:47:12 | INFO | High           : 25
2026-08-09 11:47:12 | INFO | Medium         : 16
2026-08-09 11:47:12 | INFO | Low            : 22
2026-08-09 11:47:12 | INFO | Info           : 0
2026-08-09 11:47:12 | INFO | Unknown        : 0
2026-08-09 11:47:12 | INFO | Fixable        : 64
2026-08-09 11:47:12 | INFO | Exploitable    : 25
2026-08-09 11:47:12 | INFO | Compliance     : 34.38%
2026-08-09 11:47:12 | INFO | Duration       : 0.04 sec
2026-08-09 11:47:12 | INFO | ======================================================================
2026-08-09 11:47:12 | INFO | Trivy Parser Completed
2026-08-09 11:47:12 | INFO | ======================================================================
2026-08-09 11:47:12 | INFO | [Trivy] Parser completed successfully.
2026-08-09 11:47:12 | INFO | trivy completed successfully.
2026-08-09 11:47:12 | INFO | Starting zap
2026-08-09 11:47:12 | INFO | ======================================================================
2026-08-09 11:47:12 | INFO | Starting zap Parser
2026-08-09 11:47:12 | INFO | ======================================================================
2026-08-09 11:47:12 | INFO | [zap] Loading report(s)...
2026-08-09 11:47:12 | INFO | Reading report: zap_20260804_023516.json
2026-08-09 11:47:12 | INFO | Successfully loaded zap_20260804_023516.json
2026-08-09 11:47:12 | INFO | [zap] Processing zap_20260804_023516.json...
2026-08-09 11:47:12 | INFO | [zap] Generating metadata...
2026-08-09 11:47:12 | INFO | Parsed 4 OWASP ZAP findings enriched with CWEs.
2026-08-09 11:47:12 | INFO | [zap] Calculating statistics...
2026-08-09 11:47:12 | INFO | [zap] Building normalized report...
2026-08-09 11:47:12 | INFO | [zap] Saving report...
2026-08-09 11:47:12 | INFO | Writing report: zap_20260809_114712_normalized.json
2026-08-09 11:47:12 | INFO | Report written successfully: zap_20260809_114712_normalized.json
2026-08-09 11:47:12 | INFO | [zap] Report saved successfully.
2026-08-09 11:47:12 | INFO | [zap] Calculating statistics...
2026-08-09 11:47:12 | INFO | ======================================================================
2026-08-09 11:47:12 | INFO | zap Scan Summary
2026-08-09 11:47:12 | INFO | ----------------------------------------------------------------------
2026-08-09 11:47:12 | INFO | Status         : WARN
2026-08-09 11:47:12 | INFO | Total          : 4
2026-08-09 11:47:12 | INFO | Critical       : 0
2026-08-09 11:47:12 | INFO | High           : 0
2026-08-09 11:47:12 | INFO | Medium         : 2
2026-08-09 11:47:12 | INFO | Low            : 1
2026-08-09 11:47:12 | INFO | Info           : 1
2026-08-09 11:47:12 | INFO | Unknown        : 0
2026-08-09 11:47:12 | INFO | Fixable        : 0
2026-08-09 11:47:12 | INFO | Exploitable    : 0
2026-08-09 11:47:12 | INFO | Compliance     : 50.0%
2026-08-09 11:47:12 | INFO | Duration       : 0.01 sec
2026-08-09 11:47:12 | INFO | ======================================================================
2026-08-09 11:47:12 | INFO | zap Parser Completed
2026-08-09 11:47:12 | INFO | ======================================================================
2026-08-09 11:47:12 | INFO | zap completed successfully.
2026-08-09 11:47:12 | INFO | ======================================================================
2026-08-09 11:47:12 | INFO | All parsers completed successfully.
2026-08-09 11:47:12 | INFO | ======================================================================
2026-08-09 11:47:12 | INFO | === STAGE 4: Aggregating Results ===
2026-08-09 11:47:12 | INFO | Starting master report aggregation with Risk Engine...
2026-08-09 11:47:12 | INFO | Risk Engine Computed: Total Risk Score=194, Level=CRITICAL
2026-08-09 11:47:12 | INFO | Master report saved at: compliance/master_reports/master_report.json
2026-08-09 11:47:12 | INFO | Loaded CWE compliance database with 969 entries from security/knowledge/cwe_compliance_db.json
2026-08-09 11:47:12 | INFO | Processing 4-Layer Universal Compliance Engine v2 mappings...
2026-08-09 11:47:12 | INFO | Saved 4-Layer Universal Compliance Matrix v2 with Score: 37.8% to compliance/reports/compliance/compliance_matrix.json
2026-08-09 11:47:12 | INFO | Generated Executive HTML Report at compliance/reports/executive_reports/security_report.html
2026-08-09 11:47:12 | INFO | Generated Executive PDF Report at compliance/reports/executive_reports/security_report.pdf
2026-08-09 11:47:12 | INFO | Evaluating Security Gate policy from policy.yaml...
2026-08-09 11:47:12 | INFO | Database Ingestion Successful (Scan ID: SCAN-20260809061712)
2026-08-09 12:21:49 | INFO | Registered parser: hadolint
2026-08-09 12:21:49 | INFO | Registered parser: trivy
2026-08-09 12:21:49 | INFO | Registered parser: gitleaks
2026-08-09 12:21:49 | INFO | Registered parser: zap
2026-08-09 12:21:49 | INFO | === STAGE 1: Pre-flight Checks ===
2026-08-09 12:21:49 | INFO | Pre-flight Checks Passed.
2026-08-09 12:21:49 | INFO | === STAGE 2: Running Scanners ===
2026-08-09 12:21:49 | INFO | Running Gitleaks scanner (security/secrets/gitleaks.sh)...
2026-08-09 12:23:02 | WARNING | Gitleaks scanner exited with code 1
2026-08-09 12:23:02 | INFO | Running Hadolint scanner (security/container/hadolint.sh)...
2026-08-09 12:23:04 | WARNING | Hadolint scanner exited with code 1
2026-08-09 12:23:04 | INFO | Running Trivy scanner (security/container/trivy.sh)...
2026-08-09 12:23:04 | WARNING | Trivy scanner exited with code 1
2026-08-09 12:23:04 | INFO | Running ZAP scanner (security/dast/zap.sh)...
2026-08-09 12:24:53 | WARNING | ZAP scanner exited with code 1
2026-08-09 12:24:53 | INFO | === STAGE 3: Running Parsers ===
2026-08-09 12:24:53 | INFO | ======================================================================
2026-08-09 12:24:53 | INFO | Running all registered parsers...
2026-08-09 12:24:53 | INFO | ======================================================================
2026-08-09 12:24:53 | INFO | Starting gitleaks
2026-08-09 12:24:53 | INFO | [Gitleaks] Preparing parser...
2026-08-09 12:24:53 | INFO | ======================================================================
2026-08-09 12:24:53 | INFO | Starting Gitleaks Parser
2026-08-09 12:24:53 | INFO | ======================================================================
2026-08-09 12:24:53 | INFO | [Gitleaks] Loading report(s)...
2026-08-09 12:24:53 | INFO | Reading report: gitleaks_20260809_122149.json
2026-08-09 12:24:54 | INFO | Successfully loaded gitleaks_20260809_122149.json
2026-08-09 12:24:54 | INFO | [Gitleaks] Processing gitleaks_20260809_122149.json...
2026-08-09 12:24:54 | INFO | [Gitleaks] Validating report...
2026-08-09 12:24:54 | INFO | [Gitleaks] Generating metadata...
2026-08-09 12:24:54 | INFO | Loaded 8 rules for gitleaks.
2026-08-09 12:24:54 | INFO | Parsed 4 Gitleaks findings enriched with CWEs.
2026-08-09 12:24:54 | INFO | [Gitleaks] Calculating statistics...
2026-08-09 12:24:54 | INFO | [Gitleaks] Building normalized report...
2026-08-09 12:24:54 | INFO | [Gitleaks] Saving report...
2026-08-09 12:24:54 | INFO | Writing report: gitleaks_20260809_122454_normalized.json
2026-08-09 12:24:54 | INFO | Report written successfully: gitleaks_20260809_122454_normalized.json
2026-08-09 12:24:54 | INFO | [Gitleaks] Report saved successfully.
2026-08-09 12:24:54 | INFO | [Gitleaks] Calculating statistics...
2026-08-09 12:24:54 | INFO | ======================================================================
2026-08-09 12:24:54 | INFO | Gitleaks Scan Summary
2026-08-09 12:24:54 | INFO | ----------------------------------------------------------------------
2026-08-09 12:24:54 | INFO | Status         : FAIL
2026-08-09 12:24:54 | INFO | Total          : 4
2026-08-09 12:24:54 | INFO | Critical       : 4
2026-08-09 12:24:54 | INFO | High           : 0
2026-08-09 12:24:54 | INFO | Medium         : 0
2026-08-09 12:24:54 | INFO | Low            : 0
2026-08-09 12:24:54 | INFO | Info           : 0
2026-08-09 12:24:54 | INFO | Unknown        : 0
2026-08-09 12:24:54 | INFO | Fixable        : 0
2026-08-09 12:24:54 | INFO | Exploitable    : 0
2026-08-09 12:24:54 | INFO | Compliance     : 0.0%
2026-08-09 12:24:54 | INFO | Duration       : 0.25 sec
2026-08-09 12:24:54 | INFO | ======================================================================
2026-08-09 12:24:54 | INFO | Gitleaks Parser Completed
2026-08-09 12:24:54 | INFO | ======================================================================
2026-08-09 12:24:54 | INFO | [Gitleaks] Parser completed successfully.
2026-08-09 12:24:54 | INFO | gitleaks completed successfully.
2026-08-09 12:24:54 | INFO | Starting hadolint
2026-08-09 12:24:54 | INFO | [Hadolint] Preparing parser...
2026-08-09 12:24:54 | INFO | ======================================================================
2026-08-09 12:24:54 | INFO | Starting Hadolint Parser
2026-08-09 12:24:54 | INFO | ======================================================================
2026-08-09 12:24:54 | INFO | [Hadolint] Loading report(s)...
2026-08-09 12:24:54 | INFO | Reading report: backend_20260809_122303.json
2026-08-09 12:24:54 | INFO | Successfully loaded backend_20260809_122303.json
2026-08-09 12:24:54 | INFO | Reading report: frontend_20260809_122303.json
2026-08-09 12:24:54 | INFO | Successfully loaded frontend_20260809_122303.json
2026-08-09 12:24:54 | INFO | [Hadolint] Processing backend_20260809_122303.json...
2026-08-09 12:24:54 | INFO | [Hadolint] Validating report...
2026-08-09 12:24:54 | INFO | [Hadolint] Generating metadata...
2026-08-09 12:24:54 | WARNING | Hadolint report is empty.
2026-08-09 12:24:54 | INFO | [Hadolint] Calculating statistics...
2026-08-09 12:24:54 | INFO | [Hadolint] Building normalized report...
2026-08-09 12:24:54 | INFO | [Hadolint] Saving report...
2026-08-09 12:24:54 | INFO | Writing report: hadolint_backend_20260809_122454_normalized.json
2026-08-09 12:24:54 | INFO | Report written successfully: hadolint_backend_20260809_122454_normalized.json
2026-08-09 12:24:54 | INFO | [Hadolint] Report saved successfully.
2026-08-09 12:24:54 | INFO | [Hadolint] Processing frontend_20260809_122303.json...
2026-08-09 12:24:54 | INFO | [Hadolint] Validating report...
2026-08-09 12:24:54 | INFO | [Hadolint] Generating metadata...
2026-08-09 12:24:54 | INFO | Loaded 66 rules for hadolint.
2026-08-09 12:24:54 | INFO | Parsed 1 Hadolint findings enriched with CWEs.
2026-08-09 12:24:54 | INFO | [Hadolint] Calculating statistics...
2026-08-09 12:24:54 | INFO | [Hadolint] Building normalized report...
2026-08-09 12:24:54 | INFO | [Hadolint] Saving report...
2026-08-09 12:24:54 | INFO | Writing report: hadolint_frontend_20260809_122454_normalized.json
2026-08-09 12:24:54 | INFO | Report written successfully: hadolint_frontend_20260809_122454_normalized.json
2026-08-09 12:24:54 | INFO | [Hadolint] Report saved successfully.
2026-08-09 12:24:54 | INFO | [Hadolint] Calculating statistics...
2026-08-09 12:24:54 | INFO | ======================================================================
2026-08-09 12:24:54 | INFO | Hadolint Scan Summary
2026-08-09 12:24:54 | INFO | ----------------------------------------------------------------------
2026-08-09 12:24:54 | INFO | Status         : PASS
2026-08-09 12:24:54 | INFO | Total          : 1
2026-08-09 12:24:54 | INFO | Critical       : 0
2026-08-09 12:24:54 | INFO | High           : 0
2026-08-09 12:24:54 | INFO | Medium         : 0
2026-08-09 12:24:54 | INFO | Low            : 0
2026-08-09 12:24:54 | INFO | Info           : 1
2026-08-09 12:24:54 | INFO | Unknown        : 0
2026-08-09 12:24:54 | INFO | Fixable        : 0
2026-08-09 12:24:54 | INFO | Exploitable    : 0
2026-08-09 12:24:54 | INFO | Compliance     : 100.0%
2026-08-09 12:24:54 | INFO | Duration       : 0.02 sec
2026-08-09 12:24:54 | INFO | ======================================================================
2026-08-09 12:24:54 | INFO | Hadolint Parser Completed
2026-08-09 12:24:54 | INFO | ======================================================================
2026-08-09 12:24:54 | INFO | [Hadolint] Parser completed successfully.
2026-08-09 12:24:54 | INFO | hadolint completed successfully.
2026-08-09 12:24:54 | INFO | Starting trivy
2026-08-09 12:24:54 | INFO | [Trivy] Preparing parser...
2026-08-09 12:24:54 | INFO | ======================================================================
2026-08-09 12:24:54 | INFO | Starting Trivy Parser
2026-08-09 12:24:54 | INFO | ======================================================================
2026-08-09 12:24:54 | INFO | [Trivy] Loading report(s)...
2026-08-09 12:24:54 | WARNING | Trivy report load warning: No raw reports found in compliance/reports/trivy. Using fallback empty report.
2026-08-09 12:24:54 | INFO | [Trivy] Processing backend_fallback.json...
2026-08-09 12:24:54 | INFO | [Trivy] Generating metadata...
2026-08-09 12:24:54 | INFO | Parsed 0 Trivy findings.
2026-08-09 12:24:54 | INFO | [Trivy] Calculating statistics...
2026-08-09 12:24:54 | INFO | [Trivy] Building normalized report...
2026-08-09 12:24:54 | INFO | [Trivy] Saving report...
2026-08-09 12:24:54 | INFO | Writing report: trivy_backend_20260809_122454_normalized.json
2026-08-09 12:24:54 | INFO | Report written successfully: trivy_backend_20260809_122454_normalized.json
2026-08-09 12:24:54 | INFO | [Trivy] Report saved successfully.
2026-08-09 12:24:54 | INFO | [Trivy] Processing frontend_fallback.json...
2026-08-09 12:24:54 | INFO | [Trivy] Generating metadata...
2026-08-09 12:24:54 | INFO | Parsed 0 Trivy findings.
2026-08-09 12:24:54 | INFO | [Trivy] Calculating statistics...
2026-08-09 12:24:54 | INFO | [Trivy] Building normalized report...
2026-08-09 12:24:54 | INFO | [Trivy] Saving report...
2026-08-09 12:24:54 | INFO | Writing report: trivy_frontend_20260809_122454_normalized.json
2026-08-09 12:24:54 | INFO | Report written successfully: trivy_frontend_20260809_122454_normalized.json
2026-08-09 12:24:54 | INFO | [Trivy] Report saved successfully.
2026-08-09 12:24:54 | INFO | [Trivy] Calculating statistics...
2026-08-09 12:24:54 | INFO | ======================================================================
2026-08-09 12:24:54 | INFO | Trivy Scan Summary
2026-08-09 12:24:54 | INFO | ----------------------------------------------------------------------
2026-08-09 12:24:54 | INFO | Status         : PASS
2026-08-09 12:24:54 | INFO | Total          : 0
2026-08-09 12:24:54 | INFO | Critical       : 0
2026-08-09 12:24:54 | INFO | High           : 0
2026-08-09 12:24:54 | INFO | Medium         : 0
2026-08-09 12:24:54 | INFO | Low            : 0
2026-08-09 12:24:54 | INFO | Info           : 0
2026-08-09 12:24:54 | INFO | Unknown        : 0
2026-08-09 12:24:54 | INFO | Fixable        : 0
2026-08-09 12:24:54 | INFO | Exploitable    : 0
2026-08-09 12:24:54 | INFO | Compliance     : 100.0%
2026-08-09 12:24:54 | INFO | Duration       : 0.02 sec
2026-08-09 12:24:54 | INFO | ======================================================================
2026-08-09 12:24:54 | INFO | Trivy Parser Completed
2026-08-09 12:24:54 | INFO | ======================================================================
2026-08-09 12:24:54 | INFO | [Trivy] Parser completed successfully.
2026-08-09 12:24:54 | INFO | trivy completed successfully.
2026-08-09 12:24:54 | INFO | Starting zap
2026-08-09 12:24:54 | INFO | ======================================================================
2026-08-09 12:24:54 | INFO | Starting zap Parser
2026-08-09 12:24:54 | INFO | ======================================================================
2026-08-09 12:24:54 | INFO | [zap] Loading report(s)...
2026-08-09 12:24:54 | INFO | Reading report: zap_20260804_023516.json
2026-08-09 12:24:54 | INFO | Successfully loaded zap_20260804_023516.json
2026-08-09 12:24:54 | INFO | [zap] Processing zap_20260804_023516.json...
2026-08-09 12:24:54 | INFO | [zap] Generating metadata...
2026-08-09 12:24:54 | INFO | Parsed 4 OWASP ZAP findings enriched with CWEs.
2026-08-09 12:24:54 | INFO | [zap] Calculating statistics...
2026-08-09 12:24:54 | INFO | [zap] Building normalized report...
2026-08-09 12:24:54 | INFO | [zap] Saving report...
2026-08-09 12:24:54 | INFO | Writing report: zap_20260809_122454_normalized.json
2026-08-09 12:24:54 | INFO | Report written successfully: zap_20260809_122454_normalized.json
2026-08-09 12:24:54 | INFO | [zap] Report saved successfully.
2026-08-09 12:24:54 | INFO | [zap] Calculating statistics...
2026-08-09 12:24:54 | INFO | ======================================================================
2026-08-09 12:24:54 | INFO | zap Scan Summary
2026-08-09 12:24:54 | INFO | ----------------------------------------------------------------------
2026-08-09 12:24:54 | INFO | Status         : WARN
2026-08-09 12:24:54 | INFO | Total          : 4
2026-08-09 12:24:54 | INFO | Critical       : 0
2026-08-09 12:24:54 | INFO | High           : 0
2026-08-09 12:24:54 | INFO | Medium         : 2
2026-08-09 12:24:54 | INFO | Low            : 1
2026-08-09 12:24:54 | INFO | Info           : 1
2026-08-09 12:24:54 | INFO | Unknown        : 0
2026-08-09 12:24:54 | INFO | Fixable        : 0
2026-08-09 12:24:54 | INFO | Exploitable    : 0
2026-08-09 12:24:54 | INFO | Compliance     : 50.0%
2026-08-09 12:24:54 | INFO | Duration       : 0.01 sec
2026-08-09 12:24:54 | INFO | ======================================================================
2026-08-09 12:24:54 | INFO | zap Parser Completed
2026-08-09 12:24:54 | INFO | ======================================================================
2026-08-09 12:24:54 | INFO | zap completed successfully.
2026-08-09 12:24:54 | INFO | ======================================================================
2026-08-09 12:24:54 | INFO | All parsers completed successfully.
2026-08-09 12:24:54 | INFO | ======================================================================
2026-08-09 12:24:54 | INFO | === STAGE 4: Aggregating Results ===
2026-08-09 12:24:54 | INFO | Starting master report aggregation with Risk Engine...
2026-08-09 12:24:54 | INFO | Risk Engine Computed: Total Risk Score=25, Level=MEDIUM
2026-08-09 12:24:54 | INFO | Master report saved at: compliance/master_reports/master_report.json
2026-08-09 12:24:54 | INFO | Loaded CWE compliance database with 969 entries from security/knowledge/cwe_compliance_db.json
2026-08-09 12:24:54 | INFO | Processing 4-Layer Universal Compliance Engine v2 mappings...
2026-08-09 12:24:54 | INFO | Saved 4-Layer Universal Compliance Matrix v2 with Score: 62.8% to compliance/reports/compliance/compliance_matrix.json
2026-08-09 12:24:54 | INFO | Generated Executive HTML Report at compliance/reports/executive_reports/security_report.html
2026-08-09 12:24:54 | INFO | Generated Executive PDF Report at compliance/reports/executive_reports/security_report.pdf
2026-08-09 12:24:54 | INFO | Evaluating Security Gate policy from policy.yaml...
2026-08-09 12:24:54 | INFO | Database Ingestion Successful (Scan ID: SCAN-20260809065454)
2026-08-09 12:27:12 | INFO | Registered parser: hadolint
2026-08-09 12:27:12 | INFO | Registered parser: trivy
2026-08-09 12:27:12 | INFO | Registered parser: gitleaks
2026-08-09 12:27:12 | INFO | Registered parser: zap
2026-08-09 12:27:12 | INFO | === STAGE 1: Pre-flight Checks ===
2026-08-09 12:27:13 | INFO | Pre-flight Checks Passed.
2026-08-09 12:27:13 | INFO | === STAGE 2: Running Scanners ===
2026-08-09 12:27:13 | INFO | Running Gitleaks scanner (security/secrets/gitleaks.sh)...
2026-08-09 12:28:19 | WARNING | Gitleaks scanner exited with code 1
2026-08-09 12:28:19 | INFO | Running Hadolint scanner (security/container/hadolint.sh)...
2026-08-09 12:28:20 | WARNING | Hadolint scanner exited with code 1
2026-08-09 12:28:20 | INFO | Running Trivy scanner (security/container/trivy.sh)...
2026-08-09 12:29:14 | INFO | Trivy scanner completed successfully.
2026-08-09 12:29:14 | INFO | Running ZAP scanner (security/dast/zap.sh)...
2026-08-09 12:31:03 | INFO | ZAP scanner completed successfully.
2026-08-09 12:31:03 | INFO | === STAGE 3: Running Parsers ===
2026-08-09 12:31:03 | INFO | ======================================================================
2026-08-09 12:31:03 | INFO | Running all registered parsers...
2026-08-09 12:31:03 | INFO | ======================================================================
2026-08-09 12:31:03 | INFO | Starting gitleaks
2026-08-09 12:31:03 | INFO | [Gitleaks] Preparing parser...
2026-08-09 12:31:03 | INFO | ======================================================================
2026-08-09 12:31:03 | INFO | Starting Gitleaks Parser
2026-08-09 12:31:03 | INFO | ======================================================================
2026-08-09 12:31:03 | INFO | [Gitleaks] Loading report(s)...
2026-08-09 12:31:03 | INFO | Reading report: gitleaks_20260809_122713.json
2026-08-09 12:31:03 | INFO | Successfully loaded gitleaks_20260809_122713.json
2026-08-09 12:31:03 | INFO | [Gitleaks] Processing gitleaks_20260809_122713.json...
2026-08-09 12:31:03 | INFO | [Gitleaks] Validating report...
2026-08-09 12:31:03 | INFO | [Gitleaks] Generating metadata...
2026-08-09 12:31:03 | INFO | Loaded 8 rules for gitleaks.
2026-08-09 12:31:03 | INFO | Parsed 4 Gitleaks findings enriched with CWEs.
2026-08-09 12:31:03 | INFO | [Gitleaks] Calculating statistics...
2026-08-09 12:31:03 | INFO | [Gitleaks] Building normalized report...
2026-08-09 12:31:03 | INFO | [Gitleaks] Saving report...
2026-08-09 12:31:03 | INFO | Writing report: gitleaks_20260809_123103_normalized.json
2026-08-09 12:31:03 | INFO | Report written successfully: gitleaks_20260809_123103_normalized.json
2026-08-09 12:31:03 | INFO | [Gitleaks] Report saved successfully.
2026-08-09 12:31:03 | INFO | [Gitleaks] Calculating statistics...
2026-08-09 12:31:03 | INFO | ======================================================================
2026-08-09 12:31:03 | INFO | Gitleaks Scan Summary
2026-08-09 12:31:03 | INFO | ----------------------------------------------------------------------
2026-08-09 12:31:03 | INFO | Status         : FAIL
2026-08-09 12:31:03 | INFO | Total          : 4
2026-08-09 12:31:03 | INFO | Critical       : 4
2026-08-09 12:31:03 | INFO | High           : 0
2026-08-09 12:31:03 | INFO | Medium         : 0
2026-08-09 12:31:03 | INFO | Low            : 0
2026-08-09 12:31:03 | INFO | Info           : 0
2026-08-09 12:31:03 | INFO | Unknown        : 0
2026-08-09 12:31:03 | INFO | Fixable        : 0
2026-08-09 12:31:03 | INFO | Exploitable    : 0
2026-08-09 12:31:03 | INFO | Compliance     : 0.0%
2026-08-09 12:31:03 | INFO | Duration       : 0.23 sec
2026-08-09 12:31:03 | INFO | ======================================================================
2026-08-09 12:31:03 | INFO | Gitleaks Parser Completed
2026-08-09 12:31:03 | INFO | ======================================================================
2026-08-09 12:31:03 | INFO | [Gitleaks] Parser completed successfully.
2026-08-09 12:31:03 | INFO | gitleaks completed successfully.
2026-08-09 12:31:03 | INFO | Starting hadolint
2026-08-09 12:31:03 | INFO | [Hadolint] Preparing parser...
2026-08-09 12:31:03 | INFO | ======================================================================
2026-08-09 12:31:03 | INFO | Starting Hadolint Parser
2026-08-09 12:31:03 | INFO | ======================================================================
2026-08-09 12:31:03 | INFO | [Hadolint] Loading report(s)...
2026-08-09 12:31:03 | INFO | Reading report: frontend_20260809_122819.json
2026-08-09 12:31:03 | INFO | Successfully loaded frontend_20260809_122819.json
2026-08-09 12:31:03 | INFO | Reading report: backend_20260809_122819.json
2026-08-09 12:31:03 | INFO | Successfully loaded backend_20260809_122819.json
2026-08-09 12:31:03 | INFO | [Hadolint] Processing frontend_20260809_122819.json...
2026-08-09 12:31:03 | INFO | [Hadolint] Validating report...
2026-08-09 12:31:03 | INFO | [Hadolint] Generating metadata...
2026-08-09 12:31:03 | INFO | Loaded 66 rules for hadolint.
2026-08-09 12:31:03 | INFO | Parsed 1 Hadolint findings enriched with CWEs.
2026-08-09 12:31:03 | INFO | [Hadolint] Calculating statistics...
2026-08-09 12:31:03 | INFO | [Hadolint] Building normalized report...
2026-08-09 12:31:03 | INFO | [Hadolint] Saving report...
2026-08-09 12:31:03 | INFO | Writing report: hadolint_frontend_20260809_123103_normalized.json
2026-08-09 12:31:03 | INFO | Report written successfully: hadolint_frontend_20260809_123103_normalized.json
2026-08-09 12:31:03 | INFO | [Hadolint] Report saved successfully.
2026-08-09 12:31:03 | INFO | [Hadolint] Processing backend_20260809_122819.json...
2026-08-09 12:31:03 | INFO | [Hadolint] Validating report...
2026-08-09 12:31:03 | INFO | [Hadolint] Generating metadata...
2026-08-09 12:31:03 | WARNING | Hadolint report is empty.
2026-08-09 12:31:03 | INFO | [Hadolint] Calculating statistics...
2026-08-09 12:31:03 | INFO | [Hadolint] Building normalized report...
2026-08-09 12:31:03 | INFO | [Hadolint] Saving report...
2026-08-09 12:31:03 | INFO | Writing report: hadolint_backend_20260809_123103_normalized.json
2026-08-09 12:31:03 | INFO | Report written successfully: hadolint_backend_20260809_123103_normalized.json
2026-08-09 12:31:03 | INFO | [Hadolint] Report saved successfully.
2026-08-09 12:31:03 | INFO | [Hadolint] Calculating statistics...
2026-08-09 12:31:03 | INFO | ======================================================================
2026-08-09 12:31:03 | INFO | Hadolint Scan Summary
2026-08-09 12:31:03 | INFO | ----------------------------------------------------------------------
2026-08-09 12:31:03 | INFO | Status         : PASS
2026-08-09 12:31:03 | INFO | Total          : 1
2026-08-09 12:31:03 | INFO | Critical       : 0
2026-08-09 12:31:03 | INFO | High           : 0
2026-08-09 12:31:03 | INFO | Medium         : 0
2026-08-09 12:31:03 | INFO | Low            : 0
2026-08-09 12:31:03 | INFO | Info           : 1
2026-08-09 12:31:03 | INFO | Unknown        : 0
2026-08-09 12:31:03 | INFO | Fixable        : 0
2026-08-09 12:31:03 | INFO | Exploitable    : 0
2026-08-09 12:31:03 | INFO | Compliance     : 100.0%
2026-08-09 12:31:03 | INFO | Duration       : 0.02 sec
2026-08-09 12:31:03 | INFO | ======================================================================
2026-08-09 12:31:03 | INFO | Hadolint Parser Completed
2026-08-09 12:31:03 | INFO | ======================================================================
2026-08-09 12:31:03 | INFO | [Hadolint] Parser completed successfully.
2026-08-09 12:31:03 | INFO | hadolint completed successfully.
2026-08-09 12:31:03 | INFO | Starting trivy
2026-08-09 12:31:03 | INFO | [Trivy] Preparing parser...
2026-08-09 12:31:03 | INFO | ======================================================================
2026-08-09 12:31:03 | INFO | Starting Trivy Parser
2026-08-09 12:31:03 | INFO | ======================================================================
2026-08-09 12:31:03 | INFO | [Trivy] Loading report(s)...
2026-08-09 12:31:03 | INFO | Reading report: backend_20260809_122820.json
2026-08-09 12:31:03 | INFO | Successfully loaded backend_20260809_122820.json
2026-08-09 12:31:03 | INFO | Reading report: frontend_20260809_122820.json
2026-08-09 12:31:03 | INFO | Successfully loaded frontend_20260809_122820.json
2026-08-09 12:31:03 | INFO | [Trivy] Processing backend_20260809_122820.json...
2026-08-09 12:31:03 | INFO | [Trivy] Generating metadata...
2026-08-09 12:31:03 | INFO | Loaded 2 rules for trivy.
2026-08-09 12:31:03 | INFO | Parsed 65 Trivy findings.
2026-08-09 12:31:03 | INFO | [Trivy] Calculating statistics...
2026-08-09 12:31:03 | INFO | [Trivy] Building normalized report...
2026-08-09 12:31:03 | INFO | [Trivy] Saving report...
2026-08-09 12:31:03 | INFO | Writing report: trivy_backend_20260809_123103_normalized.json
2026-08-09 12:31:03 | INFO | Report written successfully: trivy_backend_20260809_123103_normalized.json
2026-08-09 12:31:03 | INFO | [Trivy] Report saved successfully.
2026-08-09 12:31:03 | INFO | [Trivy] Processing frontend_20260809_122820.json...
2026-08-09 12:31:03 | INFO | [Trivy] Generating metadata...
2026-08-09 12:31:03 | INFO | Parsed 0 Trivy findings.
2026-08-09 12:31:03 | INFO | [Trivy] Calculating statistics...
2026-08-09 12:31:03 | INFO | [Trivy] Building normalized report...
2026-08-09 12:31:03 | INFO | [Trivy] Saving report...
2026-08-09 12:31:03 | INFO | Writing report: trivy_frontend_20260809_123103_normalized.json
2026-08-09 12:31:03 | INFO | Report written successfully: trivy_frontend_20260809_123103_normalized.json
2026-08-09 12:31:03 | INFO | [Trivy] Report saved successfully.
2026-08-09 12:31:03 | INFO | [Trivy] Calculating statistics...
2026-08-09 12:31:03 | INFO | ======================================================================
2026-08-09 12:31:03 | INFO | Trivy Scan Summary
2026-08-09 12:31:03 | INFO | ----------------------------------------------------------------------
2026-08-09 12:31:03 | INFO | Status         : PASS
2026-08-09 12:31:03 | INFO | Total          : 65
2026-08-09 12:31:03 | INFO | Critical       : 1
2026-08-09 12:31:03 | INFO | High           : 26
2026-08-09 12:31:03 | INFO | Medium         : 16
2026-08-09 12:31:03 | INFO | Low            : 22
2026-08-09 12:31:03 | INFO | Info           : 0
2026-08-09 12:31:03 | INFO | Unknown        : 0
2026-08-09 12:31:03 | INFO | Fixable        : 65
2026-08-09 12:31:03 | INFO | Exploitable    : 36
2026-08-09 12:31:03 | INFO | Compliance     : 33.85%
2026-08-09 12:31:03 | INFO | Duration       : 0.04 sec
2026-08-09 12:31:03 | INFO | ======================================================================
2026-08-09 12:31:03 | INFO | Trivy Parser Completed
2026-08-09 12:31:03 | INFO | ======================================================================
2026-08-09 12:31:03 | INFO | [Trivy] Parser completed successfully.
2026-08-09 12:31:03 | INFO | trivy completed successfully.
2026-08-09 12:31:03 | INFO | Starting zap
2026-08-09 12:31:03 | INFO | ======================================================================
2026-08-09 12:31:03 | INFO | Starting zap Parser
2026-08-09 12:31:03 | INFO | ======================================================================
2026-08-09 12:31:03 | INFO | [zap] Loading report(s)...
2026-08-09 12:31:03 | INFO | Reading report: zap_20260809_122914.json
2026-08-09 12:31:03 | INFO | Successfully loaded zap_20260809_122914.json
2026-08-09 12:31:03 | INFO | [zap] Processing zap_20260809_122914.json...
2026-08-09 12:31:03 | INFO | [zap] Generating metadata...
2026-08-09 12:31:03 | INFO | Parsed 0 OWASP ZAP findings enriched with CWEs.
2026-08-09 12:31:03 | INFO | [zap] Calculating statistics...
2026-08-09 12:31:03 | INFO | [zap] Building normalized report...
2026-08-09 12:31:03 | INFO | [zap] Saving report...
2026-08-09 12:31:03 | INFO | Writing report: zap_20260809_123103_normalized.json
2026-08-09 12:31:03 | INFO | Report written successfully: zap_20260809_123103_normalized.json
2026-08-09 12:31:03 | INFO | [zap] Report saved successfully.
2026-08-09 12:31:03 | INFO | [zap] Calculating statistics...
2026-08-09 12:31:03 | INFO | ======================================================================
2026-08-09 12:31:03 | INFO | zap Scan Summary
2026-08-09 12:31:03 | INFO | ----------------------------------------------------------------------
2026-08-09 12:31:03 | INFO | Status         : PASS
2026-08-09 12:31:03 | INFO | Total          : 0
2026-08-09 12:31:03 | INFO | Critical       : 0
2026-08-09 12:31:03 | INFO | High           : 0
2026-08-09 12:31:03 | INFO | Medium         : 0
2026-08-09 12:31:03 | INFO | Low            : 0
2026-08-09 12:31:03 | INFO | Info           : 0
2026-08-09 12:31:03 | INFO | Unknown        : 0
2026-08-09 12:31:03 | INFO | Fixable        : 0
2026-08-09 12:31:03 | INFO | Exploitable    : 0
2026-08-09 12:31:03 | INFO | Compliance     : 100.0%
2026-08-09 12:31:03 | INFO | Duration       : 0.01 sec
2026-08-09 12:31:03 | INFO | ======================================================================
2026-08-09 12:31:03 | INFO | zap Parser Completed
2026-08-09 12:31:03 | INFO | ======================================================================
2026-08-09 12:31:03 | INFO | zap completed successfully.
2026-08-09 12:31:03 | INFO | ======================================================================
2026-08-09 12:31:03 | INFO | All parsers completed successfully.
2026-08-09 12:31:03 | INFO | ======================================================================
2026-08-09 12:31:03 | INFO | === STAGE 4: Aggregating Results ===
2026-08-09 12:31:03 | INFO | Starting master report aggregation with Risk Engine...
2026-08-09 12:31:03 | INFO | Risk Engine Computed: Total Risk Score=194, Level=CRITICAL
2026-08-09 12:31:03 | INFO | Master report saved at: compliance/master_reports/master_report.json
2026-08-09 12:31:03 | INFO | Loaded CWE compliance database with 969 entries from security/knowledge/cwe_compliance_db.json
2026-08-09 12:31:03 | INFO | Processing 4-Layer Universal Compliance Engine v2 mappings...
2026-08-09 12:31:03 | INFO | Saved 4-Layer Universal Compliance Matrix v2 with Score: 43.3% to compliance/reports/compliance/compliance_matrix.json
2026-08-09 12:31:03 | INFO | Generated Executive HTML Report at compliance/reports/executive_reports/security_report.html
2026-08-09 12:31:03 | INFO | Generated Executive PDF Report at compliance/reports/executive_reports/security_report.pdf
2026-08-09 12:31:03 | INFO | Evaluating Security Gate policy from policy.yaml...
2026-08-09 12:31:03 | INFO | Database Ingestion Successful (Scan ID: SCAN-20260809070103)
2026-08-09 13:26:45 | INFO | Registered parser: hadolint
2026-08-09 13:26:45 | INFO | Registered parser: trivy
2026-08-09 13:26:45 | INFO | Registered parser: gitleaks
2026-08-09 13:26:45 | INFO | Registered parser: zap
2026-08-09 13:26:45 | INFO | === STAGE 3: Running Parsers ===
2026-08-09 13:26:45 | INFO | ======================================================================
2026-08-09 13:26:45 | INFO | Running all registered parsers...
2026-08-09 13:26:45 | INFO | ======================================================================
2026-08-09 13:26:45 | INFO | Starting gitleaks
2026-08-09 13:26:45 | INFO | [Gitleaks] Preparing parser...
2026-08-09 13:26:45 | INFO | ======================================================================
2026-08-09 13:26:45 | INFO | Starting Gitleaks Parser
2026-08-09 13:26:45 | INFO | ======================================================================
2026-08-09 13:26:45 | INFO | [Gitleaks] Loading report(s)...
2026-08-09 13:26:45 | INFO | Reading report: gitleaks_20260809_122713.json
2026-08-09 13:26:45 | INFO | Successfully loaded gitleaks_20260809_122713.json
2026-08-09 13:26:45 | INFO | [Gitleaks] Processing gitleaks_20260809_122713.json...
2026-08-09 13:26:45 | INFO | [Gitleaks] Validating report...
2026-08-09 13:26:45 | INFO | [Gitleaks] Generating metadata...
2026-08-09 13:26:45 | INFO | Loaded 8 rules for gitleaks.
2026-08-09 13:26:45 | INFO | Parsed 4 Gitleaks findings enriched with CWEs.
2026-08-09 13:26:45 | INFO | [Gitleaks] Calculating statistics...
2026-08-09 13:26:45 | INFO | [Gitleaks] Building normalized report...
2026-08-09 13:26:45 | INFO | [Gitleaks] Saving report...
2026-08-09 13:26:45 | INFO | Writing report: gitleaks_20260809_132645_normalized.json
2026-08-09 13:26:45 | INFO | Report written successfully: gitleaks_20260809_132645_normalized.json
2026-08-09 13:26:45 | INFO | [Gitleaks] Report saved successfully.
2026-08-09 13:26:45 | INFO | [Gitleaks] Calculating statistics...
2026-08-09 13:26:45 | INFO | ======================================================================
2026-08-09 13:26:45 | INFO | Gitleaks Scan Summary
2026-08-09 13:26:45 | INFO | ----------------------------------------------------------------------
2026-08-09 13:26:45 | INFO | Status         : FAIL
2026-08-09 13:26:45 | INFO | Total          : 4
2026-08-09 13:26:45 | INFO | Critical       : 4
2026-08-09 13:26:45 | INFO | High           : 0
2026-08-09 13:26:45 | INFO | Medium         : 0
2026-08-09 13:26:45 | INFO | Low            : 0
2026-08-09 13:26:45 | INFO | Info           : 0
2026-08-09 13:26:45 | INFO | Unknown        : 0
2026-08-09 13:26:45 | INFO | Fixable        : 0
2026-08-09 13:26:45 | INFO | Exploitable    : 0
2026-08-09 13:26:45 | INFO | Compliance     : 0.0%
2026-08-09 13:26:45 | INFO | Duration       : 0.22 sec
2026-08-09 13:26:45 | INFO | ======================================================================
2026-08-09 13:26:45 | INFO | Gitleaks Parser Completed
2026-08-09 13:26:45 | INFO | ======================================================================
2026-08-09 13:26:45 | INFO | [Gitleaks] Parser completed successfully.
2026-08-09 13:26:45 | INFO | gitleaks completed successfully.
2026-08-09 13:26:45 | INFO | Starting hadolint
2026-08-09 13:26:45 | INFO | [Hadolint] Preparing parser...
2026-08-09 13:26:45 | INFO | ======================================================================
2026-08-09 13:26:45 | INFO | Starting Hadolint Parser
2026-08-09 13:26:45 | INFO | ======================================================================
2026-08-09 13:26:45 | INFO | [Hadolint] Loading report(s)...
2026-08-09 13:26:45 | INFO | Reading report: frontend_20260809_122819.json
2026-08-09 13:26:45 | INFO | Successfully loaded frontend_20260809_122819.json
2026-08-09 13:26:45 | INFO | Reading report: backend_20260809_122819.json
2026-08-09 13:26:45 | INFO | Successfully loaded backend_20260809_122819.json
2026-08-09 13:26:45 | INFO | [Hadolint] Processing frontend_20260809_122819.json...
2026-08-09 13:26:45 | INFO | [Hadolint] Validating report...
2026-08-09 13:26:45 | INFO | [Hadolint] Generating metadata...
2026-08-09 13:26:45 | INFO | Loaded 66 rules for hadolint.
2026-08-09 13:26:45 | INFO | Parsed 1 Hadolint findings enriched with CWEs.
2026-08-09 13:26:45 | INFO | [Hadolint] Calculating statistics...
2026-08-09 13:26:45 | INFO | [Hadolint] Building normalized report...
2026-08-09 13:26:45 | INFO | [Hadolint] Saving report...
2026-08-09 13:26:45 | INFO | Writing report: hadolint_frontend_20260809_132645_normalized.json
2026-08-09 13:26:45 | INFO | Report written successfully: hadolint_frontend_20260809_132645_normalized.json
2026-08-09 13:26:45 | INFO | [Hadolint] Report saved successfully.
2026-08-09 13:26:45 | INFO | [Hadolint] Processing backend_20260809_122819.json...
2026-08-09 13:26:45 | INFO | [Hadolint] Validating report...
2026-08-09 13:26:45 | INFO | [Hadolint] Generating metadata...
2026-08-09 13:26:45 | WARNING | Hadolint report is empty.
2026-08-09 13:26:45 | INFO | [Hadolint] Calculating statistics...
2026-08-09 13:26:45 | INFO | [Hadolint] Building normalized report...
2026-08-09 13:26:45 | INFO | [Hadolint] Saving report...
2026-08-09 13:26:45 | INFO | Writing report: hadolint_backend_20260809_132645_normalized.json
2026-08-09 13:26:45 | INFO | Report written successfully: hadolint_backend_20260809_132645_normalized.json
2026-08-09 13:26:45 | INFO | [Hadolint] Report saved successfully.
2026-08-09 13:26:45 | INFO | [Hadolint] Calculating statistics...
2026-08-09 13:26:45 | INFO | ======================================================================
2026-08-09 13:26:45 | INFO | Hadolint Scan Summary
2026-08-09 13:26:45 | INFO | ----------------------------------------------------------------------
2026-08-09 13:26:45 | INFO | Status         : PASS
2026-08-09 13:26:45 | INFO | Total          : 1
2026-08-09 13:26:45 | INFO | Critical       : 0
2026-08-09 13:26:45 | INFO | High           : 0
2026-08-09 13:26:45 | INFO | Medium         : 0
2026-08-09 13:26:45 | INFO | Low            : 0
2026-08-09 13:26:45 | INFO | Info           : 1
2026-08-09 13:26:45 | INFO | Unknown        : 0
2026-08-09 13:26:45 | INFO | Fixable        : 0
2026-08-09 13:26:45 | INFO | Exploitable    : 0
2026-08-09 13:26:45 | INFO | Compliance     : 100.0%
2026-08-09 13:26:45 | INFO | Duration       : 0.01 sec
2026-08-09 13:26:45 | INFO | ======================================================================
2026-08-09 13:26:45 | INFO | Hadolint Parser Completed
2026-08-09 13:26:45 | INFO | ======================================================================
2026-08-09 13:26:45 | INFO | [Hadolint] Parser completed successfully.
2026-08-09 13:26:45 | INFO | hadolint completed successfully.
2026-08-09 13:26:45 | INFO | Starting trivy
2026-08-09 13:26:45 | INFO | [Trivy] Preparing parser...
2026-08-09 13:26:45 | INFO | ======================================================================
2026-08-09 13:26:45 | INFO | Starting Trivy Parser
2026-08-09 13:26:45 | INFO | ======================================================================
2026-08-09 13:26:45 | INFO | [Trivy] Loading report(s)...
2026-08-09 13:26:45 | INFO | Reading report: backend_20260809_122820.json
2026-08-09 13:26:45 | INFO | Successfully loaded backend_20260809_122820.json
2026-08-09 13:26:45 | INFO | Reading report: frontend_20260809_122820.json
2026-08-09 13:26:45 | INFO | Successfully loaded frontend_20260809_122820.json
2026-08-09 13:26:45 | INFO | [Trivy] Processing backend_20260809_122820.json...
2026-08-09 13:26:45 | INFO | [Trivy] Generating metadata...
2026-08-09 13:26:45 | INFO | Loaded 2 rules for trivy.
2026-08-09 13:26:45 | INFO | Parsed 65 Trivy findings.
2026-08-09 13:26:45 | INFO | [Trivy] Calculating statistics...
2026-08-09 13:26:45 | INFO | [Trivy] Building normalized report...
2026-08-09 13:26:45 | INFO | [Trivy] Saving report...
2026-08-09 13:26:45 | INFO | Writing report: trivy_backend_20260809_132645_normalized.json
2026-08-09 13:26:45 | INFO | Report written successfully: trivy_backend_20260809_132645_normalized.json
2026-08-09 13:26:45 | INFO | [Trivy] Report saved successfully.
2026-08-09 13:26:45 | INFO | [Trivy] Processing frontend_20260809_122820.json...
2026-08-09 13:26:45 | INFO | [Trivy] Generating metadata...
2026-08-09 13:26:45 | INFO | Parsed 0 Trivy findings.
2026-08-09 13:26:45 | INFO | [Trivy] Calculating statistics...
2026-08-09 13:26:45 | INFO | [Trivy] Building normalized report...
2026-08-09 13:26:45 | INFO | [Trivy] Saving report...
2026-08-09 13:26:45 | INFO | Writing report: trivy_frontend_20260809_132645_normalized.json
2026-08-09 13:26:45 | INFO | Report written successfully: trivy_frontend_20260809_132645_normalized.json
2026-08-09 13:26:45 | INFO | [Trivy] Report saved successfully.
2026-08-09 13:26:45 | INFO | [Trivy] Calculating statistics...
2026-08-09 13:26:45 | INFO | ======================================================================
2026-08-09 13:26:45 | INFO | Trivy Scan Summary
2026-08-09 13:26:45 | INFO | ----------------------------------------------------------------------
2026-08-09 13:26:45 | INFO | Status         : PASS
2026-08-09 13:26:45 | INFO | Total          : 65
2026-08-09 13:26:45 | INFO | Critical       : 1
2026-08-09 13:26:45 | INFO | High           : 26
2026-08-09 13:26:45 | INFO | Medium         : 16
2026-08-09 13:26:45 | INFO | Low            : 22
2026-08-09 13:26:45 | INFO | Info           : 0
2026-08-09 13:26:45 | INFO | Unknown        : 0
2026-08-09 13:26:45 | INFO | Fixable        : 65
2026-08-09 13:26:45 | INFO | Exploitable    : 36
2026-08-09 13:26:45 | INFO | Compliance     : 33.85%
2026-08-09 13:26:45 | INFO | Duration       : 0.03 sec
2026-08-09 13:26:45 | INFO | ======================================================================
2026-08-09 13:26:45 | INFO | Trivy Parser Completed
2026-08-09 13:26:45 | INFO | ======================================================================
2026-08-09 13:26:45 | INFO | [Trivy] Parser completed successfully.
2026-08-09 13:26:45 | INFO | trivy completed successfully.
2026-08-09 13:26:45 | INFO | Starting zap
2026-08-09 13:26:45 | INFO | ======================================================================
2026-08-09 13:26:45 | INFO | Starting zap Parser
2026-08-09 13:26:45 | INFO | ======================================================================
2026-08-09 13:26:45 | INFO | [zap] Loading report(s)...
2026-08-09 13:26:45 | INFO | Reading report: zap_20260809_122914.json
2026-08-09 13:26:45 | INFO | Successfully loaded zap_20260809_122914.json
2026-08-09 13:26:45 | INFO | [zap] Processing zap_20260809_122914.json...
2026-08-09 13:26:45 | INFO | [zap] Generating metadata...
2026-08-09 13:26:45 | INFO | Parsed 0 OWASP ZAP findings enriched with CWEs.
2026-08-09 13:26:45 | INFO | [zap] Calculating statistics...
2026-08-09 13:26:45 | INFO | [zap] Building normalized report...
2026-08-09 13:26:45 | INFO | [zap] Saving report...
2026-08-09 13:26:45 | INFO | Writing report: zap_20260809_132645_normalized.json
2026-08-09 13:26:45 | INFO | Report written successfully: zap_20260809_132645_normalized.json
2026-08-09 13:26:45 | INFO | [zap] Report saved successfully.
2026-08-09 13:26:45 | INFO | [zap] Calculating statistics...
2026-08-09 13:26:45 | INFO | ======================================================================
2026-08-09 13:26:45 | INFO | zap Scan Summary
2026-08-09 13:26:45 | INFO | ----------------------------------------------------------------------
2026-08-09 13:26:45 | INFO | Status         : PASS
2026-08-09 13:26:45 | INFO | Total          : 0
2026-08-09 13:26:45 | INFO | Critical       : 0
2026-08-09 13:26:45 | INFO | High           : 0
2026-08-09 13:26:45 | INFO | Medium         : 0
2026-08-09 13:26:45 | INFO | Low            : 0
2026-08-09 13:26:45 | INFO | Info           : 0
2026-08-09 13:26:45 | INFO | Unknown        : 0
2026-08-09 13:26:45 | INFO | Fixable        : 0
2026-08-09 13:26:45 | INFO | Exploitable    : 0
2026-08-09 13:26:45 | INFO | Compliance     : 100.0%
2026-08-09 13:26:45 | INFO | Duration       : 0.01 sec
2026-08-09 13:26:45 | INFO | ======================================================================
2026-08-09 13:26:45 | INFO | zap Parser Completed
2026-08-09 13:26:45 | INFO | ======================================================================
2026-08-09 13:26:45 | INFO | zap completed successfully.
2026-08-09 13:26:45 | INFO | ======================================================================
2026-08-09 13:26:45 | INFO | All parsers completed successfully.
2026-08-09 13:26:45 | INFO | ======================================================================
2026-08-09 13:26:45 | INFO | === STAGE 4: Aggregating Results ===
2026-08-09 13:26:45 | INFO | Starting master report aggregation with Risk Engine...
2026-08-09 13:26:45 | INFO | Risk Engine Computed: Total Risk Score=194, Level=CRITICAL
2026-08-09 13:26:45 | INFO | Master report saved at: compliance/master_reports/master_report.json
2026-08-09 13:26:45 | INFO | Loaded CWE compliance database with 969 entries from security/knowledge/cwe_compliance_db.json
2026-08-09 13:26:45 | INFO | Processing 4-Layer Universal Compliance Engine v2 mappings...
2026-08-09 13:26:45 | INFO | Saved 4-Layer Universal Compliance Matrix v2 with Score: 43.3% to compliance/reports/compliance/compliance_matrix.json
2026-08-09 13:26:45 | INFO | Generated Executive HTML Report at compliance/reports/executive_reports/security_report.html
2026-08-09 13:26:45 | INFO | Generated Executive PDF Report at compliance/reports/executive_reports/security_report.pdf
2026-08-09 13:26:45 | INFO | Evaluating Security Gate policy from policy.yaml...
2026-08-09 13:26:45 | INFO | Database Ingestion Successful (Scan ID: SCAN-20260809075645)
2026-08-09 13:29:26 | INFO | Registered parser: hadolint
2026-08-09 13:29:26 | INFO | Registered parser: trivy
2026-08-09 13:29:26 | INFO | Registered parser: gitleaks
2026-08-09 13:29:26 | INFO | Registered parser: zap
2026-08-09 13:29:26 | INFO | === STAGE 1: Pre-flight Checks ===
2026-08-09 13:29:26 | INFO | Pre-flight Checks Passed.
2026-08-09 13:29:26 | INFO | === STAGE 2: Running Scanners ===
2026-08-09 13:29:26 | INFO | Running Gitleaks scanner (security/secrets/gitleaks.sh)...
2026-08-09 13:30:39 | WARNING | Gitleaks scanner exited with code 1
2026-08-09 13:30:39 | INFO | Running Hadolint scanner (security/container/hadolint.sh)...
2026-08-09 13:30:40 | WARNING | Hadolint scanner exited with code 1
2026-08-09 13:30:40 | INFO | Running Trivy scanner (security/container/trivy.sh)...
2026-08-09 13:30:41 | INFO | Trivy scanner completed successfully.
2026-08-09 13:30:41 | INFO | Running ZAP scanner (security/dast/zap.sh)...
2026-08-09 13:32:10 | INFO | ZAP scanner completed successfully.
2026-08-09 13:32:10 | INFO | === STAGE 3: Running Parsers ===
2026-08-09 13:32:10 | INFO | ======================================================================
2026-08-09 13:32:10 | INFO | Running all registered parsers...
2026-08-09 13:32:10 | INFO | ======================================================================
2026-08-09 13:32:10 | INFO | Starting gitleaks
2026-08-09 13:32:10 | INFO | [Gitleaks] Preparing parser...
2026-08-09 13:32:10 | INFO | ======================================================================
2026-08-09 13:32:10 | INFO | Starting Gitleaks Parser
2026-08-09 13:32:10 | INFO | ======================================================================
2026-08-09 13:32:10 | INFO | [Gitleaks] Loading report(s)...
2026-08-09 13:32:10 | INFO | Reading report: gitleaks_20260809_132927.json
2026-08-09 13:32:10 | INFO | Successfully loaded gitleaks_20260809_132927.json
2026-08-09 13:32:10 | INFO | [Gitleaks] Processing gitleaks_20260809_132927.json...
2026-08-09 13:32:10 | INFO | [Gitleaks] Validating report...
2026-08-09 13:32:10 | INFO | [Gitleaks] Generating metadata...
2026-08-09 13:32:10 | INFO | Loaded 8 rules for gitleaks.
2026-08-09 13:32:10 | INFO | Parsed 4 Gitleaks findings enriched with CWEs.
2026-08-09 13:32:10 | INFO | [Gitleaks] Calculating statistics...
2026-08-09 13:32:10 | INFO | [Gitleaks] Building normalized report...
2026-08-09 13:32:10 | INFO | [Gitleaks] Saving report...
2026-08-09 13:32:10 | INFO | Writing report: gitleaks_20260809_133210_normalized.json
2026-08-09 13:32:10 | INFO | Report written successfully: gitleaks_20260809_133210_normalized.json
2026-08-09 13:32:10 | INFO | [Gitleaks] Report saved successfully.
2026-08-09 13:32:10 | INFO | [Gitleaks] Calculating statistics...
2026-08-09 13:32:10 | INFO | ======================================================================
2026-08-09 13:32:10 | INFO | Gitleaks Scan Summary
2026-08-09 13:32:10 | INFO | ----------------------------------------------------------------------
2026-08-09 13:32:10 | INFO | Status         : FAIL
2026-08-09 13:32:10 | INFO | Total          : 4
2026-08-09 13:32:10 | INFO | Critical       : 4
2026-08-09 13:32:10 | INFO | High           : 0
2026-08-09 13:32:10 | INFO | Medium         : 0
2026-08-09 13:32:10 | INFO | Low            : 0
2026-08-09 13:32:10 | INFO | Info           : 0
2026-08-09 13:32:10 | INFO | Unknown        : 0
2026-08-09 13:32:10 | INFO | Fixable        : 0
2026-08-09 13:32:10 | INFO | Exploitable    : 0
2026-08-09 13:32:10 | INFO | Compliance     : 0.0%
2026-08-09 13:32:10 | INFO | Duration       : 0.14 sec
2026-08-09 13:32:10 | INFO | ======================================================================
2026-08-09 13:32:10 | INFO | Gitleaks Parser Completed
2026-08-09 13:32:10 | INFO | ======================================================================
2026-08-09 13:32:10 | INFO | [Gitleaks] Parser completed successfully.
2026-08-09 13:32:10 | INFO | gitleaks completed successfully.
2026-08-09 13:32:10 | INFO | Starting hadolint
2026-08-09 13:32:10 | INFO | [Hadolint] Preparing parser...
2026-08-09 13:32:10 | INFO | ======================================================================
2026-08-09 13:32:10 | INFO | Starting Hadolint Parser
2026-08-09 13:32:10 | INFO | ======================================================================
2026-08-09 13:32:10 | INFO | [Hadolint] Loading report(s)...
2026-08-09 13:32:10 | INFO | Reading report: frontend_20260809_133039.json
2026-08-09 13:32:10 | INFO | Successfully loaded frontend_20260809_133039.json
2026-08-09 13:32:10 | INFO | Reading report: backend_20260809_133039.json
2026-08-09 13:32:10 | INFO | Successfully loaded backend_20260809_133039.json
2026-08-09 13:32:10 | INFO | [Hadolint] Processing frontend_20260809_133039.json...
2026-08-09 13:32:10 | INFO | [Hadolint] Validating report...
2026-08-09 13:32:10 | INFO | [Hadolint] Generating metadata...
2026-08-09 13:32:10 | INFO | Loaded 66 rules for hadolint.
2026-08-09 13:32:10 | INFO | Parsed 1 Hadolint findings enriched with CWEs.
2026-08-09 13:32:10 | INFO | [Hadolint] Calculating statistics...
2026-08-09 13:32:10 | INFO | [Hadolint] Building normalized report...
2026-08-09 13:32:10 | INFO | [Hadolint] Saving report...
2026-08-09 13:32:10 | INFO | Writing report: hadolint_frontend_20260809_133210_normalized.json
2026-08-09 13:32:10 | INFO | Report written successfully: hadolint_frontend_20260809_133210_normalized.json
2026-08-09 13:32:10 | INFO | [Hadolint] Report saved successfully.
2026-08-09 13:32:10 | INFO | [Hadolint] Processing backend_20260809_133039.json...
2026-08-09 13:32:10 | INFO | [Hadolint] Validating report...
2026-08-09 13:32:10 | INFO | [Hadolint] Generating metadata...
2026-08-09 13:32:10 | WARNING | Hadolint report is empty.
2026-08-09 13:32:10 | INFO | [Hadolint] Calculating statistics...
2026-08-09 13:32:10 | INFO | [Hadolint] Building normalized report...
2026-08-09 13:32:10 | INFO | [Hadolint] Saving report...
2026-08-09 13:32:10 | INFO | Writing report: hadolint_backend_20260809_133210_normalized.json
2026-08-09 13:32:10 | INFO | Report written successfully: hadolint_backend_20260809_133210_normalized.json
2026-08-09 13:32:10 | INFO | [Hadolint] Report saved successfully.
2026-08-09 13:32:10 | INFO | [Hadolint] Calculating statistics...
2026-08-09 13:32:10 | INFO | ======================================================================
2026-08-09 13:32:10 | INFO | Hadolint Scan Summary
2026-08-09 13:32:10 | INFO | ----------------------------------------------------------------------
2026-08-09 13:32:10 | INFO | Status         : PASS
2026-08-09 13:32:10 | INFO | Total          : 1
2026-08-09 13:32:10 | INFO | Critical       : 0
2026-08-09 13:32:10 | INFO | High           : 0
2026-08-09 13:32:10 | INFO | Medium         : 0
2026-08-09 13:32:10 | INFO | Low            : 0
2026-08-09 13:32:10 | INFO | Info           : 1
2026-08-09 13:32:10 | INFO | Unknown        : 0
2026-08-09 13:32:10 | INFO | Fixable        : 0
2026-08-09 13:32:10 | INFO | Exploitable    : 0
2026-08-09 13:32:10 | INFO | Compliance     : 100.0%
2026-08-09 13:32:10 | INFO | Duration       : 0.01 sec
2026-08-09 13:32:10 | INFO | ======================================================================
2026-08-09 13:32:10 | INFO | Hadolint Parser Completed
2026-08-09 13:32:10 | INFO | ======================================================================
2026-08-09 13:32:10 | INFO | [Hadolint] Parser completed successfully.
2026-08-09 13:32:10 | INFO | hadolint completed successfully.
2026-08-09 13:32:10 | INFO | Starting trivy
2026-08-09 13:32:10 | INFO | [Trivy] Preparing parser...
2026-08-09 13:32:10 | INFO | ======================================================================
2026-08-09 13:32:10 | INFO | Starting Trivy Parser
2026-08-09 13:32:10 | INFO | ======================================================================
2026-08-09 13:32:10 | INFO | [Trivy] Loading report(s)...
2026-08-09 13:32:10 | INFO | Reading report: backend_20260809_133040.json
2026-08-09 13:32:10 | INFO | Successfully loaded backend_20260809_133040.json
2026-08-09 13:32:10 | INFO | Reading report: frontend_20260809_133040.json
2026-08-09 13:32:10 | INFO | Successfully loaded frontend_20260809_133040.json
2026-08-09 13:32:10 | INFO | [Trivy] Processing backend_20260809_133040.json...
2026-08-09 13:32:10 | INFO | [Trivy] Generating metadata...
2026-08-09 13:32:10 | INFO | Loaded 2 rules for trivy.
2026-08-09 13:32:10 | INFO | Parsed 65 Trivy findings.
2026-08-09 13:32:10 | INFO | [Trivy] Calculating statistics...
2026-08-09 13:32:10 | INFO | [Trivy] Building normalized report...
2026-08-09 13:32:10 | INFO | [Trivy] Saving report...
2026-08-09 13:32:10 | INFO | Writing report: trivy_backend_20260809_133210_normalized.json
2026-08-09 13:32:10 | INFO | Report written successfully: trivy_backend_20260809_133210_normalized.json
2026-08-09 13:32:10 | INFO | [Trivy] Report saved successfully.
2026-08-09 13:32:10 | INFO | [Trivy] Processing frontend_20260809_133040.json...
2026-08-09 13:32:10 | INFO | [Trivy] Generating metadata...
2026-08-09 13:32:10 | INFO | Parsed 0 Trivy findings.
2026-08-09 13:32:10 | INFO | [Trivy] Calculating statistics...
2026-08-09 13:32:10 | INFO | [Trivy] Building normalized report...
2026-08-09 13:32:10 | INFO | [Trivy] Saving report...
2026-08-09 13:32:10 | INFO | Writing report: trivy_frontend_20260809_133210_normalized.json
2026-08-09 13:32:10 | INFO | Report written successfully: trivy_frontend_20260809_133210_normalized.json
2026-08-09 13:32:10 | INFO | [Trivy] Report saved successfully.
2026-08-09 13:32:10 | INFO | [Trivy] Calculating statistics...
2026-08-09 13:32:10 | INFO | ======================================================================
2026-08-09 13:32:10 | INFO | Trivy Scan Summary
2026-08-09 13:32:10 | INFO | ----------------------------------------------------------------------
2026-08-09 13:32:10 | INFO | Status         : PASS
2026-08-09 13:32:10 | INFO | Total          : 65
2026-08-09 13:32:10 | INFO | Critical       : 1
2026-08-09 13:32:10 | INFO | High           : 26
2026-08-09 13:32:10 | INFO | Medium         : 16
2026-08-09 13:32:10 | INFO | Low            : 22
2026-08-09 13:32:10 | INFO | Info           : 0
2026-08-09 13:32:10 | INFO | Unknown        : 0
2026-08-09 13:32:10 | INFO | Fixable        : 65
2026-08-09 13:32:10 | INFO | Exploitable    : 36
2026-08-09 13:32:10 | INFO | Compliance     : 33.85%
2026-08-09 13:32:10 | INFO | Duration       : 0.02 sec
2026-08-09 13:32:10 | INFO | ======================================================================
2026-08-09 13:32:10 | INFO | Trivy Parser Completed
2026-08-09 13:32:10 | INFO | ======================================================================
2026-08-09 13:32:10 | INFO | [Trivy] Parser completed successfully.
2026-08-09 13:32:10 | INFO | trivy completed successfully.
2026-08-09 13:32:10 | INFO | Starting zap
2026-08-09 13:32:10 | INFO | ======================================================================
2026-08-09 13:32:10 | INFO | Starting zap Parser
2026-08-09 13:32:10 | INFO | ======================================================================
2026-08-09 13:32:10 | INFO | [zap] Loading report(s)...
2026-08-09 13:32:10 | INFO | Reading report: zap_20260809_133041.json
2026-08-09 13:32:10 | INFO | Successfully loaded zap_20260809_133041.json
2026-08-09 13:32:10 | INFO | [zap] Processing zap_20260809_133041.json...
2026-08-09 13:32:10 | INFO | [zap] Generating metadata...
2026-08-09 13:32:10 | INFO | Parsed 0 OWASP ZAP findings enriched with CWEs.
2026-08-09 13:32:10 | INFO | [zap] Calculating statistics...
2026-08-09 13:32:10 | INFO | [zap] Building normalized report...
2026-08-09 13:32:10 | INFO | [zap] Saving report...
2026-08-09 13:32:10 | INFO | Writing report: zap_20260809_133210_normalized.json
2026-08-09 13:32:10 | INFO | Report written successfully: zap_20260809_133210_normalized.json
2026-08-09 13:32:10 | INFO | [zap] Report saved successfully.
2026-08-09 13:32:10 | INFO | [zap] Calculating statistics...
2026-08-09 13:32:10 | INFO | ======================================================================
2026-08-09 13:32:10 | INFO | zap Scan Summary
2026-08-09 13:32:10 | INFO | ----------------------------------------------------------------------
2026-08-09 13:32:10 | INFO | Status         : PASS
2026-08-09 13:32:10 | INFO | Total          : 0
2026-08-09 13:32:10 | INFO | Critical       : 0
2026-08-09 13:32:10 | INFO | High           : 0
2026-08-09 13:32:10 | INFO | Medium         : 0
2026-08-09 13:32:10 | INFO | Low            : 0
2026-08-09 13:32:10 | INFO | Info           : 0
2026-08-09 13:32:10 | INFO | Unknown        : 0
2026-08-09 13:32:10 | INFO | Fixable        : 0
2026-08-09 13:32:10 | INFO | Exploitable    : 0
2026-08-09 13:32:10 | INFO | Compliance     : 100.0%
2026-08-09 13:32:10 | INFO | Duration       : 0.01 sec
2026-08-09 13:32:10 | INFO | ======================================================================
2026-08-09 13:32:10 | INFO | zap Parser Completed
2026-08-09 13:32:10 | INFO | ======================================================================
2026-08-09 13:32:10 | INFO | zap completed successfully.
2026-08-09 13:32:10 | INFO | ======================================================================
2026-08-09 13:32:10 | INFO | All parsers completed successfully.
2026-08-09 13:32:10 | INFO | ======================================================================
2026-08-09 13:32:10 | INFO | === STAGE 4: Aggregating Results ===
2026-08-09 13:32:10 | INFO | Starting master report aggregation with Risk Engine...
2026-08-09 13:32:10 | INFO | Risk Engine Computed: Total Risk Score=194, Level=CRITICAL
2026-08-09 13:32:10 | INFO | Master report saved at: compliance/master_reports/master_report.json
2026-08-09 13:32:10 | INFO | Loaded CWE compliance database with 969 entries from security/knowledge/cwe_compliance_db.json
2026-08-09 13:32:10 | INFO | Processing 4-Layer Universal Compliance Engine v2 mappings...
2026-08-09 13:32:10 | INFO | Saved 4-Layer Universal Compliance Matrix v2 with Score: 43.3% to compliance/reports/compliance/compliance_matrix.json
2026-08-09 13:32:10 | INFO | Generated Executive HTML Report at compliance/reports/executive_reports/security_report.html
2026-08-09 13:32:10 | INFO | Generated Executive PDF Report at compliance/reports/executive_reports/security_report.pdf
2026-08-09 13:32:10 | INFO | Evaluating Security Gate policy from policy.yaml...
2026-08-09 13:32:10 | INFO | Database Ingestion Successful (Scan ID: SCAN-20260809080210)
2026-08-09 14:53:28 | INFO | Registered parser: hadolint
2026-08-09 14:53:28 | INFO | Registered parser: trivy
2026-08-09 14:53:28 | INFO | Registered parser: gitleaks
2026-08-09 14:53:28 | INFO | Registered parser: zap
2026-08-09 14:53:28 | INFO | === STAGE 3: Running Parsers ===
2026-08-09 14:53:28 | INFO | ======================================================================
2026-08-09 14:53:28 | INFO | Running all registered parsers...
2026-08-09 14:53:28 | INFO | ======================================================================
2026-08-09 14:53:28 | INFO | Starting gitleaks
2026-08-09 14:53:28 | INFO | [Gitleaks] Preparing parser...
2026-08-09 14:53:28 | INFO | ======================================================================
2026-08-09 14:53:28 | INFO | Starting Gitleaks Parser
2026-08-09 14:53:28 | INFO | ======================================================================
2026-08-09 14:53:28 | INFO | [Gitleaks] Loading report(s)...
2026-08-09 14:53:28 | INFO | Reading report: gitleaks_20260809_132927.json
2026-08-09 14:53:28 | INFO | Successfully loaded gitleaks_20260809_132927.json
2026-08-09 14:53:28 | INFO | [Gitleaks] Processing gitleaks_20260809_132927.json...
2026-08-09 14:53:28 | INFO | [Gitleaks] Validating report...
2026-08-09 14:53:28 | INFO | [Gitleaks] Generating metadata...
2026-08-09 14:53:28 | INFO | Loaded 8 rules for gitleaks.
2026-08-09 14:53:28 | INFO | Parsed 4 Gitleaks findings enriched with CWEs.
2026-08-09 14:53:28 | INFO | [Gitleaks] Calculating statistics...
2026-08-09 14:53:28 | INFO | [Gitleaks] Building normalized report...
2026-08-09 14:53:28 | INFO | [Gitleaks] Saving report...
2026-08-09 14:53:28 | INFO | Writing report: gitleaks_20260809_145328_normalized.json
2026-08-09 14:53:28 | INFO | Report written successfully: gitleaks_20260809_145328_normalized.json
2026-08-09 14:53:28 | INFO | [Gitleaks] Report saved successfully.
2026-08-09 14:53:28 | INFO | [Gitleaks] Calculating statistics...
2026-08-09 14:53:28 | INFO | ======================================================================
2026-08-09 14:53:28 | INFO | Gitleaks Scan Summary
2026-08-09 14:53:28 | INFO | ----------------------------------------------------------------------
2026-08-09 14:53:28 | INFO | Status         : FAIL
2026-08-09 14:53:28 | INFO | Total          : 4
2026-08-09 14:53:28 | INFO | Critical       : 4
2026-08-09 14:53:28 | INFO | High           : 0
2026-08-09 14:53:28 | INFO | Medium         : 0
2026-08-09 14:53:28 | INFO | Low            : 0
2026-08-09 14:53:28 | INFO | Info           : 0
2026-08-09 14:53:28 | INFO | Unknown        : 0
2026-08-09 14:53:28 | INFO | Fixable        : 0
2026-08-09 14:53:28 | INFO | Exploitable    : 0
2026-08-09 14:53:28 | INFO | Compliance     : 0.0%
2026-08-09 14:53:28 | INFO | Duration       : 0.14 sec
2026-08-09 14:53:28 | INFO | ======================================================================
2026-08-09 14:53:28 | INFO | Gitleaks Parser Completed
2026-08-09 14:53:28 | INFO | ======================================================================
2026-08-09 14:53:28 | INFO | [Gitleaks] Parser completed successfully.
2026-08-09 14:53:28 | INFO | gitleaks completed successfully.
2026-08-09 14:53:28 | INFO | Starting hadolint
2026-08-09 14:53:28 | INFO | [Hadolint] Preparing parser...
2026-08-09 14:53:28 | INFO | ======================================================================
2026-08-09 14:53:28 | INFO | Starting Hadolint Parser
2026-08-09 14:53:28 | INFO | ======================================================================
2026-08-09 14:53:28 | INFO | [Hadolint] Loading report(s)...
2026-08-09 14:53:28 | INFO | Reading report: frontend_20260809_133039.json
2026-08-09 14:53:28 | INFO | Successfully loaded frontend_20260809_133039.json
2026-08-09 14:53:28 | INFO | Reading report: backend_20260809_133039.json
2026-08-09 14:53:28 | INFO | Successfully loaded backend_20260809_133039.json
2026-08-09 14:53:28 | INFO | [Hadolint] Processing frontend_20260809_133039.json...
2026-08-09 14:53:28 | INFO | [Hadolint] Validating report...
2026-08-09 14:53:28 | INFO | [Hadolint] Generating metadata...
2026-08-09 14:53:28 | INFO | Loaded 66 rules for hadolint.
2026-08-09 14:53:28 | INFO | Parsed 1 Hadolint findings enriched with CWEs.
2026-08-09 14:53:28 | INFO | [Hadolint] Calculating statistics...
2026-08-09 14:53:28 | INFO | [Hadolint] Building normalized report...
2026-08-09 14:53:28 | INFO | [Hadolint] Saving report...
2026-08-09 14:53:28 | INFO | Writing report: hadolint_frontend_20260809_145328_normalized.json
2026-08-09 14:53:28 | INFO | Report written successfully: hadolint_frontend_20260809_145328_normalized.json
2026-08-09 14:53:28 | INFO | [Hadolint] Report saved successfully.
2026-08-09 14:53:28 | INFO | [Hadolint] Processing backend_20260809_133039.json...
2026-08-09 14:53:28 | INFO | [Hadolint] Validating report...
2026-08-09 14:53:28 | INFO | [Hadolint] Generating metadata...
2026-08-09 14:53:28 | WARNING | Hadolint report is empty.
2026-08-09 14:53:28 | INFO | [Hadolint] Calculating statistics...
2026-08-09 14:53:28 | INFO | [Hadolint] Building normalized report...
2026-08-09 14:53:28 | INFO | [Hadolint] Saving report...
2026-08-09 14:53:28 | INFO | Writing report: hadolint_backend_20260809_145328_normalized.json
2026-08-09 14:53:28 | INFO | Report written successfully: hadolint_backend_20260809_145328_normalized.json
2026-08-09 14:53:28 | INFO | [Hadolint] Report saved successfully.
2026-08-09 14:53:28 | INFO | [Hadolint] Calculating statistics...
2026-08-09 14:53:28 | INFO | ======================================================================
2026-08-09 14:53:28 | INFO | Hadolint Scan Summary
2026-08-09 14:53:28 | INFO | ----------------------------------------------------------------------
2026-08-09 14:53:28 | INFO | Status         : PASS
2026-08-09 14:53:28 | INFO | Total          : 1
2026-08-09 14:53:28 | INFO | Critical       : 0
2026-08-09 14:53:28 | INFO | High           : 0
2026-08-09 14:53:28 | INFO | Medium         : 0
2026-08-09 14:53:28 | INFO | Low            : 0
2026-08-09 14:53:28 | INFO | Info           : 1
2026-08-09 14:53:28 | INFO | Unknown        : 0
2026-08-09 14:53:28 | INFO | Fixable        : 0
2026-08-09 14:53:28 | INFO | Exploitable    : 0
2026-08-09 14:53:28 | INFO | Compliance     : 100.0%
2026-08-09 14:53:28 | INFO | Duration       : 0.01 sec
2026-08-09 14:53:28 | INFO | ======================================================================
2026-08-09 14:53:28 | INFO | Hadolint Parser Completed
2026-08-09 14:53:28 | INFO | ======================================================================
2026-08-09 14:53:28 | INFO | [Hadolint] Parser completed successfully.
2026-08-09 14:53:28 | INFO | hadolint completed successfully.
2026-08-09 14:53:28 | INFO | Starting trivy
2026-08-09 14:53:28 | INFO | [Trivy] Preparing parser...
2026-08-09 14:53:28 | INFO | ======================================================================
2026-08-09 14:53:28 | INFO | Starting Trivy Parser
2026-08-09 14:53:28 | INFO | ======================================================================
2026-08-09 14:53:28 | INFO | [Trivy] Loading report(s)...
2026-08-09 14:53:28 | INFO | Reading report: backend_20260809_133040.json
2026-08-09 14:53:28 | INFO | Successfully loaded backend_20260809_133040.json
2026-08-09 14:53:28 | INFO | Reading report: frontend_20260809_133040.json
2026-08-09 14:53:28 | INFO | Successfully loaded frontend_20260809_133040.json
2026-08-09 14:53:28 | INFO | [Trivy] Processing backend_20260809_133040.json...
2026-08-09 14:53:28 | INFO | [Trivy] Generating metadata...
2026-08-09 14:53:28 | INFO | Loaded 2 rules for trivy.
2026-08-09 14:53:28 | INFO | Parsed 65 Trivy findings.
2026-08-09 14:53:28 | INFO | [Trivy] Calculating statistics...
2026-08-09 14:53:28 | INFO | [Trivy] Building normalized report...
2026-08-09 14:53:28 | INFO | [Trivy] Saving report...
2026-08-09 14:53:28 | INFO | Writing report: trivy_backend_20260809_145328_normalized.json
2026-08-09 14:53:28 | INFO | Report written successfully: trivy_backend_20260809_145328_normalized.json
2026-08-09 14:53:28 | INFO | [Trivy] Report saved successfully.
2026-08-09 14:53:28 | INFO | [Trivy] Processing frontend_20260809_133040.json...
2026-08-09 14:53:28 | INFO | [Trivy] Generating metadata...
2026-08-09 14:53:28 | INFO | Parsed 0 Trivy findings.
2026-08-09 14:53:28 | INFO | [Trivy] Calculating statistics...
2026-08-09 14:53:28 | INFO | [Trivy] Building normalized report...
2026-08-09 14:53:28 | INFO | [Trivy] Saving report...
2026-08-09 14:53:28 | INFO | Writing report: trivy_frontend_20260809_145328_normalized.json
2026-08-09 14:53:28 | INFO | Report written successfully: trivy_frontend_20260809_145328_normalized.json
2026-08-09 14:53:28 | INFO | [Trivy] Report saved successfully.
2026-08-09 14:53:28 | INFO | [Trivy] Calculating statistics...
2026-08-09 14:53:28 | INFO | ======================================================================
2026-08-09 14:53:28 | INFO | Trivy Scan Summary
2026-08-09 14:53:28 | INFO | ----------------------------------------------------------------------
2026-08-09 14:53:28 | INFO | Status         : PASS
2026-08-09 14:53:28 | INFO | Total          : 65
2026-08-09 14:53:28 | INFO | Critical       : 1
2026-08-09 14:53:28 | INFO | High           : 26
2026-08-09 14:53:28 | INFO | Medium         : 16
2026-08-09 14:53:28 | INFO | Low            : 22
2026-08-09 14:53:28 | INFO | Info           : 0
2026-08-09 14:53:28 | INFO | Unknown        : 0
2026-08-09 14:53:28 | INFO | Fixable        : 65
2026-08-09 14:53:28 | INFO | Exploitable    : 36
2026-08-09 14:53:28 | INFO | Compliance     : 33.85%
2026-08-09 14:53:28 | INFO | Duration       : 0.02 sec
2026-08-09 14:53:28 | INFO | ======================================================================
2026-08-09 14:53:28 | INFO | Trivy Parser Completed
2026-08-09 14:53:28 | INFO | ======================================================================
2026-08-09 14:53:28 | INFO | [Trivy] Parser completed successfully.
2026-08-09 14:53:28 | INFO | trivy completed successfully.
2026-08-09 14:53:28 | INFO | Starting zap
2026-08-09 14:53:28 | INFO | ======================================================================
2026-08-09 14:53:28 | INFO | Starting zap Parser
2026-08-09 14:53:28 | INFO | ======================================================================
2026-08-09 14:53:28 | INFO | [zap] Loading report(s)...
2026-08-09 14:53:28 | INFO | Reading report: zap_20260809_133041.json
2026-08-09 14:53:28 | INFO | Successfully loaded zap_20260809_133041.json
2026-08-09 14:53:28 | INFO | [zap] Processing zap_20260809_133041.json...
2026-08-09 14:53:28 | INFO | [zap] Generating metadata...
2026-08-09 14:53:28 | INFO | Parsed 0 OWASP ZAP findings enriched with CWEs.
2026-08-09 14:53:28 | INFO | [zap] Calculating statistics...
2026-08-09 14:53:28 | INFO | [zap] Building normalized report...
2026-08-09 14:53:28 | INFO | [zap] Saving report...
2026-08-09 14:53:28 | INFO | Writing report: zap_20260809_145328_normalized.json
2026-08-09 14:53:28 | INFO | Report written successfully: zap_20260809_145328_normalized.json
2026-08-09 14:53:28 | INFO | [zap] Report saved successfully.
2026-08-09 14:53:28 | INFO | [zap] Calculating statistics...
2026-08-09 14:53:28 | INFO | ======================================================================
2026-08-09 14:53:28 | INFO | zap Scan Summary
2026-08-09 14:53:28 | INFO | ----------------------------------------------------------------------
2026-08-09 14:53:28 | INFO | Status         : PASS
2026-08-09 14:53:28 | INFO | Total          : 0
2026-08-09 14:53:28 | INFO | Critical       : 0
2026-08-09 14:53:28 | INFO | High           : 0
2026-08-09 14:53:28 | INFO | Medium         : 0
2026-08-09 14:53:28 | INFO | Low            : 0
2026-08-09 14:53:28 | INFO | Info           : 0
2026-08-09 14:53:28 | INFO | Unknown        : 0
2026-08-09 14:53:28 | INFO | Fixable        : 0
2026-08-09 14:53:28 | INFO | Exploitable    : 0
2026-08-09 14:53:28 | INFO | Compliance     : 100.0%
2026-08-09 14:53:28 | INFO | Duration       : 0.01 sec
2026-08-09 14:53:28 | INFO | ======================================================================
2026-08-09 14:53:28 | INFO | zap Parser Completed
2026-08-09 14:53:28 | INFO | ======================================================================
2026-08-09 14:53:28 | INFO | zap completed successfully.
2026-08-09 14:53:28 | INFO | ======================================================================
2026-08-09 14:53:28 | INFO | All parsers completed successfully.
2026-08-09 14:53:28 | INFO | ======================================================================
2026-08-09 14:53:28 | INFO | === STAGE 4: Aggregating Results ===
2026-08-09 14:53:28 | INFO | Starting master report aggregation with Risk Engine...
2026-08-09 14:53:28 | INFO | Risk Engine Computed: Total Risk Score=194, Level=CRITICAL
2026-08-09 14:53:28 | INFO | Master report saved at: compliance/master_reports/master_report.json
2026-08-09 14:53:28 | INFO | Loaded CWE compliance database with 969 entries from security/knowledge/cwe_compliance_db.json
2026-08-09 14:53:28 | INFO | Processing 4-Layer Universal Compliance Engine v2 mappings...
2026-08-09 14:53:28 | INFO | Saved 4-Layer Universal Compliance Matrix v2 with Score: 43.3% to compliance/reports/compliance/compliance_matrix.json
2026-08-09 14:53:28 | ERROR | Database Ingestion Error (sqlite): table scans has no column named project_id
2026-08-09 14:53:28 | WARNING | Database Ingestion Warning: table scans has no column named project_id
2026-08-09 14:53:28 | INFO | Generated Executive HTML Report at compliance/reports/executive_reports/security_report.html
2026-08-09 14:53:28 | INFO | Generated Executive PDF Report at compliance/reports/executive_reports/security_report.pdf
2026-08-09 14:53:28 | INFO | Evaluating Security Gate policy from policy.yaml...
2026-08-09 14:53:28 | ERROR | Database Ingestion Error (sqlite): table scans has no column named project_id
2026-08-09 14:53:28 | WARNING | Database Verdict Update Warning: table scans has no column named project_id
2026-08-09 14:54:07 | INFO | Registered parser: hadolint
2026-08-09 14:54:07 | INFO | Registered parser: trivy
2026-08-09 14:54:07 | INFO | Registered parser: gitleaks
2026-08-09 14:54:07 | INFO | Registered parser: zap
2026-08-09 14:54:07 | INFO | === STAGE 3: Running Parsers ===
2026-08-09 14:54:07 | INFO | ======================================================================
2026-08-09 14:54:07 | INFO | Running all registered parsers...
2026-08-09 14:54:07 | INFO | ======================================================================
2026-08-09 14:54:07 | INFO | Starting gitleaks
2026-08-09 14:54:07 | INFO | [Gitleaks] Preparing parser...
2026-08-09 14:54:07 | INFO | ======================================================================
2026-08-09 14:54:07 | INFO | Starting Gitleaks Parser
2026-08-09 14:54:07 | INFO | ======================================================================
2026-08-09 14:54:07 | INFO | [Gitleaks] Loading report(s)...
2026-08-09 14:54:07 | INFO | Reading report: gitleaks_20260809_132927.json
2026-08-09 14:54:07 | INFO | Successfully loaded gitleaks_20260809_132927.json
2026-08-09 14:54:07 | INFO | [Gitleaks] Processing gitleaks_20260809_132927.json...
2026-08-09 14:54:07 | INFO | [Gitleaks] Validating report...
2026-08-09 14:54:07 | INFO | [Gitleaks] Generating metadata...
2026-08-09 14:54:07 | INFO | Loaded 8 rules for gitleaks.
2026-08-09 14:54:07 | INFO | Parsed 4 Gitleaks findings enriched with CWEs.
2026-08-09 14:54:07 | INFO | [Gitleaks] Calculating statistics...
2026-08-09 14:54:07 | INFO | [Gitleaks] Building normalized report...
2026-08-09 14:54:07 | INFO | [Gitleaks] Saving report...
2026-08-09 14:54:07 | INFO | Writing report: gitleaks_20260809_145407_normalized.json
2026-08-09 14:54:07 | INFO | Report written successfully: gitleaks_20260809_145407_normalized.json
2026-08-09 14:54:07 | INFO | [Gitleaks] Report saved successfully.
2026-08-09 14:54:07 | INFO | [Gitleaks] Calculating statistics...
2026-08-09 14:54:07 | INFO | ======================================================================
2026-08-09 14:54:07 | INFO | Gitleaks Scan Summary
2026-08-09 14:54:07 | INFO | ----------------------------------------------------------------------
2026-08-09 14:54:07 | INFO | Status         : FAIL
2026-08-09 14:54:07 | INFO | Total          : 4
2026-08-09 14:54:07 | INFO | Critical       : 4
2026-08-09 14:54:07 | INFO | High           : 0
2026-08-09 14:54:07 | INFO | Medium         : 0
2026-08-09 14:54:07 | INFO | Low            : 0
2026-08-09 14:54:07 | INFO | Info           : 0
2026-08-09 14:54:07 | INFO | Unknown        : 0
2026-08-09 14:54:07 | INFO | Fixable        : 0
2026-08-09 14:54:07 | INFO | Exploitable    : 0
2026-08-09 14:54:07 | INFO | Compliance     : 0.0%
2026-08-09 14:54:07 | INFO | Duration       : 0.13 sec
2026-08-09 14:54:07 | INFO | ======================================================================
2026-08-09 14:54:07 | INFO | Gitleaks Parser Completed
2026-08-09 14:54:07 | INFO | ======================================================================
2026-08-09 14:54:07 | INFO | [Gitleaks] Parser completed successfully.
2026-08-09 14:54:07 | INFO | gitleaks completed successfully.
2026-08-09 14:54:07 | INFO | Starting hadolint
2026-08-09 14:54:07 | INFO | [Hadolint] Preparing parser...
2026-08-09 14:54:07 | INFO | ======================================================================
2026-08-09 14:54:07 | INFO | Starting Hadolint Parser
2026-08-09 14:54:07 | INFO | ======================================================================
2026-08-09 14:54:07 | INFO | [Hadolint] Loading report(s)...
2026-08-09 14:54:07 | INFO | Reading report: frontend_20260809_133039.json
2026-08-09 14:54:07 | INFO | Successfully loaded frontend_20260809_133039.json
2026-08-09 14:54:07 | INFO | Reading report: backend_20260809_133039.json
2026-08-09 14:54:07 | INFO | Successfully loaded backend_20260809_133039.json
2026-08-09 14:54:07 | INFO | [Hadolint] Processing frontend_20260809_133039.json...
2026-08-09 14:54:07 | INFO | [Hadolint] Validating report...
2026-08-09 14:54:07 | INFO | [Hadolint] Generating metadata...
2026-08-09 14:54:07 | INFO | Loaded 66 rules for hadolint.
2026-08-09 14:54:07 | INFO | Parsed 1 Hadolint findings enriched with CWEs.
2026-08-09 14:54:07 | INFO | [Hadolint] Calculating statistics...
2026-08-09 14:54:07 | INFO | [Hadolint] Building normalized report...
2026-08-09 14:54:07 | INFO | [Hadolint] Saving report...
2026-08-09 14:54:07 | INFO | Writing report: hadolint_frontend_20260809_145407_normalized.json
2026-08-09 14:54:07 | INFO | Report written successfully: hadolint_frontend_20260809_145407_normalized.json
2026-08-09 14:54:07 | INFO | [Hadolint] Report saved successfully.
2026-08-09 14:54:07 | INFO | [Hadolint] Processing backend_20260809_133039.json...
2026-08-09 14:54:07 | INFO | [Hadolint] Validating report...
2026-08-09 14:54:07 | INFO | [Hadolint] Generating metadata...
2026-08-09 14:54:07 | WARNING | Hadolint report is empty.
2026-08-09 14:54:07 | INFO | [Hadolint] Calculating statistics...
2026-08-09 14:54:07 | INFO | [Hadolint] Building normalized report...
2026-08-09 14:54:07 | INFO | [Hadolint] Saving report...
2026-08-09 14:54:07 | INFO | Writing report: hadolint_backend_20260809_145407_normalized.json
2026-08-09 14:54:07 | INFO | Report written successfully: hadolint_backend_20260809_145407_normalized.json
2026-08-09 14:54:07 | INFO | [Hadolint] Report saved successfully.
2026-08-09 14:54:07 | INFO | [Hadolint] Calculating statistics...
2026-08-09 14:54:07 | INFO | ======================================================================
2026-08-09 14:54:07 | INFO | Hadolint Scan Summary
2026-08-09 14:54:07 | INFO | ----------------------------------------------------------------------
2026-08-09 14:54:07 | INFO | Status         : PASS
2026-08-09 14:54:07 | INFO | Total          : 1
2026-08-09 14:54:07 | INFO | Critical       : 0
2026-08-09 14:54:07 | INFO | High           : 0
2026-08-09 14:54:07 | INFO | Medium         : 0
2026-08-09 14:54:07 | INFO | Low            : 0
2026-08-09 14:54:07 | INFO | Info           : 1
2026-08-09 14:54:07 | INFO | Unknown        : 0
2026-08-09 14:54:07 | INFO | Fixable        : 0
2026-08-09 14:54:07 | INFO | Exploitable    : 0
2026-08-09 14:54:07 | INFO | Compliance     : 100.0%
2026-08-09 14:54:07 | INFO | Duration       : 0.02 sec
2026-08-09 14:54:07 | INFO | ======================================================================
2026-08-09 14:54:07 | INFO | Hadolint Parser Completed
2026-08-09 14:54:07 | INFO | ======================================================================
2026-08-09 14:54:07 | INFO | [Hadolint] Parser completed successfully.
2026-08-09 14:54:07 | INFO | hadolint completed successfully.
2026-08-09 14:54:07 | INFO | Starting trivy
2026-08-09 14:54:07 | INFO | [Trivy] Preparing parser...
2026-08-09 14:54:07 | INFO | ======================================================================
2026-08-09 14:54:07 | INFO | Starting Trivy Parser
2026-08-09 14:54:07 | INFO | ======================================================================
2026-08-09 14:54:07 | INFO | [Trivy] Loading report(s)...
2026-08-09 14:54:07 | INFO | Reading report: backend_20260809_133040.json
2026-08-09 14:54:07 | INFO | Successfully loaded backend_20260809_133040.json
2026-08-09 14:54:07 | INFO | Reading report: frontend_20260809_133040.json
2026-08-09 14:54:07 | INFO | Successfully loaded frontend_20260809_133040.json
2026-08-09 14:54:07 | INFO | [Trivy] Processing backend_20260809_133040.json...
2026-08-09 14:54:07 | INFO | [Trivy] Generating metadata...
2026-08-09 14:54:07 | INFO | Loaded 2 rules for trivy.
2026-08-09 14:54:07 | INFO | Parsed 65 Trivy findings.
2026-08-09 14:54:07 | INFO | [Trivy] Calculating statistics...
2026-08-09 14:54:07 | INFO | [Trivy] Building normalized report...
2026-08-09 14:54:07 | INFO | [Trivy] Saving report...
2026-08-09 14:54:07 | INFO | Writing report: trivy_backend_20260809_145407_normalized.json
2026-08-09 14:54:07 | INFO | Report written successfully: trivy_backend_20260809_145407_normalized.json
2026-08-09 14:54:07 | INFO | [Trivy] Report saved successfully.
2026-08-09 14:54:07 | INFO | [Trivy] Processing frontend_20260809_133040.json...
2026-08-09 14:54:07 | INFO | [Trivy] Generating metadata...
2026-08-09 14:54:07 | INFO | Parsed 0 Trivy findings.
2026-08-09 14:54:07 | INFO | [Trivy] Calculating statistics...
2026-08-09 14:54:07 | INFO | [Trivy] Building normalized report...
2026-08-09 14:54:07 | INFO | [Trivy] Saving report...
2026-08-09 14:54:07 | INFO | Writing report: trivy_frontend_20260809_145407_normalized.json
2026-08-09 14:54:07 | INFO | Report written successfully: trivy_frontend_20260809_145407_normalized.json
2026-08-09 14:54:07 | INFO | [Trivy] Report saved successfully.
2026-08-09 14:54:07 | INFO | [Trivy] Calculating statistics...
2026-08-09 14:54:07 | INFO | ======================================================================
2026-08-09 14:54:07 | INFO | Trivy Scan Summary
2026-08-09 14:54:07 | INFO | ----------------------------------------------------------------------
2026-08-09 14:54:07 | INFO | Status         : PASS
2026-08-09 14:54:07 | INFO | Total          : 65
2026-08-09 14:54:07 | INFO | Critical       : 1
2026-08-09 14:54:07 | INFO | High           : 26
2026-08-09 14:54:07 | INFO | Medium         : 16
2026-08-09 14:54:07 | INFO | Low            : 22
2026-08-09 14:54:07 | INFO | Info           : 0
2026-08-09 14:54:07 | INFO | Unknown        : 0
2026-08-09 14:54:07 | INFO | Fixable        : 65
2026-08-09 14:54:07 | INFO | Exploitable    : 36
2026-08-09 14:54:07 | INFO | Compliance     : 33.85%
2026-08-09 14:54:07 | INFO | Duration       : 0.03 sec
2026-08-09 14:54:07 | INFO | ======================================================================
2026-08-09 14:54:07 | INFO | Trivy Parser Completed
2026-08-09 14:54:07 | INFO | ======================================================================
2026-08-09 14:54:07 | INFO | [Trivy] Parser completed successfully.
2026-08-09 14:54:07 | INFO | trivy completed successfully.
2026-08-09 14:54:07 | INFO | Starting zap
2026-08-09 14:54:07 | INFO | ======================================================================
2026-08-09 14:54:07 | INFO | Starting zap Parser
2026-08-09 14:54:07 | INFO | ======================================================================
2026-08-09 14:54:07 | INFO | [zap] Loading report(s)...
2026-08-09 14:54:07 | INFO | Reading report: zap_20260809_133041.json
2026-08-09 14:54:07 | INFO | Successfully loaded zap_20260809_133041.json
2026-08-09 14:54:07 | INFO | [zap] Processing zap_20260809_133041.json...
2026-08-09 14:54:07 | INFO | [zap] Generating metadata...
2026-08-09 14:54:07 | INFO | Parsed 0 OWASP ZAP findings enriched with CWEs.
2026-08-09 14:54:07 | INFO | [zap] Calculating statistics...
2026-08-09 14:54:07 | INFO | [zap] Building normalized report...
2026-08-09 14:54:07 | INFO | [zap] Saving report...
2026-08-09 14:54:07 | INFO | Writing report: zap_20260809_145407_normalized.json
2026-08-09 14:54:07 | INFO | Report written successfully: zap_20260809_145407_normalized.json
2026-08-09 14:54:07 | INFO | [zap] Report saved successfully.
2026-08-09 14:54:07 | INFO | [zap] Calculating statistics...
2026-08-09 14:54:07 | INFO | ======================================================================
2026-08-09 14:54:07 | INFO | zap Scan Summary
2026-08-09 14:54:07 | INFO | ----------------------------------------------------------------------
2026-08-09 14:54:07 | INFO | Status         : PASS
2026-08-09 14:54:07 | INFO | Total          : 0
2026-08-09 14:54:07 | INFO | Critical       : 0
2026-08-09 14:54:07 | INFO | High           : 0
2026-08-09 14:54:07 | INFO | Medium         : 0
2026-08-09 14:54:07 | INFO | Low            : 0
2026-08-09 14:54:07 | INFO | Info           : 0
2026-08-09 14:54:07 | INFO | Unknown        : 0
2026-08-09 14:54:07 | INFO | Fixable        : 0
2026-08-09 14:54:07 | INFO | Exploitable    : 0
2026-08-09 14:54:07 | INFO | Compliance     : 100.0%
2026-08-09 14:54:07 | INFO | Duration       : 0.01 sec
2026-08-09 14:54:07 | INFO | ======================================================================
2026-08-09 14:54:07 | INFO | zap Parser Completed
2026-08-09 14:54:07 | INFO | ======================================================================
2026-08-09 14:54:07 | INFO | zap completed successfully.
2026-08-09 14:54:07 | INFO | ======================================================================
2026-08-09 14:54:07 | INFO | All parsers completed successfully.
2026-08-09 14:54:07 | INFO | ======================================================================
2026-08-09 14:54:07 | INFO | === STAGE 4: Aggregating Results ===
2026-08-09 14:54:07 | INFO | Starting master report aggregation with Risk Engine...
2026-08-09 14:54:07 | INFO | Risk Engine Computed: Total Risk Score=194, Level=CRITICAL
2026-08-09 14:54:07 | INFO | Master report saved at: compliance/master_reports/master_report.json
2026-08-09 14:54:07 | INFO | Loaded CWE compliance database with 969 entries from security/knowledge/cwe_compliance_db.json
2026-08-09 14:54:07 | INFO | Processing 4-Layer Universal Compliance Engine v2 mappings...
2026-08-09 14:54:07 | INFO | Saved 4-Layer Universal Compliance Matrix v2 with Score: 43.3% to compliance/reports/compliance/compliance_matrix.json
2026-08-09 14:54:07 | INFO | Database Ingestion Successful [SQLITE] (Scan ID: SCAN-20260809092407)
2026-08-09 14:54:07 | INFO | Generated Executive HTML Report at compliance/reports/executive_reports/security_report.html
2026-08-09 14:54:07 | INFO | Generated Executive PDF Report at compliance/reports/executive_reports/security_report.pdf
2026-08-09 14:54:07 | INFO | Evaluating Security Gate policy from policy.yaml...
2026-08-09 14:56:26 | INFO | Registered parser: hadolint
2026-08-09 14:56:26 | INFO | Registered parser: trivy
2026-08-09 14:56:26 | INFO | Registered parser: gitleaks
2026-08-09 14:56:26 | INFO | Registered parser: zap
2026-08-09 14:56:26 | INFO | === STAGE 3: Running Parsers ===
2026-08-09 14:56:26 | INFO | ======================================================================
2026-08-09 14:56:26 | INFO | Running all registered parsers...
2026-08-09 14:56:26 | INFO | ======================================================================
2026-08-09 14:56:26 | INFO | Starting gitleaks
2026-08-09 14:56:26 | INFO | [Gitleaks] Preparing parser...
2026-08-09 14:56:26 | INFO | ======================================================================
2026-08-09 14:56:26 | INFO | Starting Gitleaks Parser
2026-08-09 14:56:26 | INFO | ======================================================================
2026-08-09 14:56:26 | INFO | [Gitleaks] Loading report(s)...
2026-08-09 14:56:26 | INFO | Reading report: gitleaks_20260809_132927.json
2026-08-09 14:56:26 | INFO | Successfully loaded gitleaks_20260809_132927.json
2026-08-09 14:56:26 | INFO | [Gitleaks] Processing gitleaks_20260809_132927.json...
2026-08-09 14:56:26 | INFO | [Gitleaks] Validating report...
2026-08-09 14:56:26 | INFO | [Gitleaks] Generating metadata...
2026-08-09 14:56:26 | INFO | Loaded 8 rules for gitleaks.
2026-08-09 14:56:26 | INFO | Parsed 4 Gitleaks findings enriched with CWEs.
2026-08-09 14:56:26 | INFO | [Gitleaks] Calculating statistics...
2026-08-09 14:56:26 | INFO | [Gitleaks] Building normalized report...
2026-08-09 14:56:26 | INFO | [Gitleaks] Saving report...
2026-08-09 14:56:26 | INFO | Writing report: gitleaks_20260809_145626_normalized.json
2026-08-09 14:56:26 | INFO | Report written successfully: gitleaks_20260809_145626_normalized.json
2026-08-09 14:56:26 | INFO | [Gitleaks] Report saved successfully.
2026-08-09 14:56:26 | INFO | [Gitleaks] Calculating statistics...
2026-08-09 14:56:26 | INFO | ======================================================================
2026-08-09 14:56:26 | INFO | Gitleaks Scan Summary
2026-08-09 14:56:26 | INFO | ----------------------------------------------------------------------
2026-08-09 14:56:26 | INFO | Status         : FAIL
2026-08-09 14:56:26 | INFO | Total          : 4
2026-08-09 14:56:26 | INFO | Critical       : 4
2026-08-09 14:56:26 | INFO | High           : 0
2026-08-09 14:56:26 | INFO | Medium         : 0
2026-08-09 14:56:26 | INFO | Low            : 0
2026-08-09 14:56:26 | INFO | Info           : 0
2026-08-09 14:56:26 | INFO | Unknown        : 0
2026-08-09 14:56:26 | INFO | Fixable        : 0
2026-08-09 14:56:26 | INFO | Exploitable    : 0
2026-08-09 14:56:26 | INFO | Compliance     : 0.0%
2026-08-09 14:56:26 | INFO | Duration       : 0.14 sec
2026-08-09 14:56:26 | INFO | ======================================================================
2026-08-09 14:56:26 | INFO | Gitleaks Parser Completed
2026-08-09 14:56:26 | INFO | ======================================================================
2026-08-09 14:56:26 | INFO | [Gitleaks] Parser completed successfully.
2026-08-09 14:56:26 | INFO | gitleaks completed successfully.
2026-08-09 14:56:26 | INFO | Starting hadolint
2026-08-09 14:56:26 | INFO | [Hadolint] Preparing parser...
2026-08-09 14:56:26 | INFO | ======================================================================
2026-08-09 14:56:26 | INFO | Starting Hadolint Parser
2026-08-09 14:56:26 | INFO | ======================================================================
2026-08-09 14:56:26 | INFO | [Hadolint] Loading report(s)...
2026-08-09 14:56:26 | INFO | Reading report: frontend_20260809_133039.json
2026-08-09 14:56:26 | INFO | Successfully loaded frontend_20260809_133039.json
2026-08-09 14:56:26 | INFO | Reading report: backend_20260809_133039.json
2026-08-09 14:56:26 | INFO | Successfully loaded backend_20260809_133039.json
2026-08-09 14:56:26 | INFO | [Hadolint] Processing frontend_20260809_133039.json...
2026-08-09 14:56:26 | INFO | [Hadolint] Validating report...
2026-08-09 14:56:26 | INFO | [Hadolint] Generating metadata...
2026-08-09 14:56:26 | INFO | Loaded 66 rules for hadolint.
2026-08-09 14:56:26 | INFO | Parsed 1 Hadolint findings enriched with CWEs.
2026-08-09 14:56:26 | INFO | [Hadolint] Calculating statistics...
2026-08-09 14:56:26 | INFO | [Hadolint] Building normalized report...
2026-08-09 14:56:26 | INFO | [Hadolint] Saving report...
2026-08-09 14:56:26 | INFO | Writing report: hadolint_frontend_20260809_145626_normalized.json
2026-08-09 14:56:26 | INFO | Report written successfully: hadolint_frontend_20260809_145626_normalized.json
2026-08-09 14:56:26 | INFO | [Hadolint] Report saved successfully.
2026-08-09 14:56:26 | INFO | [Hadolint] Processing backend_20260809_133039.json...
2026-08-09 14:56:26 | INFO | [Hadolint] Validating report...
2026-08-09 14:56:26 | INFO | [Hadolint] Generating metadata...
2026-08-09 14:56:26 | WARNING | Hadolint report is empty.
2026-08-09 14:56:26 | INFO | [Hadolint] Calculating statistics...
2026-08-09 14:56:26 | INFO | [Hadolint] Building normalized report...
2026-08-09 14:56:26 | INFO | [Hadolint] Saving report...
2026-08-09 14:56:26 | INFO | Writing report: hadolint_backend_20260809_145626_normalized.json
2026-08-09 14:56:26 | INFO | Report written successfully: hadolint_backend_20260809_145626_normalized.json
2026-08-09 14:56:26 | INFO | [Hadolint] Report saved successfully.
2026-08-09 14:56:26 | INFO | [Hadolint] Calculating statistics...
2026-08-09 14:56:26 | INFO | ======================================================================
2026-08-09 14:56:26 | INFO | Hadolint Scan Summary
2026-08-09 14:56:26 | INFO | ----------------------------------------------------------------------
2026-08-09 14:56:26 | INFO | Status         : PASS
2026-08-09 14:56:26 | INFO | Total          : 1
2026-08-09 14:56:26 | INFO | Critical       : 0
2026-08-09 14:56:26 | INFO | High           : 0
2026-08-09 14:56:26 | INFO | Medium         : 0
2026-08-09 14:56:26 | INFO | Low            : 0
2026-08-09 14:56:26 | INFO | Info           : 1
2026-08-09 14:56:26 | INFO | Unknown        : 0
2026-08-09 14:56:26 | INFO | Fixable        : 0
2026-08-09 14:56:26 | INFO | Exploitable    : 0
2026-08-09 14:56:26 | INFO | Compliance     : 100.0%
2026-08-09 14:56:26 | INFO | Duration       : 0.02 sec
2026-08-09 14:56:26 | INFO | ======================================================================
2026-08-09 14:56:26 | INFO | Hadolint Parser Completed
2026-08-09 14:56:26 | INFO | ======================================================================
2026-08-09 14:56:26 | INFO | [Hadolint] Parser completed successfully.
2026-08-09 14:56:26 | INFO | hadolint completed successfully.
2026-08-09 14:56:26 | INFO | Starting trivy
2026-08-09 14:56:26 | INFO | [Trivy] Preparing parser...
2026-08-09 14:56:26 | INFO | ======================================================================
2026-08-09 14:56:26 | INFO | Starting Trivy Parser
2026-08-09 14:56:26 | INFO | ======================================================================
2026-08-09 14:56:26 | INFO | [Trivy] Loading report(s)...
2026-08-09 14:56:26 | INFO | Reading report: backend_20260809_133040.json
2026-08-09 14:56:26 | INFO | Successfully loaded backend_20260809_133040.json
2026-08-09 14:56:26 | INFO | Reading report: frontend_20260809_133040.json
2026-08-09 14:56:26 | INFO | Successfully loaded frontend_20260809_133040.json
2026-08-09 14:56:26 | INFO | [Trivy] Processing backend_20260809_133040.json...
2026-08-09 14:56:26 | INFO | [Trivy] Generating metadata...
2026-08-09 14:56:26 | INFO | Loaded 2 rules for trivy.
2026-08-09 14:56:26 | INFO | Parsed 65 Trivy findings.
2026-08-09 14:56:26 | INFO | [Trivy] Calculating statistics...
2026-08-09 14:56:26 | INFO | [Trivy] Building normalized report...
2026-08-09 14:56:26 | INFO | [Trivy] Saving report...
2026-08-09 14:56:26 | INFO | Writing report: trivy_backend_20260809_145626_normalized.json
2026-08-09 14:56:26 | INFO | Report written successfully: trivy_backend_20260809_145626_normalized.json
2026-08-09 14:56:26 | INFO | [Trivy] Report saved successfully.
2026-08-09 14:56:26 | INFO | [Trivy] Processing frontend_20260809_133040.json...
2026-08-09 14:56:26 | INFO | [Trivy] Generating metadata...
2026-08-09 14:56:26 | INFO | Parsed 0 Trivy findings.
2026-08-09 14:56:26 | INFO | [Trivy] Calculating statistics...
2026-08-09 14:56:26 | INFO | [Trivy] Building normalized report...
2026-08-09 14:56:26 | INFO | [Trivy] Saving report...
2026-08-09 14:56:26 | INFO | Writing report: trivy_frontend_20260809_145626_normalized.json
2026-08-09 14:56:26 | INFO | Report written successfully: trivy_frontend_20260809_145626_normalized.json
2026-08-09 14:56:26 | INFO | [Trivy] Report saved successfully.
2026-08-09 14:56:26 | INFO | [Trivy] Calculating statistics...
2026-08-09 14:56:26 | INFO | ======================================================================
2026-08-09 14:56:26 | INFO | Trivy Scan Summary
2026-08-09 14:56:26 | INFO | ----------------------------------------------------------------------
2026-08-09 14:56:26 | INFO | Status         : PASS
2026-08-09 14:56:26 | INFO | Total          : 65
2026-08-09 14:56:26 | INFO | Critical       : 1
2026-08-09 14:56:26 | INFO | High           : 26
2026-08-09 14:56:26 | INFO | Medium         : 16
2026-08-09 14:56:26 | INFO | Low            : 22
2026-08-09 14:56:26 | INFO | Info           : 0
2026-08-09 14:56:26 | INFO | Unknown        : 0
2026-08-09 14:56:26 | INFO | Fixable        : 65
2026-08-09 14:56:26 | INFO | Exploitable    : 36
2026-08-09 14:56:26 | INFO | Compliance     : 33.85%
2026-08-09 14:56:26 | INFO | Duration       : 0.03 sec
2026-08-09 14:56:26 | INFO | ======================================================================
2026-08-09 14:56:26 | INFO | Trivy Parser Completed
2026-08-09 14:56:26 | INFO | ======================================================================
2026-08-09 14:56:26 | INFO | [Trivy] Parser completed successfully.
2026-08-09 14:56:26 | INFO | trivy completed successfully.
2026-08-09 14:56:26 | INFO | Starting zap
2026-08-09 14:56:26 | INFO | ======================================================================
2026-08-09 14:56:26 | INFO | Starting zap Parser
2026-08-09 14:56:26 | INFO | ======================================================================
2026-08-09 14:56:26 | INFO | [zap] Loading report(s)...
2026-08-09 14:56:26 | INFO | Reading report: zap_20260809_133041.json
2026-08-09 14:56:26 | INFO | Successfully loaded zap_20260809_133041.json
2026-08-09 14:56:26 | INFO | [zap] Processing zap_20260809_133041.json...
2026-08-09 14:56:26 | INFO | [zap] Generating metadata...
2026-08-09 14:56:26 | INFO | Parsed 0 OWASP ZAP findings enriched with CWEs.
2026-08-09 14:56:26 | INFO | [zap] Calculating statistics...
2026-08-09 14:56:26 | INFO | [zap] Building normalized report...
2026-08-09 14:56:26 | INFO | [zap] Saving report...
2026-08-09 14:56:26 | INFO | Writing report: zap_20260809_145626_normalized.json
2026-08-09 14:56:26 | INFO | Report written successfully: zap_20260809_145626_normalized.json
2026-08-09 14:56:26 | INFO | [zap] Report saved successfully.
2026-08-09 14:56:26 | INFO | [zap] Calculating statistics...
2026-08-09 14:56:26 | INFO | ======================================================================
2026-08-09 14:56:26 | INFO | zap Scan Summary
2026-08-09 14:56:26 | INFO | ----------------------------------------------------------------------
2026-08-09 14:56:26 | INFO | Status         : PASS
2026-08-09 14:56:26 | INFO | Total          : 0
2026-08-09 14:56:26 | INFO | Critical       : 0
2026-08-09 14:56:26 | INFO | High           : 0
2026-08-09 14:56:26 | INFO | Medium         : 0
2026-08-09 14:56:26 | INFO | Low            : 0
2026-08-09 14:56:26 | INFO | Info           : 0
2026-08-09 14:56:26 | INFO | Unknown        : 0
2026-08-09 14:56:26 | INFO | Fixable        : 0
2026-08-09 14:56:26 | INFO | Exploitable    : 0
2026-08-09 14:56:26 | INFO | Compliance     : 100.0%
2026-08-09 14:56:26 | INFO | Duration       : 0.01 sec
2026-08-09 14:56:26 | INFO | ======================================================================
2026-08-09 14:56:26 | INFO | zap Parser Completed
2026-08-09 14:56:26 | INFO | ======================================================================
2026-08-09 14:56:26 | INFO | zap completed successfully.
2026-08-09 14:56:26 | INFO | ======================================================================
2026-08-09 14:56:26 | INFO | All parsers completed successfully.
2026-08-09 14:56:26 | INFO | ======================================================================
2026-08-09 14:56:26 | INFO | === STAGE 4: Aggregating Results ===
2026-08-09 14:56:26 | INFO | Starting master report aggregation with Risk Engine...
2026-08-09 14:56:26 | INFO | Risk Engine Computed: Total Risk Score=194, Level=CRITICAL
2026-08-09 14:56:26 | INFO | Master report saved at: compliance/master_reports/master_report.json
2026-08-09 14:56:26 | INFO | Loaded CWE compliance database with 969 entries from security/knowledge/cwe_compliance_db.json
2026-08-09 14:56:26 | INFO | Processing 4-Layer Universal Compliance Engine v2 mappings...
2026-08-09 14:56:26 | INFO | Saved 4-Layer Universal Compliance Matrix v2 with Score: 43.3% to compliance/reports/compliance/compliance_matrix.json
2026-08-09 14:56:26 | INFO | Database Ingestion Successful [SQLITE] (Scan ID: SCAN-20260809092626)
2026-08-09 14:56:26 | INFO | Generated Executive HTML Report at compliance/reports/executive_reports/security_report.html
2026-08-09 14:56:27 | INFO | Generated Executive PDF Report at compliance/reports/executive_reports/security_report.pdf
2026-08-09 14:56:27 | INFO | Evaluating Security Gate policy from policy.yaml...
2026-08-09 15:00:46 | INFO | Registered parser: hadolint
2026-08-09 15:00:46 | INFO | Registered parser: trivy
2026-08-09 15:00:46 | INFO | Registered parser: gitleaks
2026-08-09 15:00:46 | INFO | Registered parser: zap
2026-08-09 15:00:46 | INFO | === STAGE 3: Running Parsers ===
2026-08-09 15:00:46 | INFO | ======================================================================
2026-08-09 15:00:46 | INFO | Running all registered parsers...
2026-08-09 15:00:46 | INFO | ======================================================================
2026-08-09 15:00:46 | INFO | Starting gitleaks
2026-08-09 15:00:46 | INFO | [Gitleaks] Preparing parser...
2026-08-09 15:00:46 | INFO | ======================================================================
2026-08-09 15:00:46 | INFO | Starting Gitleaks Parser
2026-08-09 15:00:46 | INFO | ======================================================================
2026-08-09 15:00:46 | INFO | [Gitleaks] Loading report(s)...
2026-08-09 15:00:46 | INFO | Reading report: gitleaks_20260809_132927.json
2026-08-09 15:00:46 | INFO | Successfully loaded gitleaks_20260809_132927.json
2026-08-09 15:00:46 | INFO | [Gitleaks] Processing gitleaks_20260809_132927.json...
2026-08-09 15:00:46 | INFO | [Gitleaks] Validating report...
2026-08-09 15:00:46 | INFO | [Gitleaks] Generating metadata...
2026-08-09 15:00:46 | INFO | Loaded 8 rules for gitleaks.
2026-08-09 15:00:46 | INFO | Parsed 4 Gitleaks findings enriched with CWEs.
2026-08-09 15:00:46 | INFO | [Gitleaks] Calculating statistics...
2026-08-09 15:00:46 | INFO | [Gitleaks] Building normalized report...
2026-08-09 15:00:46 | INFO | [Gitleaks] Saving report...
2026-08-09 15:00:46 | INFO | Writing report: gitleaks_20260809_150046_normalized.json
2026-08-09 15:00:46 | INFO | Report written successfully: gitleaks_20260809_150046_normalized.json
2026-08-09 15:00:46 | INFO | [Gitleaks] Report saved successfully.
2026-08-09 15:00:46 | INFO | [Gitleaks] Calculating statistics...
2026-08-09 15:00:46 | INFO | ======================================================================
2026-08-09 15:00:46 | INFO | Gitleaks Scan Summary
2026-08-09 15:00:46 | INFO | ----------------------------------------------------------------------
2026-08-09 15:00:46 | INFO | Status         : FAIL
2026-08-09 15:00:46 | INFO | Total          : 4
2026-08-09 15:00:46 | INFO | Critical       : 4
2026-08-09 15:00:46 | INFO | High           : 0
2026-08-09 15:00:46 | INFO | Medium         : 0
2026-08-09 15:00:46 | INFO | Low            : 0
2026-08-09 15:00:46 | INFO | Info           : 0
2026-08-09 15:00:46 | INFO | Unknown        : 0
2026-08-09 15:00:46 | INFO | Fixable        : 0
2026-08-09 15:00:46 | INFO | Exploitable    : 0
2026-08-09 15:00:46 | INFO | Compliance     : 0.0%
2026-08-09 15:00:46 | INFO | Duration       : 0.14 sec
2026-08-09 15:00:46 | INFO | ======================================================================
2026-08-09 15:00:46 | INFO | Gitleaks Parser Completed
2026-08-09 15:00:46 | INFO | ======================================================================
2026-08-09 15:00:46 | INFO | [Gitleaks] Parser completed successfully.
2026-08-09 15:00:46 | INFO | gitleaks completed successfully.
2026-08-09 15:00:46 | INFO | Starting hadolint
2026-08-09 15:00:46 | INFO | [Hadolint] Preparing parser...
2026-08-09 15:00:46 | INFO | ======================================================================
2026-08-09 15:00:46 | INFO | Starting Hadolint Parser
2026-08-09 15:00:46 | INFO | ======================================================================
2026-08-09 15:00:46 | INFO | [Hadolint] Loading report(s)...
2026-08-09 15:00:46 | INFO | Reading report: frontend_20260809_133039.json
2026-08-09 15:00:46 | INFO | Successfully loaded frontend_20260809_133039.json
2026-08-09 15:00:46 | INFO | Reading report: backend_20260809_133039.json
2026-08-09 15:00:46 | INFO | Successfully loaded backend_20260809_133039.json
2026-08-09 15:00:46 | INFO | [Hadolint] Processing frontend_20260809_133039.json...
2026-08-09 15:00:46 | INFO | [Hadolint] Validating report...
2026-08-09 15:00:46 | INFO | [Hadolint] Generating metadata...
2026-08-09 15:00:46 | INFO | Loaded 66 rules for hadolint.
2026-08-09 15:00:46 | INFO | Parsed 1 Hadolint findings enriched with CWEs.
2026-08-09 15:00:46 | INFO | [Hadolint] Calculating statistics...
2026-08-09 15:00:46 | INFO | [Hadolint] Building normalized report...
2026-08-09 15:00:46 | INFO | [Hadolint] Saving report...
2026-08-09 15:00:46 | INFO | Writing report: hadolint_frontend_20260809_150046_normalized.json
2026-08-09 15:00:46 | INFO | Report written successfully: hadolint_frontend_20260809_150046_normalized.json
2026-08-09 15:00:46 | INFO | [Hadolint] Report saved successfully.
2026-08-09 15:00:46 | INFO | [Hadolint] Processing backend_20260809_133039.json...
2026-08-09 15:00:46 | INFO | [Hadolint] Validating report...
2026-08-09 15:00:46 | INFO | [Hadolint] Generating metadata...
2026-08-09 15:00:46 | WARNING | Hadolint report is empty.
2026-08-09 15:00:46 | INFO | [Hadolint] Calculating statistics...
2026-08-09 15:00:46 | INFO | [Hadolint] Building normalized report...
2026-08-09 15:00:46 | INFO | [Hadolint] Saving report...
2026-08-09 15:00:46 | INFO | Writing report: hadolint_backend_20260809_150046_normalized.json
2026-08-09 15:00:46 | INFO | Report written successfully: hadolint_backend_20260809_150046_normalized.json
2026-08-09 15:00:46 | INFO | [Hadolint] Report saved successfully.
2026-08-09 15:00:46 | INFO | [Hadolint] Calculating statistics...
2026-08-09 15:00:46 | INFO | ======================================================================
2026-08-09 15:00:46 | INFO | Hadolint Scan Summary
2026-08-09 15:00:46 | INFO | ----------------------------------------------------------------------
2026-08-09 15:00:46 | INFO | Status         : PASS
2026-08-09 15:00:46 | INFO | Total          : 1
2026-08-09 15:00:46 | INFO | Critical       : 0
2026-08-09 15:00:46 | INFO | High           : 0
2026-08-09 15:00:46 | INFO | Medium         : 0
2026-08-09 15:00:46 | INFO | Low            : 0
2026-08-09 15:00:46 | INFO | Info           : 1
2026-08-09 15:00:46 | INFO | Unknown        : 0
2026-08-09 15:00:46 | INFO | Fixable        : 0
2026-08-09 15:00:46 | INFO | Exploitable    : 0
2026-08-09 15:00:46 | INFO | Compliance     : 100.0%
2026-08-09 15:00:46 | INFO | Duration       : 0.01 sec
2026-08-09 15:00:46 | INFO | ======================================================================
2026-08-09 15:00:46 | INFO | Hadolint Parser Completed
2026-08-09 15:00:46 | INFO | ======================================================================
2026-08-09 15:00:46 | INFO | [Hadolint] Parser completed successfully.
2026-08-09 15:00:46 | INFO | hadolint completed successfully.
2026-08-09 15:00:46 | INFO | Starting trivy
2026-08-09 15:00:46 | INFO | [Trivy] Preparing parser...
2026-08-09 15:00:46 | INFO | ======================================================================
2026-08-09 15:00:46 | INFO | Starting Trivy Parser
2026-08-09 15:00:46 | INFO | ======================================================================
2026-08-09 15:00:46 | INFO | [Trivy] Loading report(s)...
2026-08-09 15:00:46 | INFO | Reading report: backend_20260809_133040.json
2026-08-09 15:00:46 | INFO | Successfully loaded backend_20260809_133040.json
2026-08-09 15:00:46 | INFO | Reading report: frontend_20260809_133040.json
2026-08-09 15:00:46 | INFO | Successfully loaded frontend_20260809_133040.json
2026-08-09 15:00:46 | INFO | [Trivy] Processing backend_20260809_133040.json...
2026-08-09 15:00:46 | INFO | [Trivy] Generating metadata...
2026-08-09 15:00:46 | INFO | Loaded 2 rules for trivy.
2026-08-09 15:00:46 | INFO | Parsed 65 Trivy findings.
2026-08-09 15:00:46 | INFO | [Trivy] Calculating statistics...
2026-08-09 15:00:46 | INFO | [Trivy] Building normalized report...
2026-08-09 15:00:46 | INFO | [Trivy] Saving report...
2026-08-09 15:00:46 | INFO | Writing report: trivy_backend_20260809_150046_normalized.json
2026-08-09 15:00:46 | INFO | Report written successfully: trivy_backend_20260809_150046_normalized.json
2026-08-09 15:00:46 | INFO | [Trivy] Report saved successfully.
2026-08-09 15:00:46 | INFO | [Trivy] Processing frontend_20260809_133040.json...
2026-08-09 15:00:46 | INFO | [Trivy] Generating metadata...
2026-08-09 15:00:46 | INFO | Parsed 0 Trivy findings.
2026-08-09 15:00:46 | INFO | [Trivy] Calculating statistics...
2026-08-09 15:00:46 | INFO | [Trivy] Building normalized report...
2026-08-09 15:00:46 | INFO | [Trivy] Saving report...
2026-08-09 15:00:46 | INFO | Writing report: trivy_frontend_20260809_150046_normalized.json
2026-08-09 15:00:46 | INFO | Report written successfully: trivy_frontend_20260809_150046_normalized.json
2026-08-09 15:00:46 | INFO | [Trivy] Report saved successfully.
2026-08-09 15:00:46 | INFO | [Trivy] Calculating statistics...
2026-08-09 15:00:46 | INFO | ======================================================================
2026-08-09 15:00:46 | INFO | Trivy Scan Summary
2026-08-09 15:00:46 | INFO | ----------------------------------------------------------------------
2026-08-09 15:00:46 | INFO | Status         : PASS
2026-08-09 15:00:46 | INFO | Total          : 65
2026-08-09 15:00:46 | INFO | Critical       : 1
2026-08-09 15:00:46 | INFO | High           : 26
2026-08-09 15:00:46 | INFO | Medium         : 16
2026-08-09 15:00:46 | INFO | Low            : 22
2026-08-09 15:00:46 | INFO | Info           : 0
2026-08-09 15:00:46 | INFO | Unknown        : 0
2026-08-09 15:00:46 | INFO | Fixable        : 65
2026-08-09 15:00:46 | INFO | Exploitable    : 36
2026-08-09 15:00:46 | INFO | Compliance     : 33.85%
2026-08-09 15:00:46 | INFO | Duration       : 0.02 sec
2026-08-09 15:00:46 | INFO | ======================================================================
2026-08-09 15:00:46 | INFO | Trivy Parser Completed
2026-08-09 15:00:46 | INFO | ======================================================================
2026-08-09 15:00:46 | INFO | [Trivy] Parser completed successfully.
2026-08-09 15:00:46 | INFO | trivy completed successfully.
2026-08-09 15:00:46 | INFO | Starting zap
2026-08-09 15:00:46 | INFO | ======================================================================
2026-08-09 15:00:46 | INFO | Starting zap Parser
2026-08-09 15:00:46 | INFO | ======================================================================
2026-08-09 15:00:46 | INFO | [zap] Loading report(s)...
2026-08-09 15:00:46 | INFO | Reading report: zap_20260809_133041.json
2026-08-09 15:00:46 | INFO | Successfully loaded zap_20260809_133041.json
2026-08-09 15:00:46 | INFO | [zap] Processing zap_20260809_133041.json...
2026-08-09 15:00:46 | INFO | [zap] Generating metadata...
2026-08-09 15:00:46 | INFO | Parsed 0 OWASP ZAP findings enriched with CWEs.
2026-08-09 15:00:46 | INFO | [zap] Calculating statistics...
2026-08-09 15:00:46 | INFO | [zap] Building normalized report...
2026-08-09 15:00:46 | INFO | [zap] Saving report...
2026-08-09 15:00:46 | INFO | Writing report: zap_20260809_150046_normalized.json
2026-08-09 15:00:46 | INFO | Report written successfully: zap_20260809_150046_normalized.json
2026-08-09 15:00:46 | INFO | [zap] Report saved successfully.
2026-08-09 15:00:46 | INFO | [zap] Calculating statistics...
2026-08-09 15:00:46 | INFO | ======================================================================
2026-08-09 15:00:46 | INFO | zap Scan Summary
2026-08-09 15:00:46 | INFO | ----------------------------------------------------------------------
2026-08-09 15:00:46 | INFO | Status         : PASS
2026-08-09 15:00:46 | INFO | Total          : 0
2026-08-09 15:00:46 | INFO | Critical       : 0
2026-08-09 15:00:46 | INFO | High           : 0
2026-08-09 15:00:46 | INFO | Medium         : 0
2026-08-09 15:00:46 | INFO | Low            : 0
2026-08-09 15:00:46 | INFO | Info           : 0
2026-08-09 15:00:46 | INFO | Unknown        : 0
2026-08-09 15:00:46 | INFO | Fixable        : 0
2026-08-09 15:00:46 | INFO | Exploitable    : 0
2026-08-09 15:00:46 | INFO | Compliance     : 100.0%
2026-08-09 15:00:46 | INFO | Duration       : 0.01 sec
2026-08-09 15:00:46 | INFO | ======================================================================
2026-08-09 15:00:46 | INFO | zap Parser Completed
2026-08-09 15:00:46 | INFO | ======================================================================
2026-08-09 15:00:46 | INFO | zap completed successfully.
2026-08-09 15:00:46 | INFO | ======================================================================
2026-08-09 15:00:46 | INFO | All parsers completed successfully.
2026-08-09 15:00:46 | INFO | ======================================================================
2026-08-09 15:00:46 | INFO | === STAGE 4: Aggregating Results ===
2026-08-09 15:00:46 | INFO | Starting master report aggregation with Risk Engine...
2026-08-09 15:00:46 | INFO | Risk Engine Computed: Total Risk Score=194, Level=CRITICAL
2026-08-09 15:00:46 | INFO | Master report saved at: compliance/master_reports/master_report.json
2026-08-09 15:00:46 | INFO | Loaded CWE compliance database with 969 entries from security/knowledge/cwe_compliance_db.json
2026-08-09 15:00:46 | INFO | Processing 4-Layer Universal Compliance Engine v2 mappings...
2026-08-09 15:00:46 | INFO | Saved 4-Layer Universal Compliance Matrix v2 with Score: 43.3% to compliance/reports/compliance/compliance_matrix.json
2026-08-09 15:00:46 | INFO | Database Ingestion Successful [SQLITE] (Scan ID: SCAN-20260809093046)
2026-08-09 15:00:46 | INFO | Generated Executive HTML Report at compliance/reports/executive_reports/security_report.html
2026-08-09 15:00:46 | INFO | Generated Executive PDF Report at compliance/reports/executive_reports/security_report.pdf
2026-08-09 15:00:46 | INFO | Evaluating Security Gate policy from policy.yaml...
2026-08-09 15:12:24 | INFO | Registered parser: hadolint
2026-08-09 15:12:24 | INFO | Registered parser: trivy
2026-08-09 15:12:24 | INFO | Registered parser: gitleaks
2026-08-09 15:12:24 | INFO | Registered parser: zap
2026-08-09 15:12:24 | INFO | === STAGE 3: Running Parsers ===
2026-08-09 15:12:24 | INFO | ======================================================================
2026-08-09 15:12:24 | INFO | Running all registered parsers...
2026-08-09 15:12:24 | INFO | ======================================================================
2026-08-09 15:12:24 | INFO | Starting gitleaks
2026-08-09 15:12:24 | INFO | [Gitleaks] Preparing parser...
2026-08-09 15:12:24 | INFO | ======================================================================
2026-08-09 15:12:24 | INFO | Starting Gitleaks Parser
2026-08-09 15:12:24 | INFO | ======================================================================
2026-08-09 15:12:24 | INFO | [Gitleaks] Loading report(s)...
2026-08-09 15:12:24 | INFO | Reading report: gitleaks_20260809_132927.json
2026-08-09 15:12:24 | INFO | Successfully loaded gitleaks_20260809_132927.json
2026-08-09 15:12:24 | INFO | [Gitleaks] Processing gitleaks_20260809_132927.json...
2026-08-09 15:12:24 | INFO | [Gitleaks] Validating report...
2026-08-09 15:12:24 | INFO | [Gitleaks] Generating metadata...
2026-08-09 15:12:24 | INFO | Loaded 8 rules for gitleaks.
2026-08-09 15:12:24 | INFO | Parsed 4 Gitleaks findings enriched with CWEs.
2026-08-09 15:12:24 | INFO | [Gitleaks] Calculating statistics...
2026-08-09 15:12:24 | INFO | [Gitleaks] Building normalized report...
2026-08-09 15:12:24 | INFO | [Gitleaks] Saving report...
2026-08-09 15:12:24 | INFO | Writing report: gitleaks_20260809_151224_normalized.json
2026-08-09 15:12:24 | INFO | Report written successfully: gitleaks_20260809_151224_normalized.json
2026-08-09 15:12:24 | INFO | [Gitleaks] Report saved successfully.
2026-08-09 15:12:24 | INFO | [Gitleaks] Calculating statistics...
2026-08-09 15:12:24 | INFO | ======================================================================
2026-08-09 15:12:24 | INFO | Gitleaks Scan Summary
2026-08-09 15:12:24 | INFO | ----------------------------------------------------------------------
2026-08-09 15:12:24 | INFO | Status         : FAIL
2026-08-09 15:12:24 | INFO | Total          : 4
2026-08-09 15:12:24 | INFO | Critical       : 4
2026-08-09 15:12:24 | INFO | High           : 0
2026-08-09 15:12:24 | INFO | Medium         : 0
2026-08-09 15:12:24 | INFO | Low            : 0
2026-08-09 15:12:24 | INFO | Info           : 0
2026-08-09 15:12:24 | INFO | Unknown        : 0
2026-08-09 15:12:24 | INFO | Fixable        : 0
2026-08-09 15:12:24 | INFO | Exploitable    : 0
2026-08-09 15:12:24 | INFO | Compliance     : 0.0%
2026-08-09 15:12:24 | INFO | Duration       : 0.13 sec
2026-08-09 15:12:24 | INFO | ======================================================================
2026-08-09 15:12:24 | INFO | Gitleaks Parser Completed
2026-08-09 15:12:24 | INFO | ======================================================================
2026-08-09 15:12:24 | INFO | [Gitleaks] Parser completed successfully.
2026-08-09 15:12:24 | INFO | gitleaks completed successfully.
2026-08-09 15:12:24 | INFO | Starting hadolint
2026-08-09 15:12:24 | INFO | [Hadolint] Preparing parser...
2026-08-09 15:12:24 | INFO | ======================================================================
2026-08-09 15:12:24 | INFO | Starting Hadolint Parser
2026-08-09 15:12:24 | INFO | ======================================================================
2026-08-09 15:12:24 | INFO | [Hadolint] Loading report(s)...
2026-08-09 15:12:24 | INFO | Reading report: frontend_20260809_133039.json
2026-08-09 15:12:24 | INFO | Successfully loaded frontend_20260809_133039.json
2026-08-09 15:12:24 | INFO | Reading report: backend_20260809_133039.json
2026-08-09 15:12:24 | INFO | Successfully loaded backend_20260809_133039.json
2026-08-09 15:12:24 | INFO | [Hadolint] Processing frontend_20260809_133039.json...
2026-08-09 15:12:24 | INFO | [Hadolint] Validating report...
2026-08-09 15:12:24 | INFO | [Hadolint] Generating metadata...
2026-08-09 15:12:24 | INFO | Loaded 66 rules for hadolint.
2026-08-09 15:12:24 | INFO | Parsed 1 Hadolint findings enriched with CWEs.
2026-08-09 15:12:24 | INFO | [Hadolint] Calculating statistics...
2026-08-09 15:12:24 | INFO | [Hadolint] Building normalized report...
2026-08-09 15:12:24 | INFO | [Hadolint] Saving report...
2026-08-09 15:12:24 | INFO | Writing report: hadolint_frontend_20260809_151224_normalized.json
2026-08-09 15:12:24 | INFO | Report written successfully: hadolint_frontend_20260809_151224_normalized.json
2026-08-09 15:12:24 | INFO | [Hadolint] Report saved successfully.
2026-08-09 15:12:24 | INFO | [Hadolint] Processing backend_20260809_133039.json...
2026-08-09 15:12:24 | INFO | [Hadolint] Validating report...
2026-08-09 15:12:24 | INFO | [Hadolint] Generating metadata...
2026-08-09 15:12:24 | WARNING | Hadolint report is empty.
2026-08-09 15:12:24 | INFO | [Hadolint] Calculating statistics...
2026-08-09 15:12:24 | INFO | [Hadolint] Building normalized report...
2026-08-09 15:12:24 | INFO | [Hadolint] Saving report...
2026-08-09 15:12:24 | INFO | Writing report: hadolint_backend_20260809_151224_normalized.json
2026-08-09 15:12:24 | INFO | Report written successfully: hadolint_backend_20260809_151224_normalized.json
2026-08-09 15:12:24 | INFO | [Hadolint] Report saved successfully.
2026-08-09 15:12:24 | INFO | [Hadolint] Calculating statistics...
2026-08-09 15:12:24 | INFO | ======================================================================
2026-08-09 15:12:24 | INFO | Hadolint Scan Summary
2026-08-09 15:12:24 | INFO | ----------------------------------------------------------------------
2026-08-09 15:12:24 | INFO | Status         : PASS
2026-08-09 15:12:24 | INFO | Total          : 1
2026-08-09 15:12:24 | INFO | Critical       : 0
2026-08-09 15:12:24 | INFO | High           : 0
2026-08-09 15:12:24 | INFO | Medium         : 0
2026-08-09 15:12:24 | INFO | Low            : 0
2026-08-09 15:12:24 | INFO | Info           : 1
2026-08-09 15:12:24 | INFO | Unknown        : 0
2026-08-09 15:12:24 | INFO | Fixable        : 0
2026-08-09 15:12:24 | INFO | Exploitable    : 0
2026-08-09 15:12:24 | INFO | Compliance     : 100.0%
2026-08-09 15:12:24 | INFO | Duration       : 0.01 sec
2026-08-09 15:12:24 | INFO | ======================================================================
2026-08-09 15:12:24 | INFO | Hadolint Parser Completed
2026-08-09 15:12:24 | INFO | ======================================================================
2026-08-09 15:12:24 | INFO | [Hadolint] Parser completed successfully.
2026-08-09 15:12:24 | INFO | hadolint completed successfully.
2026-08-09 15:12:24 | INFO | Starting trivy
2026-08-09 15:12:24 | INFO | [Trivy] Preparing parser...
2026-08-09 15:12:24 | INFO | ======================================================================
2026-08-09 15:12:24 | INFO | Starting Trivy Parser
2026-08-09 15:12:24 | INFO | ======================================================================
2026-08-09 15:12:24 | INFO | [Trivy] Loading report(s)...
2026-08-09 15:12:24 | INFO | Reading report: backend_20260809_133040.json
2026-08-09 15:12:24 | INFO | Successfully loaded backend_20260809_133040.json
2026-08-09 15:12:24 | INFO | Reading report: frontend_20260809_133040.json
2026-08-09 15:12:24 | INFO | Successfully loaded frontend_20260809_133040.json
2026-08-09 15:12:24 | INFO | [Trivy] Processing backend_20260809_133040.json...
2026-08-09 15:12:24 | INFO | [Trivy] Generating metadata...
2026-08-09 15:12:24 | INFO | Loaded 2 rules for trivy.
2026-08-09 15:12:24 | INFO | Parsed 65 Trivy findings.
2026-08-09 15:12:24 | INFO | [Trivy] Calculating statistics...
2026-08-09 15:12:24 | INFO | [Trivy] Building normalized report...
2026-08-09 15:12:24 | INFO | [Trivy] Saving report...
2026-08-09 15:12:24 | INFO | Writing report: trivy_backend_20260809_151224_normalized.json
2026-08-09 15:12:24 | INFO | Report written successfully: trivy_backend_20260809_151224_normalized.json
2026-08-09 15:12:24 | INFO | [Trivy] Report saved successfully.
2026-08-09 15:12:24 | INFO | [Trivy] Processing frontend_20260809_133040.json...
2026-08-09 15:12:24 | INFO | [Trivy] Generating metadata...
2026-08-09 15:12:24 | INFO | Parsed 0 Trivy findings.
2026-08-09 15:12:24 | INFO | [Trivy] Calculating statistics...
2026-08-09 15:12:24 | INFO | [Trivy] Building normalized report...
2026-08-09 15:12:24 | INFO | [Trivy] Saving report...
2026-08-09 15:12:24 | INFO | Writing report: trivy_frontend_20260809_151224_normalized.json
2026-08-09 15:12:24 | INFO | Report written successfully: trivy_frontend_20260809_151224_normalized.json
2026-08-09 15:12:24 | INFO | [Trivy] Report saved successfully.
2026-08-09 15:12:24 | INFO | [Trivy] Calculating statistics...
2026-08-09 15:12:24 | INFO | ======================================================================
2026-08-09 15:12:24 | INFO | Trivy Scan Summary
2026-08-09 15:12:24 | INFO | ----------------------------------------------------------------------
2026-08-09 15:12:24 | INFO | Status         : PASS
2026-08-09 15:12:24 | INFO | Total          : 65
2026-08-09 15:12:24 | INFO | Critical       : 1
2026-08-09 15:12:24 | INFO | High           : 26
2026-08-09 15:12:24 | INFO | Medium         : 16
2026-08-09 15:12:24 | INFO | Low            : 22
2026-08-09 15:12:24 | INFO | Info           : 0
2026-08-09 15:12:24 | INFO | Unknown        : 0
2026-08-09 15:12:24 | INFO | Fixable        : 65
2026-08-09 15:12:24 | INFO | Exploitable    : 36
2026-08-09 15:12:24 | INFO | Compliance     : 33.85%
2026-08-09 15:12:24 | INFO | Duration       : 0.02 sec
2026-08-09 15:12:24 | INFO | ======================================================================
2026-08-09 15:12:24 | INFO | Trivy Parser Completed
2026-08-09 15:12:24 | INFO | ======================================================================
2026-08-09 15:12:24 | INFO | [Trivy] Parser completed successfully.
2026-08-09 15:12:24 | INFO | trivy completed successfully.
2026-08-09 15:12:24 | INFO | Starting zap
2026-08-09 15:12:24 | INFO | ======================================================================
2026-08-09 15:12:24 | INFO | Starting zap Parser
2026-08-09 15:12:24 | INFO | ======================================================================
2026-08-09 15:12:24 | INFO | [zap] Loading report(s)...
2026-08-09 15:12:24 | INFO | Reading report: zap_20260809_133041.json
2026-08-09 15:12:24 | INFO | Successfully loaded zap_20260809_133041.json
2026-08-09 15:12:24 | INFO | [zap] Processing zap_20260809_133041.json...
2026-08-09 15:12:24 | INFO | [zap] Generating metadata...
2026-08-09 15:12:24 | INFO | Parsed 0 OWASP ZAP findings enriched with CWEs.
2026-08-09 15:12:24 | INFO | [zap] Calculating statistics...
2026-08-09 15:12:24 | INFO | [zap] Building normalized report...
2026-08-09 15:12:24 | INFO | [zap] Saving report...
2026-08-09 15:12:24 | INFO | Writing report: zap_20260809_151224_normalized.json
2026-08-09 15:12:24 | INFO | Report written successfully: zap_20260809_151224_normalized.json
2026-08-09 15:12:24 | INFO | [zap] Report saved successfully.
2026-08-09 15:12:24 | INFO | [zap] Calculating statistics...
2026-08-09 15:12:24 | INFO | ======================================================================
2026-08-09 15:12:24 | INFO | zap Scan Summary
2026-08-09 15:12:24 | INFO | ----------------------------------------------------------------------
2026-08-09 15:12:24 | INFO | Status         : PASS
2026-08-09 15:12:24 | INFO | Total          : 0
2026-08-09 15:12:24 | INFO | Critical       : 0
2026-08-09 15:12:24 | INFO | High           : 0
2026-08-09 15:12:24 | INFO | Medium         : 0
2026-08-09 15:12:24 | INFO | Low            : 0
2026-08-09 15:12:24 | INFO | Info           : 0
2026-08-09 15:12:24 | INFO | Unknown        : 0
2026-08-09 15:12:24 | INFO | Fixable        : 0
2026-08-09 15:12:24 | INFO | Exploitable    : 0
2026-08-09 15:12:24 | INFO | Compliance     : 100.0%
2026-08-09 15:12:24 | INFO | Duration       : 0.01 sec
2026-08-09 15:12:24 | INFO | ======================================================================
2026-08-09 15:12:24 | INFO | zap Parser Completed
2026-08-09 15:12:24 | INFO | ======================================================================
2026-08-09 15:12:24 | INFO | zap completed successfully.
2026-08-09 15:12:24 | INFO | ======================================================================
2026-08-09 15:12:24 | INFO | All parsers completed successfully.
2026-08-09 15:12:24 | INFO | ======================================================================
2026-08-09 15:12:24 | INFO | === STAGE 4: Aggregating Results ===
2026-08-09 15:12:24 | INFO | Starting master report aggregation with Risk Engine...
2026-08-09 15:12:24 | INFO | Risk Engine Computed: Total Risk Score=194, Level=CRITICAL
2026-08-09 15:12:24 | INFO | Master report saved at: compliance/master_reports/master_report.json
2026-08-09 15:12:24 | INFO | Loaded CWE compliance database with 969 entries from security/knowledge/cwe_compliance_db.json
2026-08-09 15:12:24 | INFO | Processing 4-Layer Universal Compliance Engine v2 mappings...
2026-08-09 15:12:24 | INFO | Saved 4-Layer Universal Compliance Matrix v2 with Score: 43.3% to compliance/reports/compliance/compliance_matrix.json
2026-08-09 15:12:24 | INFO | Database Ingestion Successful [SQLITE] (Scan ID: SCAN-20260809094224)
2026-08-09 15:12:24 | INFO | Generated Executive HTML Report at compliance/reports/executive_reports/security_report.html
2026-08-09 15:12:24 | INFO | Generated Executive PDF Report at compliance/reports/executive_reports/security_report.pdf
2026-08-09 15:12:24 | INFO | Evaluating Security Gate policy from policy.yaml...
2026-08-09 15:51:02 | INFO | Registered parser: hadolint
2026-08-09 15:51:02 | INFO | Registered parser: trivy
2026-08-09 15:51:02 | INFO | Registered parser: gitleaks
2026-08-09 15:51:02 | INFO | Registered parser: zap
2026-08-09 15:51:02 | INFO | === STAGE 3: Running Parsers ===
2026-08-09 15:51:02 | INFO | ======================================================================
2026-08-09 15:51:02 | INFO | Running all registered parsers...
2026-08-09 15:51:02 | INFO | ======================================================================
2026-08-09 15:51:02 | INFO | Starting gitleaks
2026-08-09 15:51:02 | INFO | [Gitleaks] Preparing parser...
2026-08-09 15:51:02 | INFO | ======================================================================
2026-08-09 15:51:02 | INFO | Starting Gitleaks Parser
2026-08-09 15:51:02 | INFO | ======================================================================
2026-08-09 15:51:02 | INFO | [Gitleaks] Loading report(s)...
2026-08-09 15:51:02 | INFO | Reading report: gitleaks_20260809_132927.json
2026-08-09 15:51:02 | INFO | Successfully loaded gitleaks_20260809_132927.json
2026-08-09 15:51:02 | INFO | [Gitleaks] Processing gitleaks_20260809_132927.json...
2026-08-09 15:51:02 | INFO | [Gitleaks] Validating report...
2026-08-09 15:51:02 | INFO | [Gitleaks] Generating metadata...
2026-08-09 15:51:02 | INFO | Loaded 8 rules for gitleaks.
2026-08-09 15:51:02 | INFO | Parsed 4 Gitleaks findings enriched with CWEs.
2026-08-09 15:51:02 | INFO | [Gitleaks] Calculating statistics...
2026-08-09 15:51:02 | INFO | [Gitleaks] Building normalized report...
2026-08-09 15:51:02 | INFO | [Gitleaks] Saving report...
2026-08-09 15:51:02 | INFO | Writing report: gitleaks_20260809_155102_normalized.json
2026-08-09 15:51:02 | INFO | Report written successfully: gitleaks_20260809_155102_normalized.json
2026-08-09 15:51:02 | INFO | [Gitleaks] Report saved successfully.
2026-08-09 15:51:02 | INFO | [Gitleaks] Calculating statistics...
2026-08-09 15:51:02 | INFO | ======================================================================
2026-08-09 15:51:02 | INFO | Gitleaks Scan Summary
2026-08-09 15:51:02 | INFO | ----------------------------------------------------------------------
2026-08-09 15:51:02 | INFO | Status         : FAIL
2026-08-09 15:51:02 | INFO | Total          : 4
2026-08-09 15:51:02 | INFO | Critical       : 4
2026-08-09 15:51:02 | INFO | High           : 0
2026-08-09 15:51:02 | INFO | Medium         : 0
2026-08-09 15:51:02 | INFO | Low            : 0
2026-08-09 15:51:02 | INFO | Info           : 0
2026-08-09 15:51:02 | INFO | Unknown        : 0
2026-08-09 15:51:02 | INFO | Fixable        : 0
2026-08-09 15:51:02 | INFO | Exploitable    : 0
2026-08-09 15:51:02 | INFO | Compliance     : 0.0%
2026-08-09 15:51:02 | INFO | Duration       : 0.15 sec
2026-08-09 15:51:02 | INFO | ======================================================================
2026-08-09 15:51:02 | INFO | Gitleaks Parser Completed
2026-08-09 15:51:02 | INFO | ======================================================================
2026-08-09 15:51:02 | INFO | [Gitleaks] Parser completed successfully.
2026-08-09 15:51:02 | INFO | gitleaks completed successfully.
2026-08-09 15:51:02 | INFO | Starting hadolint
2026-08-09 15:51:02 | INFO | [Hadolint] Preparing parser...
2026-08-09 15:51:02 | INFO | ======================================================================
2026-08-09 15:51:02 | INFO | Starting Hadolint Parser
2026-08-09 15:51:02 | INFO | ======================================================================
2026-08-09 15:51:02 | INFO | [Hadolint] Loading report(s)...
2026-08-09 15:51:02 | INFO | Reading report: frontend_20260809_133039.json
2026-08-09 15:51:02 | INFO | Successfully loaded frontend_20260809_133039.json
2026-08-09 15:51:02 | INFO | Reading report: backend_20260809_133039.json
2026-08-09 15:51:02 | INFO | Successfully loaded backend_20260809_133039.json
2026-08-09 15:51:02 | INFO | [Hadolint] Processing frontend_20260809_133039.json...
2026-08-09 15:51:02 | INFO | [Hadolint] Validating report...
2026-08-09 15:51:02 | INFO | [Hadolint] Generating metadata...
2026-08-09 15:51:02 | INFO | Loaded 66 rules for hadolint.
2026-08-09 15:51:02 | INFO | Parsed 1 Hadolint findings enriched with CWEs.
2026-08-09 15:51:02 | INFO | [Hadolint] Calculating statistics...
2026-08-09 15:51:02 | INFO | [Hadolint] Building normalized report...
2026-08-09 15:51:02 | INFO | [Hadolint] Saving report...
2026-08-09 15:51:02 | INFO | Writing report: hadolint_frontend_20260809_155102_normalized.json
2026-08-09 15:51:02 | INFO | Report written successfully: hadolint_frontend_20260809_155102_normalized.json
2026-08-09 15:51:02 | INFO | [Hadolint] Report saved successfully.
2026-08-09 15:51:02 | INFO | [Hadolint] Processing backend_20260809_133039.json...
2026-08-09 15:51:02 | INFO | [Hadolint] Validating report...
2026-08-09 15:51:02 | INFO | [Hadolint] Generating metadata...
2026-08-09 15:51:02 | WARNING | Hadolint report is empty.
2026-08-09 15:51:02 | INFO | [Hadolint] Calculating statistics...
2026-08-09 15:51:02 | INFO | [Hadolint] Building normalized report...
2026-08-09 15:51:02 | INFO | [Hadolint] Saving report...
2026-08-09 15:51:02 | INFO | Writing report: hadolint_backend_20260809_155102_normalized.json
2026-08-09 15:51:02 | INFO | Report written successfully: hadolint_backend_20260809_155102_normalized.json
2026-08-09 15:51:02 | INFO | [Hadolint] Report saved successfully.
2026-08-09 15:51:02 | INFO | [Hadolint] Calculating statistics...
2026-08-09 15:51:02 | INFO | ======================================================================
2026-08-09 15:51:02 | INFO | Hadolint Scan Summary
2026-08-09 15:51:02 | INFO | ----------------------------------------------------------------------
2026-08-09 15:51:02 | INFO | Status         : PASS
2026-08-09 15:51:02 | INFO | Total          : 1
2026-08-09 15:51:02 | INFO | Critical       : 0
2026-08-09 15:51:02 | INFO | High           : 0
2026-08-09 15:51:02 | INFO | Medium         : 0
2026-08-09 15:51:02 | INFO | Low            : 0
2026-08-09 15:51:02 | INFO | Info           : 1
2026-08-09 15:51:02 | INFO | Unknown        : 0
2026-08-09 15:51:02 | INFO | Fixable        : 0
2026-08-09 15:51:02 | INFO | Exploitable    : 0
2026-08-09 15:51:02 | INFO | Compliance     : 100.0%
2026-08-09 15:51:02 | INFO | Duration       : 0.01 sec
2026-08-09 15:51:02 | INFO | ======================================================================
2026-08-09 15:51:02 | INFO | Hadolint Parser Completed
2026-08-09 15:51:02 | INFO | ======================================================================
2026-08-09 15:51:02 | INFO | [Hadolint] Parser completed successfully.
2026-08-09 15:51:02 | INFO | hadolint completed successfully.
2026-08-09 15:51:02 | INFO | Starting trivy
2026-08-09 15:51:02 | INFO | [Trivy] Preparing parser...
2026-08-09 15:51:02 | INFO | ======================================================================
2026-08-09 15:51:02 | INFO | Starting Trivy Parser
2026-08-09 15:51:02 | INFO | ======================================================================
2026-08-09 15:51:02 | INFO | [Trivy] Loading report(s)...
2026-08-09 15:51:02 | INFO | Reading report: backend_20260809_133040.json
2026-08-09 15:51:02 | INFO | Successfully loaded backend_20260809_133040.json
2026-08-09 15:51:02 | INFO | Reading report: frontend_20260809_133040.json
2026-08-09 15:51:02 | INFO | Successfully loaded frontend_20260809_133040.json
2026-08-09 15:51:02 | INFO | [Trivy] Processing backend_20260809_133040.json...
2026-08-09 15:51:02 | INFO | [Trivy] Generating metadata...
2026-08-09 15:51:02 | INFO | Loaded 2 rules for trivy.
2026-08-09 15:51:02 | INFO | Parsed 65 Trivy findings.
2026-08-09 15:51:02 | INFO | [Trivy] Calculating statistics...
2026-08-09 15:51:02 | INFO | [Trivy] Building normalized report...
2026-08-09 15:51:02 | INFO | [Trivy] Saving report...
2026-08-09 15:51:02 | INFO | Writing report: trivy_backend_20260809_155102_normalized.json
2026-08-09 15:51:02 | INFO | Report written successfully: trivy_backend_20260809_155102_normalized.json
2026-08-09 15:51:02 | INFO | [Trivy] Report saved successfully.
2026-08-09 15:51:02 | INFO | [Trivy] Processing frontend_20260809_133040.json...
2026-08-09 15:51:02 | INFO | [Trivy] Generating metadata...
2026-08-09 15:51:02 | INFO | Parsed 0 Trivy findings.
2026-08-09 15:51:02 | INFO | [Trivy] Calculating statistics...
2026-08-09 15:51:02 | INFO | [Trivy] Building normalized report...
2026-08-09 15:51:02 | INFO | [Trivy] Saving report...
2026-08-09 15:51:02 | INFO | Writing report: trivy_frontend_20260809_155102_normalized.json
2026-08-09 15:51:02 | INFO | Report written successfully: trivy_frontend_20260809_155102_normalized.json
2026-08-09 15:51:02 | INFO | [Trivy] Report saved successfully.
2026-08-09 15:51:02 | INFO | [Trivy] Calculating statistics...
2026-08-09 15:51:02 | INFO | ======================================================================
2026-08-09 15:51:02 | INFO | Trivy Scan Summary
2026-08-09 15:51:02 | INFO | ----------------------------------------------------------------------
2026-08-09 15:51:02 | INFO | Status         : PASS
2026-08-09 15:51:02 | INFO | Total          : 65
2026-08-09 15:51:02 | INFO | Critical       : 1
2026-08-09 15:51:02 | INFO | High           : 26
2026-08-09 15:51:02 | INFO | Medium         : 16
2026-08-09 15:51:02 | INFO | Low            : 22
2026-08-09 15:51:02 | INFO | Info           : 0
2026-08-09 15:51:02 | INFO | Unknown        : 0
2026-08-09 15:51:02 | INFO | Fixable        : 65
2026-08-09 15:51:02 | INFO | Exploitable    : 36
2026-08-09 15:51:02 | INFO | Compliance     : 33.85%
2026-08-09 15:51:02 | INFO | Duration       : 0.02 sec
2026-08-09 15:51:02 | INFO | ======================================================================
2026-08-09 15:51:02 | INFO | Trivy Parser Completed
2026-08-09 15:51:02 | INFO | ======================================================================
2026-08-09 15:51:02 | INFO | [Trivy] Parser completed successfully.
2026-08-09 15:51:02 | INFO | trivy completed successfully.
2026-08-09 15:51:02 | INFO | Starting zap
2026-08-09 15:51:02 | INFO | ======================================================================
2026-08-09 15:51:02 | INFO | Starting zap Parser
2026-08-09 15:51:02 | INFO | ======================================================================
2026-08-09 15:51:02 | INFO | [zap] Loading report(s)...
2026-08-09 15:51:02 | INFO | Reading report: zap_20260809_133041.json
2026-08-09 15:51:02 | INFO | Successfully loaded zap_20260809_133041.json
2026-08-09 15:51:02 | INFO | [zap] Processing zap_20260809_133041.json...
2026-08-09 15:51:02 | INFO | [zap] Generating metadata...
2026-08-09 15:51:02 | INFO | Parsed 0 OWASP ZAP findings enriched with CWEs.
2026-08-09 15:51:02 | INFO | [zap] Calculating statistics...
2026-08-09 15:51:02 | INFO | [zap] Building normalized report...
2026-08-09 15:51:02 | INFO | [zap] Saving report...
2026-08-09 15:51:02 | INFO | Writing report: zap_20260809_155102_normalized.json
2026-08-09 15:51:02 | INFO | Report written successfully: zap_20260809_155102_normalized.json
2026-08-09 15:51:02 | INFO | [zap] Report saved successfully.
2026-08-09 15:51:02 | INFO | [zap] Calculating statistics...
2026-08-09 15:51:02 | INFO | ======================================================================
2026-08-09 15:51:02 | INFO | zap Scan Summary
2026-08-09 15:51:02 | INFO | ----------------------------------------------------------------------
2026-08-09 15:51:02 | INFO | Status         : PASS
2026-08-09 15:51:02 | INFO | Total          : 0
2026-08-09 15:51:02 | INFO | Critical       : 0
2026-08-09 15:51:02 | INFO | High           : 0
2026-08-09 15:51:02 | INFO | Medium         : 0
2026-08-09 15:51:02 | INFO | Low            : 0
2026-08-09 15:51:02 | INFO | Info           : 0
2026-08-09 15:51:02 | INFO | Unknown        : 0
2026-08-09 15:51:02 | INFO | Fixable        : 0
2026-08-09 15:51:02 | INFO | Exploitable    : 0
2026-08-09 15:51:02 | INFO | Compliance     : 100.0%
2026-08-09 15:51:02 | INFO | Duration       : 0.01 sec
2026-08-09 15:51:02 | INFO | ======================================================================
2026-08-09 15:51:02 | INFO | zap Parser Completed
2026-08-09 15:51:02 | INFO | ======================================================================
2026-08-09 15:51:02 | INFO | zap completed successfully.
2026-08-09 15:51:02 | INFO | ======================================================================
2026-08-09 15:51:02 | INFO | All parsers completed successfully.
2026-08-09 15:51:02 | INFO | ======================================================================
2026-08-09 15:51:02 | INFO | === STAGE 4: Aggregating Results ===
2026-08-09 15:51:02 | INFO | Starting master report aggregation with Risk Engine...
2026-08-09 15:51:02 | INFO | Risk Engine Computed: Total Risk Score=194, Level=CRITICAL
2026-08-09 15:51:02 | INFO | Master report saved at: compliance/master_reports/master_report.json
2026-08-09 15:51:02 | INFO | Loaded CWE compliance database with 969 entries from security/knowledge/cwe_compliance_db.json
2026-08-09 15:51:02 | INFO | Processing 4-Layer Universal Compliance Engine v2 mappings...
2026-08-09 15:51:02 | INFO | Saved 4-Layer Universal Compliance Matrix v2 with Score: 43.3% to compliance/reports/compliance/compliance_matrix.json
2026-08-09 15:51:02 | INFO | Database Ingestion Successful [SQLITE] (Scan ID: SCAN-20260809102102)
2026-08-09 15:51:02 | INFO | Generated Executive HTML Report at compliance/reports/executive_reports/security_report.html
2026-08-09 15:51:02 | INFO | Generated Executive PDF Report at compliance/reports/executive_reports/security_report.pdf
2026-08-09 15:51:02 | INFO | Evaluating Security Gate policy from policy.yaml...
2026-08-09 15:54:10 | INFO | Registered parser: hadolint
2026-08-09 15:54:10 | INFO | Registered parser: trivy
2026-08-09 15:54:10 | INFO | Registered parser: gitleaks
2026-08-09 15:54:10 | INFO | Registered parser: zap
2026-08-09 15:54:10 | INFO | === STAGE 3: Running Parsers ===
2026-08-09 15:54:10 | INFO | ======================================================================
2026-08-09 15:54:10 | INFO | Running all registered parsers...
2026-08-09 15:54:10 | INFO | ======================================================================
2026-08-09 15:54:10 | INFO | Starting gitleaks
2026-08-09 15:54:10 | INFO | [Gitleaks] Preparing parser...
2026-08-09 15:54:10 | INFO | ======================================================================
2026-08-09 15:54:10 | INFO | Starting Gitleaks Parser
2026-08-09 15:54:10 | INFO | ======================================================================
2026-08-09 15:54:10 | INFO | [Gitleaks] Loading report(s)...
2026-08-09 15:54:10 | INFO | Reading report: gitleaks_20260809_132927.json
2026-08-09 15:54:10 | INFO | Successfully loaded gitleaks_20260809_132927.json
2026-08-09 15:54:10 | INFO | [Gitleaks] Processing gitleaks_20260809_132927.json...
2026-08-09 15:54:10 | INFO | [Gitleaks] Validating report...
2026-08-09 15:54:10 | INFO | [Gitleaks] Generating metadata...
2026-08-09 15:54:10 | INFO | Loaded 8 rules for gitleaks.
2026-08-09 15:54:10 | INFO | Parsed 4 Gitleaks findings enriched with CWEs.
2026-08-09 15:54:10 | INFO | [Gitleaks] Calculating statistics...
2026-08-09 15:54:10 | INFO | [Gitleaks] Building normalized report...
2026-08-09 15:54:10 | INFO | [Gitleaks] Saving report...
2026-08-09 15:54:10 | INFO | Writing report: gitleaks_20260809_155410_normalized.json
2026-08-09 15:54:10 | INFO | Report written successfully: gitleaks_20260809_155410_normalized.json
2026-08-09 15:54:10 | INFO | [Gitleaks] Report saved successfully.
2026-08-09 15:54:10 | INFO | [Gitleaks] Calculating statistics...
2026-08-09 15:54:10 | INFO | ======================================================================
2026-08-09 15:54:10 | INFO | Gitleaks Scan Summary
2026-08-09 15:54:10 | INFO | ----------------------------------------------------------------------
2026-08-09 15:54:10 | INFO | Status         : FAIL
2026-08-09 15:54:10 | INFO | Total          : 4
2026-08-09 15:54:10 | INFO | Critical       : 4
2026-08-09 15:54:10 | INFO | High           : 0
2026-08-09 15:54:10 | INFO | Medium         : 0
2026-08-09 15:54:10 | INFO | Low            : 0
2026-08-09 15:54:10 | INFO | Info           : 0
2026-08-09 15:54:10 | INFO | Unknown        : 0
2026-08-09 15:54:10 | INFO | Fixable        : 0
2026-08-09 15:54:10 | INFO | Exploitable    : 0
2026-08-09 15:54:10 | INFO | Compliance     : 0.0%
2026-08-09 15:54:10 | INFO | Duration       : 0.14 sec
2026-08-09 15:54:10 | INFO | ======================================================================
2026-08-09 15:54:10 | INFO | Gitleaks Parser Completed
2026-08-09 15:54:10 | INFO | ======================================================================
2026-08-09 15:54:10 | INFO | [Gitleaks] Parser completed successfully.
2026-08-09 15:54:10 | INFO | gitleaks completed successfully.
2026-08-09 15:54:10 | INFO | Starting hadolint
2026-08-09 15:54:10 | INFO | [Hadolint] Preparing parser...
2026-08-09 15:54:10 | INFO | ======================================================================
2026-08-09 15:54:10 | INFO | Starting Hadolint Parser
2026-08-09 15:54:10 | INFO | ======================================================================
2026-08-09 15:54:10 | INFO | [Hadolint] Loading report(s)...
2026-08-09 15:54:10 | INFO | Reading report: frontend_20260809_133039.json
2026-08-09 15:54:10 | INFO | Successfully loaded frontend_20260809_133039.json
2026-08-09 15:54:10 | INFO | Reading report: backend_20260809_133039.json
2026-08-09 15:54:10 | INFO | Successfully loaded backend_20260809_133039.json
2026-08-09 15:54:10 | INFO | [Hadolint] Processing frontend_20260809_133039.json...
2026-08-09 15:54:10 | INFO | [Hadolint] Validating report...
2026-08-09 15:54:10 | INFO | [Hadolint] Generating metadata...
2026-08-09 15:54:10 | INFO | Loaded 66 rules for hadolint.
2026-08-09 15:54:10 | INFO | Parsed 1 Hadolint findings enriched with CWEs.
2026-08-09 15:54:10 | INFO | [Hadolint] Calculating statistics...
2026-08-09 15:54:10 | INFO | [Hadolint] Building normalized report...
2026-08-09 15:54:10 | INFO | [Hadolint] Saving report...
2026-08-09 15:54:10 | INFO | Writing report: hadolint_frontend_20260809_155410_normalized.json
2026-08-09 15:54:10 | INFO | Report written successfully: hadolint_frontend_20260809_155410_normalized.json
2026-08-09 15:54:10 | INFO | [Hadolint] Report saved successfully.
2026-08-09 15:54:10 | INFO | [Hadolint] Processing backend_20260809_133039.json...
2026-08-09 15:54:10 | INFO | [Hadolint] Validating report...
2026-08-09 15:54:10 | INFO | [Hadolint] Generating metadata...
2026-08-09 15:54:10 | WARNING | Hadolint report is empty.
2026-08-09 15:54:10 | INFO | [Hadolint] Calculating statistics...
2026-08-09 15:54:10 | INFO | [Hadolint] Building normalized report...
2026-08-09 15:54:10 | INFO | [Hadolint] Saving report...
2026-08-09 15:54:10 | INFO | Writing report: hadolint_backend_20260809_155410_normalized.json
2026-08-09 15:54:10 | INFO | Report written successfully: hadolint_backend_20260809_155410_normalized.json
2026-08-09 15:54:10 | INFO | [Hadolint] Report saved successfully.
2026-08-09 15:54:10 | INFO | [Hadolint] Calculating statistics...
2026-08-09 15:54:10 | INFO | ======================================================================
2026-08-09 15:54:10 | INFO | Hadolint Scan Summary
2026-08-09 15:54:10 | INFO | ----------------------------------------------------------------------
2026-08-09 15:54:10 | INFO | Status         : PASS
2026-08-09 15:54:10 | INFO | Total          : 1
2026-08-09 15:54:10 | INFO | Critical       : 0
2026-08-09 15:54:10 | INFO | High           : 0
2026-08-09 15:54:10 | INFO | Medium         : 0
2026-08-09 15:54:10 | INFO | Low            : 0
2026-08-09 15:54:10 | INFO | Info           : 1
2026-08-09 15:54:10 | INFO | Unknown        : 0
2026-08-09 15:54:10 | INFO | Fixable        : 0
2026-08-09 15:54:10 | INFO | Exploitable    : 0
2026-08-09 15:54:10 | INFO | Compliance     : 100.0%
2026-08-09 15:54:10 | INFO | Duration       : 0.01 sec
2026-08-09 15:54:10 | INFO | ======================================================================
2026-08-09 15:54:10 | INFO | Hadolint Parser Completed
2026-08-09 15:54:10 | INFO | ======================================================================
2026-08-09 15:54:10 | INFO | [Hadolint] Parser completed successfully.
2026-08-09 15:54:10 | INFO | hadolint completed successfully.
2026-08-09 15:54:10 | INFO | Starting trivy
2026-08-09 15:54:10 | INFO | [Trivy] Preparing parser...
2026-08-09 15:54:10 | INFO | ======================================================================
2026-08-09 15:54:10 | INFO | Starting Trivy Parser
2026-08-09 15:54:10 | INFO | ======================================================================
2026-08-09 15:54:10 | INFO | [Trivy] Loading report(s)...
2026-08-09 15:54:10 | INFO | Reading report: backend_20260809_133040.json
2026-08-09 15:54:10 | INFO | Successfully loaded backend_20260809_133040.json
2026-08-09 15:54:10 | INFO | Reading report: frontend_20260809_133040.json
2026-08-09 15:54:10 | INFO | Successfully loaded frontend_20260809_133040.json
2026-08-09 15:54:10 | INFO | [Trivy] Processing backend_20260809_133040.json...
2026-08-09 15:54:10 | INFO | [Trivy] Generating metadata...
2026-08-09 15:54:10 | INFO | Loaded 2 rules for trivy.
2026-08-09 15:54:10 | INFO | Parsed 65 Trivy findings.
2026-08-09 15:54:10 | INFO | [Trivy] Calculating statistics...
2026-08-09 15:54:10 | INFO | [Trivy] Building normalized report...
2026-08-09 15:54:10 | INFO | [Trivy] Saving report...
2026-08-09 15:54:10 | INFO | Writing report: trivy_backend_20260809_155410_normalized.json
2026-08-09 15:54:10 | INFO | Report written successfully: trivy_backend_20260809_155410_normalized.json
2026-08-09 15:54:10 | INFO | [Trivy] Report saved successfully.
2026-08-09 15:54:10 | INFO | [Trivy] Processing frontend_20260809_133040.json...
2026-08-09 15:54:10 | INFO | [Trivy] Generating metadata...
2026-08-09 15:54:10 | INFO | Parsed 0 Trivy findings.
2026-08-09 15:54:10 | INFO | [Trivy] Calculating statistics...
2026-08-09 15:54:10 | INFO | [Trivy] Building normalized report...
2026-08-09 15:54:10 | INFO | [Trivy] Saving report...
2026-08-09 15:54:10 | INFO | Writing report: trivy_frontend_20260809_155410_normalized.json
2026-08-09 15:54:10 | INFO | Report written successfully: trivy_frontend_20260809_155410_normalized.json
2026-08-09 15:54:10 | INFO | [Trivy] Report saved successfully.
2026-08-09 15:54:10 | INFO | [Trivy] Calculating statistics...
2026-08-09 15:54:10 | INFO | ======================================================================
2026-08-09 15:54:10 | INFO | Trivy Scan Summary
2026-08-09 15:54:10 | INFO | ----------------------------------------------------------------------
2026-08-09 15:54:10 | INFO | Status         : PASS
2026-08-09 15:54:10 | INFO | Total          : 65
2026-08-09 15:54:10 | INFO | Critical       : 1
2026-08-09 15:54:10 | INFO | High           : 26
2026-08-09 15:54:10 | INFO | Medium         : 16
2026-08-09 15:54:10 | INFO | Low            : 22
2026-08-09 15:54:10 | INFO | Info           : 0
2026-08-09 15:54:10 | INFO | Unknown        : 0
2026-08-09 15:54:10 | INFO | Fixable        : 65
2026-08-09 15:54:10 | INFO | Exploitable    : 36
2026-08-09 15:54:10 | INFO | Compliance     : 33.85%
2026-08-09 15:54:10 | INFO | Duration       : 0.03 sec
2026-08-09 15:54:10 | INFO | ======================================================================
2026-08-09 15:54:10 | INFO | Trivy Parser Completed
2026-08-09 15:54:10 | INFO | ======================================================================
2026-08-09 15:54:10 | INFO | [Trivy] Parser completed successfully.
2026-08-09 15:54:10 | INFO | trivy completed successfully.
2026-08-09 15:54:10 | INFO | Starting zap
2026-08-09 15:54:10 | INFO | ======================================================================
2026-08-09 15:54:10 | INFO | Starting zap Parser
2026-08-09 15:54:10 | INFO | ======================================================================
2026-08-09 15:54:10 | INFO | [zap] Loading report(s)...
2026-08-09 15:54:10 | INFO | Reading report: zap_20260809_133041.json
2026-08-09 15:54:10 | INFO | Successfully loaded zap_20260809_133041.json
2026-08-09 15:54:10 | INFO | [zap] Processing zap_20260809_133041.json...
2026-08-09 15:54:10 | INFO | [zap] Generating metadata...
2026-08-09 15:54:10 | INFO | Parsed 0 OWASP ZAP findings enriched with CWEs.
2026-08-09 15:54:10 | INFO | [zap] Calculating statistics...
2026-08-09 15:54:10 | INFO | [zap] Building normalized report...
2026-08-09 15:54:10 | INFO | [zap] Saving report...
2026-08-09 15:54:10 | INFO | Writing report: zap_20260809_155410_normalized.json
2026-08-09 15:54:10 | INFO | Report written successfully: zap_20260809_155410_normalized.json
2026-08-09 15:54:10 | INFO | [zap] Report saved successfully.
2026-08-09 15:54:10 | INFO | [zap] Calculating statistics...
2026-08-09 15:54:10 | INFO | ======================================================================
2026-08-09 15:54:10 | INFO | zap Scan Summary
2026-08-09 15:54:10 | INFO | ----------------------------------------------------------------------
2026-08-09 15:54:10 | INFO | Status         : PASS
2026-08-09 15:54:10 | INFO | Total          : 0
2026-08-09 15:54:10 | INFO | Critical       : 0
2026-08-09 15:54:10 | INFO | High           : 0
2026-08-09 15:54:10 | INFO | Medium         : 0
2026-08-09 15:54:10 | INFO | Low            : 0
2026-08-09 15:54:10 | INFO | Info           : 0
2026-08-09 15:54:10 | INFO | Unknown        : 0
2026-08-09 15:54:10 | INFO | Fixable        : 0
2026-08-09 15:54:10 | INFO | Exploitable    : 0
2026-08-09 15:54:10 | INFO | Compliance     : 100.0%
2026-08-09 15:54:10 | INFO | Duration       : 0.01 sec
2026-08-09 15:54:10 | INFO | ======================================================================
2026-08-09 15:54:10 | INFO | zap Parser Completed
2026-08-09 15:54:10 | INFO | ======================================================================
2026-08-09 15:54:10 | INFO | zap completed successfully.
2026-08-09 15:54:10 | INFO | ======================================================================
2026-08-09 15:54:10 | INFO | All parsers completed successfully.
2026-08-09 15:54:10 | INFO | ======================================================================
2026-08-09 15:54:10 | INFO | === STAGE 4: Aggregating Results ===
2026-08-09 15:54:10 | INFO | Starting master report aggregation with Risk Engine...
2026-08-09 15:54:10 | INFO | Risk Engine Computed: Total Risk Score=194, Level=CRITICAL
2026-08-09 15:54:10 | INFO | Master report saved at: compliance/master_reports/master_report.json
2026-08-09 15:54:10 | INFO | Loaded CWE compliance database with 969 entries from security/knowledge/cwe_compliance_db.json
2026-08-09 15:54:10 | INFO | Processing 4-Layer Universal Compliance Engine v2 mappings...
2026-08-09 15:54:10 | INFO | Saved 4-Layer Universal Compliance Matrix v2 with Score: 43.3% to compliance/reports/compliance/compliance_matrix.json
2026-08-09 15:54:10 | INFO | Database Ingestion Successful [SQLITE] (Scan ID: SCAN-20260809102410)
2026-08-09 15:54:10 | INFO | Generated Executive HTML Report at compliance/reports/executive_reports/security_report.html
2026-08-09 15:54:10 | INFO | Generated Executive PDF Report at compliance/reports/executive_reports/security_report.pdf
2026-08-09 15:54:10 | INFO | Saved report artifact metadata [HTML] (Report ID: RPT-20260809102410-HTML)
2026-08-09 15:54:10 | INFO | Saved report artifact metadata [PDF] (Report ID: RPT-20260809102410-PDF)
2026-08-09 15:54:10 | INFO | Evaluating Security Gate policy from policy.yaml...
2026-08-09 17:10:33 | INFO | Registered parser: hadolint
2026-08-09 17:10:33 | INFO | Registered parser: trivy
2026-08-09 17:10:33 | INFO | Registered parser: gitleaks
2026-08-09 17:10:33 | INFO | Registered parser: zap
2026-08-09 17:10:33 | INFO | === STAGE 1: Pre-flight Checks ===
2026-08-09 17:10:33 | INFO | Pre-flight Checks Passed.
2026-08-09 17:10:33 | INFO | === STAGE 2: Running Scanners ===
2026-08-09 17:10:33 | INFO | Running Gitleaks scanner (security/secrets/gitleaks.sh)...
2026-08-09 17:12:31 | WARNING | Gitleaks scanner exited with code 1
2026-08-09 17:12:31 | INFO | Running Hadolint scanner (security/container/hadolint.sh)...
2026-08-09 17:12:33 | WARNING | Hadolint scanner exited with code 1
2026-08-09 17:12:33 | INFO | Running Trivy scanner (security/container/trivy.sh)...
2026-08-09 17:12:35 | INFO | Trivy scanner completed successfully.
2026-08-09 17:12:35 | INFO | Running ZAP scanner (security/dast/zap.sh)...
2026-08-09 17:14:13 | INFO | ZAP scanner completed successfully.
2026-08-09 17:14:13 | INFO | === STAGE 3: Running Parsers ===
2026-08-09 17:14:13 | INFO | ======================================================================
2026-08-09 17:14:13 | INFO | Running all registered parsers...
2026-08-09 17:14:13 | INFO | ======================================================================
2026-08-09 17:14:13 | INFO | Starting gitleaks
2026-08-09 17:14:13 | INFO | [Gitleaks] Preparing parser...
2026-08-09 17:14:13 | INFO | ======================================================================
2026-08-09 17:14:13 | INFO | Starting Gitleaks Parser
2026-08-09 17:14:13 | INFO | ======================================================================
2026-08-09 17:14:13 | INFO | [Gitleaks] Loading report(s)...
2026-08-09 17:14:13 | INFO | Reading report: gitleaks_20260809_171034.json
2026-08-09 17:14:13 | INFO | Successfully loaded gitleaks_20260809_171034.json
2026-08-09 17:14:13 | INFO | [Gitleaks] Processing gitleaks_20260809_171034.json...
2026-08-09 17:14:13 | INFO | [Gitleaks] Validating report...
2026-08-09 17:14:13 | INFO | [Gitleaks] Generating metadata...
2026-08-09 17:14:13 | INFO | Loaded 8 rules for gitleaks.
2026-08-09 17:14:13 | INFO | Parsed 4 Gitleaks findings enriched with CWEs.
2026-08-09 17:14:13 | INFO | [Gitleaks] Calculating statistics...
2026-08-09 17:14:13 | INFO | [Gitleaks] Building normalized report...
2026-08-09 17:14:13 | INFO | [Gitleaks] Saving report...
2026-08-09 17:14:13 | INFO | Writing report: gitleaks_20260809_171413_normalized.json
2026-08-09 17:14:13 | INFO | Report written successfully: gitleaks_20260809_171413_normalized.json
2026-08-09 17:14:13 | INFO | [Gitleaks] Report saved successfully.
2026-08-09 17:14:13 | INFO | [Gitleaks] Calculating statistics...
2026-08-09 17:14:13 | INFO | ======================================================================
2026-08-09 17:14:13 | INFO | Gitleaks Scan Summary
2026-08-09 17:14:13 | INFO | ----------------------------------------------------------------------
2026-08-09 17:14:13 | INFO | Status         : FAIL
2026-08-09 17:14:13 | INFO | Total          : 4
2026-08-09 17:14:13 | INFO | Critical       : 4
2026-08-09 17:14:13 | INFO | High           : 0
2026-08-09 17:14:13 | INFO | Medium         : 0
2026-08-09 17:14:13 | INFO | Low            : 0
2026-08-09 17:14:13 | INFO | Info           : 0
2026-08-09 17:14:13 | INFO | Unknown        : 0
2026-08-09 17:14:13 | INFO | Fixable        : 0
2026-08-09 17:14:13 | INFO | Exploitable    : 0
2026-08-09 17:14:13 | INFO | Compliance     : 0.0%
2026-08-09 17:14:13 | INFO | Duration       : 0.21 sec
2026-08-09 17:14:13 | INFO | ======================================================================
2026-08-09 17:14:13 | INFO | Gitleaks Parser Completed
2026-08-09 17:14:13 | INFO | ======================================================================
2026-08-09 17:14:13 | INFO | [Gitleaks] Parser completed successfully.
2026-08-09 17:14:13 | INFO | gitleaks completed successfully.
2026-08-09 17:14:13 | INFO | Starting hadolint
2026-08-09 17:14:13 | INFO | [Hadolint] Preparing parser...
2026-08-09 17:14:13 | INFO | ======================================================================
2026-08-09 17:14:13 | INFO | Starting Hadolint Parser
2026-08-09 17:14:13 | INFO | ======================================================================
2026-08-09 17:14:13 | INFO | [Hadolint] Loading report(s)...
2026-08-09 17:14:13 | INFO | Reading report: frontend_20260809_171232.json
2026-08-09 17:14:13 | INFO | Successfully loaded frontend_20260809_171232.json
2026-08-09 17:14:13 | INFO | Reading report: backend_20260809_171232.json
2026-08-09 17:14:13 | INFO | Successfully loaded backend_20260809_171232.json
2026-08-09 17:14:13 | INFO | [Hadolint] Processing frontend_20260809_171232.json...
2026-08-09 17:14:13 | INFO | [Hadolint] Validating report...
2026-08-09 17:14:13 | INFO | [Hadolint] Generating metadata...
2026-08-09 17:14:13 | INFO | Loaded 66 rules for hadolint.
2026-08-09 17:14:13 | INFO | Parsed 1 Hadolint findings enriched with CWEs.
2026-08-09 17:14:13 | INFO | [Hadolint] Calculating statistics...
2026-08-09 17:14:13 | INFO | [Hadolint] Building normalized report...
2026-08-09 17:14:13 | INFO | [Hadolint] Saving report...
2026-08-09 17:14:13 | INFO | Writing report: hadolint_frontend_20260809_171413_normalized.json
2026-08-09 17:14:13 | INFO | Report written successfully: hadolint_frontend_20260809_171413_normalized.json
2026-08-09 17:14:13 | INFO | [Hadolint] Report saved successfully.
2026-08-09 17:14:13 | INFO | [Hadolint] Processing backend_20260809_171232.json...
2026-08-09 17:14:13 | INFO | [Hadolint] Validating report...
2026-08-09 17:14:13 | INFO | [Hadolint] Generating metadata...
2026-08-09 17:14:13 | WARNING | Hadolint report is empty.
2026-08-09 17:14:13 | INFO | [Hadolint] Calculating statistics...
2026-08-09 17:14:13 | INFO | [Hadolint] Building normalized report...
2026-08-09 17:14:13 | INFO | [Hadolint] Saving report...
2026-08-09 17:14:13 | INFO | Writing report: hadolint_backend_20260809_171413_normalized.json
2026-08-09 17:14:13 | INFO | Report written successfully: hadolint_backend_20260809_171413_normalized.json
2026-08-09 17:14:13 | INFO | [Hadolint] Report saved successfully.
2026-08-09 17:14:13 | INFO | [Hadolint] Calculating statistics...
2026-08-09 17:14:13 | INFO | ======================================================================
2026-08-09 17:14:13 | INFO | Hadolint Scan Summary
2026-08-09 17:14:13 | INFO | ----------------------------------------------------------------------
2026-08-09 17:14:13 | INFO | Status         : PASS
2026-08-09 17:14:13 | INFO | Total          : 1
2026-08-09 17:14:13 | INFO | Critical       : 0
2026-08-09 17:14:13 | INFO | High           : 0
2026-08-09 17:14:13 | INFO | Medium         : 0
2026-08-09 17:14:13 | INFO | Low            : 0
2026-08-09 17:14:13 | INFO | Info           : 1
2026-08-09 17:14:13 | INFO | Unknown        : 0
2026-08-09 17:14:13 | INFO | Fixable        : 0
2026-08-09 17:14:13 | INFO | Exploitable    : 0
2026-08-09 17:14:13 | INFO | Compliance     : 100.0%
2026-08-09 17:14:13 | INFO | Duration       : 0.02 sec
2026-08-09 17:14:13 | INFO | ======================================================================
2026-08-09 17:14:13 | INFO | Hadolint Parser Completed
2026-08-09 17:14:13 | INFO | ======================================================================
2026-08-09 17:14:13 | INFO | [Hadolint] Parser completed successfully.
2026-08-09 17:14:13 | INFO | hadolint completed successfully.
2026-08-09 17:14:13 | INFO | Starting trivy
2026-08-09 17:14:13 | INFO | [Trivy] Preparing parser...
2026-08-09 17:14:13 | INFO | ======================================================================
2026-08-09 17:14:13 | INFO | Starting Trivy Parser
2026-08-09 17:14:13 | INFO | ======================================================================
2026-08-09 17:14:13 | INFO | [Trivy] Loading report(s)...
2026-08-09 17:14:13 | INFO | Reading report: frontend_20260809_171233.json
2026-08-09 17:14:13 | INFO | Successfully loaded frontend_20260809_171233.json
2026-08-09 17:14:13 | INFO | Reading report: backend_20260809_171233.json
2026-08-09 17:14:13 | INFO | Successfully loaded backend_20260809_171233.json
2026-08-09 17:14:13 | INFO | [Trivy] Processing frontend_20260809_171233.json...
2026-08-09 17:14:13 | INFO | [Trivy] Generating metadata...
2026-08-09 17:14:13 | INFO | Parsed 0 Trivy findings.
2026-08-09 17:14:13 | INFO | [Trivy] Calculating statistics...
2026-08-09 17:14:13 | INFO | [Trivy] Building normalized report...
2026-08-09 17:14:13 | INFO | [Trivy] Saving report...
2026-08-09 17:14:13 | INFO | Writing report: trivy_frontend_20260809_171413_normalized.json
2026-08-09 17:14:13 | INFO | Report written successfully: trivy_frontend_20260809_171413_normalized.json
2026-08-09 17:14:13 | INFO | [Trivy] Report saved successfully.
2026-08-09 17:14:13 | INFO | [Trivy] Processing backend_20260809_171233.json...
2026-08-09 17:14:13 | INFO | [Trivy] Generating metadata...
2026-08-09 17:14:13 | INFO | Loaded 2 rules for trivy.
2026-08-09 17:14:13 | INFO | Parsed 65 Trivy findings.
2026-08-09 17:14:13 | INFO | [Trivy] Calculating statistics...
2026-08-09 17:14:13 | INFO | [Trivy] Building normalized report...
2026-08-09 17:14:13 | INFO | [Trivy] Saving report...
2026-08-09 17:14:13 | INFO | Writing report: trivy_backend_20260809_171413_normalized.json
2026-08-09 17:14:13 | INFO | Report written successfully: trivy_backend_20260809_171413_normalized.json
2026-08-09 17:14:13 | INFO | [Trivy] Report saved successfully.
2026-08-09 17:14:13 | INFO | [Trivy] Calculating statistics...
2026-08-09 17:14:13 | INFO | ======================================================================
2026-08-09 17:14:13 | INFO | Trivy Scan Summary
2026-08-09 17:14:13 | INFO | ----------------------------------------------------------------------
2026-08-09 17:14:13 | INFO | Status         : FAIL
2026-08-09 17:14:13 | INFO | Total          : 65
2026-08-09 17:14:13 | INFO | Critical       : 1
2026-08-09 17:14:13 | INFO | High           : 26
2026-08-09 17:14:13 | INFO | Medium         : 16
2026-08-09 17:14:13 | INFO | Low            : 22
2026-08-09 17:14:13 | INFO | Info           : 0
2026-08-09 17:14:13 | INFO | Unknown        : 0
2026-08-09 17:14:13 | INFO | Fixable        : 65
2026-08-09 17:14:13 | INFO | Exploitable    : 36
2026-08-09 17:14:13 | INFO | Compliance     : 33.85%
2026-08-09 17:14:13 | INFO | Duration       : 0.04 sec
2026-08-09 17:14:13 | INFO | ======================================================================
2026-08-09 17:14:13 | INFO | Trivy Parser Completed
2026-08-09 17:14:13 | INFO | ======================================================================
2026-08-09 17:14:13 | INFO | [Trivy] Parser completed successfully.
2026-08-09 17:14:13 | INFO | trivy completed successfully.
2026-08-09 17:14:13 | INFO | Starting zap
2026-08-09 17:14:13 | INFO | ======================================================================
2026-08-09 17:14:13 | INFO | Starting zap Parser
2026-08-09 17:14:13 | INFO | ======================================================================
2026-08-09 17:14:13 | INFO | [zap] Loading report(s)...
2026-08-09 17:14:13 | INFO | Reading report: zap_20260809_171235.json
2026-08-09 17:14:13 | INFO | Successfully loaded zap_20260809_171235.json
2026-08-09 17:14:13 | INFO | [zap] Processing zap_20260809_171235.json...
2026-08-09 17:14:13 | INFO | [zap] Generating metadata...
2026-08-09 17:14:13 | INFO | Parsed 0 OWASP ZAP findings enriched with CWEs.
2026-08-09 17:14:13 | INFO | [zap] Calculating statistics...
2026-08-09 17:14:13 | INFO | [zap] Building normalized report...
2026-08-09 17:14:13 | INFO | [zap] Saving report...
2026-08-09 17:14:13 | INFO | Writing report: zap_20260809_171413_normalized.json
2026-08-09 17:14:13 | INFO | Report written successfully: zap_20260809_171413_normalized.json
2026-08-09 17:14:13 | INFO | [zap] Report saved successfully.
2026-08-09 17:14:13 | INFO | [zap] Calculating statistics...
2026-08-09 17:14:13 | INFO | ======================================================================
2026-08-09 17:14:13 | INFO | zap Scan Summary
2026-08-09 17:14:13 | INFO | ----------------------------------------------------------------------
2026-08-09 17:14:13 | INFO | Status         : PASS
2026-08-09 17:14:13 | INFO | Total          : 0
2026-08-09 17:14:13 | INFO | Critical       : 0
2026-08-09 17:14:13 | INFO | High           : 0
2026-08-09 17:14:13 | INFO | Medium         : 0
2026-08-09 17:14:13 | INFO | Low            : 0
2026-08-09 17:14:13 | INFO | Info           : 0
2026-08-09 17:14:13 | INFO | Unknown        : 0
2026-08-09 17:14:13 | INFO | Fixable        : 0
2026-08-09 17:14:13 | INFO | Exploitable    : 0
2026-08-09 17:14:13 | INFO | Compliance     : 100.0%
2026-08-09 17:14:13 | INFO | Duration       : 0.01 sec
2026-08-09 17:14:13 | INFO | ======================================================================
2026-08-09 17:14:13 | INFO | zap Parser Completed
2026-08-09 17:14:13 | INFO | ======================================================================
2026-08-09 17:14:13 | INFO | zap completed successfully.
2026-08-09 17:14:13 | INFO | ======================================================================
2026-08-09 17:14:13 | INFO | All parsers completed successfully.
2026-08-09 17:14:13 | INFO | ======================================================================
2026-08-09 17:14:13 | INFO | === STAGE 4: Aggregating Results ===
2026-08-09 17:14:13 | INFO | Starting master report aggregation with Risk Engine...
2026-08-09 17:14:13 | INFO | Risk Engine Computed: Total Risk Score=194, Level=CRITICAL
2026-08-09 17:14:13 | INFO | Master report saved at: compliance/master_reports/master_report.json
2026-08-09 17:14:13 | INFO | Loaded CWE compliance database with 969 entries from security/knowledge/cwe_compliance_db.json
2026-08-09 17:14:13 | INFO | Processing 4-Layer Universal Compliance Engine v2 mappings...
2026-08-09 17:14:13 | INFO | Saved 4-Layer Universal Compliance Matrix v2 with Score: 43.3% to compliance/reports/compliance/compliance_matrix.json
2026-08-09 17:14:25 | WARNING | Database Ingestion Warning: (2003, "Can't connect to MySQL server on 'sentinelops-dev-mysql.ccxs8u0gof49.us-east-1.rds.amazonaws.com' (timed out)")
2026-08-09 17:14:25 | INFO | Generated Executive HTML Report at compliance/reports/executive_reports/security_report.html
2026-08-09 17:14:25 | INFO | Generated Executive PDF Report at compliance/reports/executive_reports/security_report.pdf
2026-08-09 17:14:25 | INFO | Evaluating Security Gate policy from policy.yaml...
2026-08-09 17:14:39 | WARNING | Database Verdict Update Warning: (2003, "Can't connect to MySQL server on 'sentinelops-dev-mysql.ccxs8u0gof49.us-east-1.rds.amazonaws.com' (timed out)")
2026-08-09 17:51:07 | WARNING | Could not connect to primary DB (MYSQL): (2003, "Can't connect to MySQL server on 'unreachable-rds.amazonaws.com' ([Errno -2] Name or service not known)")
2026-08-09 17:51:07 | INFO | Attempting local SQLite database fallback check...
2026-08-09 17:59:45 | INFO | Registered parser: hadolint
2026-08-09 17:59:45 | INFO | Registered parser: trivy
2026-08-09 17:59:45 | INFO | Registered parser: gitleaks
2026-08-09 17:59:45 | INFO | Registered parser: zap
2026-08-09 17:59:45 | INFO | === STAGE 3: Running Parsers ===
2026-08-09 17:59:45 | INFO | ======================================================================
2026-08-09 17:59:45 | INFO | Running all registered parsers...
2026-08-09 17:59:45 | INFO | ======================================================================
2026-08-09 17:59:45 | INFO | Starting gitleaks
2026-08-09 17:59:45 | INFO | [Gitleaks] Preparing parser...
2026-08-09 17:59:45 | INFO | ======================================================================
2026-08-09 17:59:45 | INFO | Starting Gitleaks Parser
2026-08-09 17:59:45 | INFO | ======================================================================
2026-08-09 17:59:45 | INFO | [Gitleaks] Loading report(s)...
2026-08-09 17:59:45 | INFO | Reading report: gitleaks_20260809_171034.json
2026-08-09 17:59:45 | INFO | Successfully loaded gitleaks_20260809_171034.json
2026-08-09 17:59:45 | INFO | [Gitleaks] Processing gitleaks_20260809_171034.json...
2026-08-09 17:59:45 | INFO | [Gitleaks] Validating report...
2026-08-09 17:59:45 | INFO | [Gitleaks] Generating metadata...
2026-08-09 17:59:45 | INFO | Loaded 8 rules for gitleaks.
2026-08-09 17:59:45 | INFO | Parsed 4 Gitleaks findings enriched with CWEs.
2026-08-09 17:59:45 | INFO | [Gitleaks] Calculating statistics...
2026-08-09 17:59:45 | INFO | [Gitleaks] Building normalized report...
2026-08-09 17:59:45 | INFO | [Gitleaks] Saving report...
2026-08-09 17:59:45 | INFO | Writing report: gitleaks_20260809_175945_normalized.json
2026-08-09 17:59:45 | INFO | Report written successfully: gitleaks_20260809_175945_normalized.json
2026-08-09 17:59:45 | INFO | [Gitleaks] Report saved successfully.
2026-08-09 17:59:45 | INFO | [Gitleaks] Calculating statistics...
2026-08-09 17:59:45 | INFO | ======================================================================
2026-08-09 17:59:45 | INFO | Gitleaks Scan Summary
2026-08-09 17:59:45 | INFO | ----------------------------------------------------------------------
2026-08-09 17:59:45 | INFO | Status         : FAIL
2026-08-09 17:59:45 | INFO | Total          : 4
2026-08-09 17:59:45 | INFO | Critical       : 4
2026-08-09 17:59:45 | INFO | High           : 0
2026-08-09 17:59:45 | INFO | Medium         : 0
2026-08-09 17:59:45 | INFO | Low            : 0
2026-08-09 17:59:45 | INFO | Info           : 0
2026-08-09 17:59:45 | INFO | Unknown        : 0
2026-08-09 17:59:45 | INFO | Fixable        : 0
2026-08-09 17:59:45 | INFO | Exploitable    : 0
2026-08-09 17:59:45 | INFO | Compliance     : 0.0%
2026-08-09 17:59:45 | INFO | Duration       : 0.25 sec
2026-08-09 17:59:45 | INFO | ======================================================================
2026-08-09 17:59:45 | INFO | Gitleaks Parser Completed
2026-08-09 17:59:45 | INFO | ======================================================================
2026-08-09 17:59:45 | INFO | [Gitleaks] Parser completed successfully.
2026-08-09 17:59:45 | INFO | gitleaks completed successfully.
2026-08-09 17:59:45 | INFO | Starting hadolint
2026-08-09 17:59:45 | INFO | [Hadolint] Preparing parser...
2026-08-09 17:59:45 | INFO | ======================================================================
2026-08-09 17:59:45 | INFO | Starting Hadolint Parser
2026-08-09 17:59:45 | INFO | ======================================================================
2026-08-09 17:59:45 | INFO | [Hadolint] Loading report(s)...
2026-08-09 17:59:45 | INFO | Reading report: frontend_20260809_171232.json
2026-08-09 17:59:45 | INFO | Successfully loaded frontend_20260809_171232.json
2026-08-09 17:59:45 | INFO | Reading report: backend_20260809_171232.json
2026-08-09 17:59:45 | INFO | Successfully loaded backend_20260809_171232.json
2026-08-09 17:59:45 | INFO | [Hadolint] Processing frontend_20260809_171232.json...
2026-08-09 17:59:45 | INFO | [Hadolint] Validating report...
2026-08-09 17:59:45 | INFO | [Hadolint] Generating metadata...
2026-08-09 17:59:45 | INFO | Loaded 66 rules for hadolint.
2026-08-09 17:59:45 | INFO | Parsed 1 Hadolint findings enriched with CWEs.
2026-08-09 17:59:45 | INFO | [Hadolint] Calculating statistics...
2026-08-09 17:59:45 | INFO | [Hadolint] Building normalized report...
2026-08-09 17:59:45 | INFO | [Hadolint] Saving report...
2026-08-09 17:59:45 | INFO | Writing report: hadolint_frontend_20260809_175945_normalized.json
2026-08-09 17:59:45 | INFO | Report written successfully: hadolint_frontend_20260809_175945_normalized.json
2026-08-09 17:59:45 | INFO | [Hadolint] Report saved successfully.
2026-08-09 17:59:45 | INFO | [Hadolint] Processing backend_20260809_171232.json...
2026-08-09 17:59:45 | INFO | [Hadolint] Validating report...
2026-08-09 17:59:45 | INFO | [Hadolint] Generating metadata...
2026-08-09 17:59:45 | WARNING | Hadolint report is empty.
2026-08-09 17:59:45 | INFO | [Hadolint] Calculating statistics...
2026-08-09 17:59:45 | INFO | [Hadolint] Building normalized report...
2026-08-09 17:59:45 | INFO | [Hadolint] Saving report...
2026-08-09 17:59:45 | INFO | Writing report: hadolint_backend_20260809_175945_normalized.json
2026-08-09 17:59:45 | INFO | Report written successfully: hadolint_backend_20260809_175945_normalized.json
2026-08-09 17:59:45 | INFO | [Hadolint] Report saved successfully.
2026-08-09 17:59:45 | INFO | [Hadolint] Calculating statistics...
2026-08-09 17:59:45 | INFO | ======================================================================
2026-08-09 17:59:45 | INFO | Hadolint Scan Summary
2026-08-09 17:59:45 | INFO | ----------------------------------------------------------------------
2026-08-09 17:59:45 | INFO | Status         : PASS
2026-08-09 17:59:45 | INFO | Total          : 1
2026-08-09 17:59:45 | INFO | Critical       : 0
2026-08-09 17:59:45 | INFO | High           : 0
2026-08-09 17:59:45 | INFO | Medium         : 0
2026-08-09 17:59:45 | INFO | Low            : 0
2026-08-09 17:59:45 | INFO | Info           : 1
2026-08-09 17:59:45 | INFO | Unknown        : 0
2026-08-09 17:59:45 | INFO | Fixable        : 0
2026-08-09 17:59:45 | INFO | Exploitable    : 0
2026-08-09 17:59:45 | INFO | Compliance     : 100.0%
2026-08-09 17:59:45 | INFO | Duration       : 0.03 sec
2026-08-09 17:59:45 | INFO | ======================================================================
2026-08-09 17:59:45 | INFO | Hadolint Parser Completed
2026-08-09 17:59:45 | INFO | ======================================================================
2026-08-09 17:59:45 | INFO | [Hadolint] Parser completed successfully.
2026-08-09 17:59:45 | INFO | hadolint completed successfully.
2026-08-09 17:59:45 | INFO | Starting trivy
2026-08-09 17:59:45 | INFO | [Trivy] Preparing parser...
2026-08-09 17:59:45 | INFO | ======================================================================
2026-08-09 17:59:45 | INFO | Starting Trivy Parser
2026-08-09 17:59:45 | INFO | ======================================================================
2026-08-09 17:59:45 | INFO | [Trivy] Loading report(s)...
2026-08-09 17:59:45 | INFO | Reading report: frontend_20260809_171233.json
2026-08-09 17:59:45 | INFO | Successfully loaded frontend_20260809_171233.json
2026-08-09 17:59:45 | INFO | Reading report: backend_20260809_171233.json
2026-08-09 17:59:45 | INFO | Successfully loaded backend_20260809_171233.json
2026-08-09 17:59:45 | INFO | [Trivy] Processing frontend_20260809_171233.json...
2026-08-09 17:59:45 | INFO | [Trivy] Generating metadata...
2026-08-09 17:59:45 | INFO | Parsed 0 Trivy findings.
2026-08-09 17:59:45 | INFO | [Trivy] Calculating statistics...
2026-08-09 17:59:45 | INFO | [Trivy] Building normalized report...
2026-08-09 17:59:45 | INFO | [Trivy] Saving report...
2026-08-09 17:59:45 | INFO | Writing report: trivy_frontend_20260809_175945_normalized.json
2026-08-09 17:59:45 | INFO | Report written successfully: trivy_frontend_20260809_175945_normalized.json
2026-08-09 17:59:45 | INFO | [Trivy] Report saved successfully.
2026-08-09 17:59:45 | INFO | [Trivy] Processing backend_20260809_171233.json...
2026-08-09 17:59:45 | INFO | [Trivy] Generating metadata...
2026-08-09 17:59:45 | INFO | Loaded 2 rules for trivy.
2026-08-09 17:59:45 | INFO | Parsed 65 Trivy findings.
2026-08-09 17:59:45 | INFO | [Trivy] Calculating statistics...
2026-08-09 17:59:45 | INFO | [Trivy] Building normalized report...
2026-08-09 17:59:45 | INFO | [Trivy] Saving report...
2026-08-09 17:59:45 | INFO | Writing report: trivy_backend_20260809_175945_normalized.json
2026-08-09 17:59:45 | INFO | Report written successfully: trivy_backend_20260809_175945_normalized.json
2026-08-09 17:59:45 | INFO | [Trivy] Report saved successfully.
2026-08-09 17:59:45 | INFO | [Trivy] Calculating statistics...
2026-08-09 17:59:45 | INFO | ======================================================================
2026-08-09 17:59:45 | INFO | Trivy Scan Summary
2026-08-09 17:59:45 | INFO | ----------------------------------------------------------------------
2026-08-09 17:59:45 | INFO | Status         : FAIL
2026-08-09 17:59:45 | INFO | Total          : 65
2026-08-09 17:59:45 | INFO | Critical       : 1
2026-08-09 17:59:45 | INFO | High           : 26
2026-08-09 17:59:45 | INFO | Medium         : 16
2026-08-09 17:59:45 | INFO | Low            : 22
2026-08-09 17:59:45 | INFO | Info           : 0
2026-08-09 17:59:45 | INFO | Unknown        : 0
2026-08-09 17:59:45 | INFO | Fixable        : 65
2026-08-09 17:59:45 | INFO | Exploitable    : 36
2026-08-09 17:59:45 | INFO | Compliance     : 33.85%
2026-08-09 17:59:45 | INFO | Duration       : 0.05 sec
2026-08-09 17:59:45 | INFO | ======================================================================
2026-08-09 17:59:45 | INFO | Trivy Parser Completed
2026-08-09 17:59:45 | INFO | ======================================================================
2026-08-09 17:59:45 | INFO | [Trivy] Parser completed successfully.
2026-08-09 17:59:45 | INFO | trivy completed successfully.
2026-08-09 17:59:45 | INFO | Starting zap
2026-08-09 17:59:45 | INFO | ======================================================================
2026-08-09 17:59:45 | INFO | Starting zap Parser
2026-08-09 17:59:45 | INFO | ======================================================================
2026-08-09 17:59:45 | INFO | [zap] Loading report(s)...
2026-08-09 17:59:45 | INFO | Reading report: zap_20260809_171235.json
2026-08-09 17:59:45 | INFO | Successfully loaded zap_20260809_171235.json
2026-08-09 17:59:45 | INFO | [zap] Processing zap_20260809_171235.json...
2026-08-09 17:59:45 | INFO | [zap] Generating metadata...
2026-08-09 17:59:45 | INFO | Parsed 0 OWASP ZAP findings enriched with CWEs.
2026-08-09 17:59:45 | INFO | [zap] Calculating statistics...
2026-08-09 17:59:45 | INFO | [zap] Building normalized report...
2026-08-09 17:59:45 | INFO | [zap] Saving report...
2026-08-09 17:59:45 | INFO | Writing report: zap_20260809_175945_normalized.json
2026-08-09 17:59:45 | INFO | Report written successfully: zap_20260809_175945_normalized.json
2026-08-09 17:59:45 | INFO | [zap] Report saved successfully.
2026-08-09 17:59:45 | INFO | [zap] Calculating statistics...
2026-08-09 17:59:45 | INFO | ======================================================================
2026-08-09 17:59:45 | INFO | zap Scan Summary
2026-08-09 17:59:45 | INFO | ----------------------------------------------------------------------
2026-08-09 17:59:45 | INFO | Status         : PASS
2026-08-09 17:59:45 | INFO | Total          : 0
2026-08-09 17:59:45 | INFO | Critical       : 0
2026-08-09 17:59:45 | INFO | High           : 0
2026-08-09 17:59:45 | INFO | Medium         : 0
2026-08-09 17:59:45 | INFO | Low            : 0
2026-08-09 17:59:45 | INFO | Info           : 0
2026-08-09 17:59:45 | INFO | Unknown        : 0
2026-08-09 17:59:45 | INFO | Fixable        : 0
2026-08-09 17:59:45 | INFO | Exploitable    : 0
2026-08-09 17:59:45 | INFO | Compliance     : 100.0%
2026-08-09 17:59:45 | INFO | Duration       : 0.01 sec
2026-08-09 17:59:45 | INFO | ======================================================================
2026-08-09 17:59:45 | INFO | zap Parser Completed
2026-08-09 17:59:45 | INFO | ======================================================================
2026-08-09 17:59:45 | INFO | zap completed successfully.
2026-08-09 17:59:45 | INFO | ======================================================================
2026-08-09 17:59:45 | INFO | All parsers completed successfully.
2026-08-09 17:59:45 | INFO | ======================================================================
2026-08-09 17:59:45 | INFO | === STAGE 4: Aggregating Results ===
2026-08-09 17:59:45 | INFO | Starting master report aggregation with Risk Engine...
2026-08-09 17:59:46 | INFO | Risk Engine Computed: Total Risk Score=194, Level=CRITICAL
2026-08-09 17:59:46 | INFO | Master report saved at: compliance/master_reports/master_report.json
2026-08-09 17:59:46 | INFO | Loaded CWE compliance database with 969 entries from security/knowledge/cwe_compliance_db.json
2026-08-09 17:59:46 | INFO | Processing 4-Layer Universal Compliance Engine v2 mappings...
2026-08-09 17:59:46 | INFO | Saved 4-Layer Universal Compliance Matrix v2 with Score: 43.3% to compliance/reports/compliance/compliance_matrix.json
2026-08-09 17:59:50 | WARNING | Database Ingestion Warning: (2003, "Can't connect to MySQL server on 'unreachable-rds.amazonaws.com' ([Errno -2] Name or service not known)")
2026-08-09 17:59:50 | INFO | Generated Executive HTML Report at compliance/reports/executive_reports/security_report.html
2026-08-09 17:59:50 | INFO | Generated Executive PDF Report at compliance/reports/executive_reports/security_report.pdf
